ID,TOPIC,GROWTH_SCORE,TITLE,DURATION,STATUS,DATE PUBLISHED,VIDIQ SCORE,VIEWS,YT LIKES,YT COMMENTS,DESC LINK COUNT,DESC WORD COUNT,ENGAGEMENT RATE,DESCRIPTION
kok7S16kC40,Other,64.2,ಜೀವನವೆಲ್ಲಾ ಸುಖವಿರಬೇಕಾದರೆ  ಇವೆರಡನ್ನು ಮರೆತುಬಿಡು ಇವೆರಡನ್ನು ನೆನಪಿನಲ್ಲಿಡು.,16:43,public,1/18/2022,65.5325932260977,3764946,46K,1K,2,18,1,BOOKS ARE  AVAILABLE IN ONLINE (AMEZON & WEBSITE) LINKS ARE  GIVEN BELOW WEBSITE  - https://www.jnanayogashrama.org AMEZON - https://amzn.eu/d/cJtQoa3
htoBPj1XEGU,Other,63.76,Earn to live. Don't live to earn. Insightful talk by Pujya Sri Siddheshwar Swamiji.,15:01,public,1/31/2021,65.7343833407074,3944637,39K,653,2,22,1,#SiddeshwarSwamiji #Kayaka #KarmaYoga #dharma  BOOKS ARE  AVAILABLE IN ONLINE (AMEZON & WEBSITE) LINKS ARE  GIVEN BELOW WEBSITE  - https://www.jnanayogashrama.org AMAZON - https://amzn.eu/d/cJtQoa3
XSljicU-x8E,Overthinking,61.35,How to stay away from the bad habit of worrying always? Empowering talk by Sri Siddheshwar Swamiji.,19:39,public,4/30/2021,65.3717709519091,3627616,38K,723,0,0,1,
HqJhZIdu5Wc,Other,56.47,"108 ಶಿವ ನಮನಾಂಜಲಿ, ಅಂತಿಮ ಸತ್ಯ (ಕನ್ನಡ ಲಿರಿಕ್ಸ್ ನೊಂದಿಗೆ)",11:43,public,2/15/2022,66.4454828120247,4649017,12K,569,0,39,0,"Namanaanjali (Antima Satya Chanting)  Written by Pujya Sri Kumar Nijaguna Swamiji, Chilakwadi  Music Direction by Sr N.S. Prasad  Singers: Smt. M.D Roopa Sri. Nitin Rajaram Shastri Kum. Bharati Kum. Bhanumati  Special thanks to Jagadguru Sri Veerasimhasana Mahasamsthana Matha, Suttur"
XALGyDkKxh8,Other,50.74,What is permanent and what is temporary in our lives? Talk by Sri Siddheshwar Swamiji,24:50,public,6/20/2021,63.7943121878904,2519613,26K,602,0,0,1,
O9ab_6wryB0,Life,46.28,Why do we often have setbacks in our life? Eye-opening talk by Sri Siddheshwar Swamiji,15:19,public,5/2/2021,62.934954123646,2065870,23K,392,0,0,1,
MmRL3OvSq_c,Other,43.38,ನಮ್ಮ ಮನಸ್ಸಿಗೆ ದುಃಖವಾದಾಗ ಏನು ಮಾಡಬೇಕು?,13:21,public,2/21/2022,62.3860715809122,1819811,18K,302,0,0,1,
Om47Eh4jwhQ,Other,41.37,ತುಳಿಯುವವರ ಮಧ್ಯೆ ಬೆಳೆಯುವುದು ಹೇಗೆ?,20:52,public,6/19/2024,61.6200264398868,1524610,17K,541,2,21,1,ಪೂಜ್ಯರ ಪ್ರವಚನದ ಪುಸ್ತಕಗಳು ಈಗ Amazon & Website ನಲ್ಲಿ ಲಭ್ಯವಿರುತ್ತವೆ. ತಾವು ಕೆಳಗಡೆ ಕೊಟ್ಟಿರುವ ಲಿಂಕ್ ಮುಖಾಂತರ ಖರೀದಿಸಬಹದು? Amazon : https://amzn.in/d/98q8EXK Website : https://www.jnanayogashrama.org/books_kannada.php
VRlBjMq-TOs,Other,41.32,ಸಾಧನೆ ಮಾಡುವವರಿಗೆ ನಾಲ್ಕು ಸಂದೇಶಗಳು,40:19,public,11/24/2021,61.6397565827355,1531576,17K,491,0,0,1,
Zyv3vHYaM4s,Other,40.44,ನಮ್ಮ ಕೈಯಲ್ಲಿ ಏನು ಆಗುವುದಿಲ್ಲ ಅನ್ನುವವರಿಗೆ ಒಂದು ಮಾತು,22:48,public,10/14/2023,61.4629137296076,1470258,16K,386,4,5,1,#https://instagram.com/jnanayogashrama?igshid=ZDdkNTZiNTM= #https://www.facebook.com/jnanayogashrama?mibextid=ZbWKwL # https://amzn.eu/d/j5QXHyw #https://www.jnanayogashrama.org/mdsmall/mdsm_index.php
WkYeXIcZ2mk,Other,40.42,ಮಲಿನವಾದ ಮನಸ್ಸನ್ನು ಸ್ವಚ್ಚ ಮಾಡುವುದು ಹೇಗೆ?,21:45,public,6/14/2023,61.4503964459518,1466012,15K,462,4,19,1,How to clean a dirty mind? #Jnanayogashramavijayapur #https://instagram.com/jnanayogashrama?igshid=ZDdkNTZiNTM= #https://www.facebook.com/jnanayogashrama?mibextid=ZbWKwL #Kathamrutha (Tales told by Siddheshwar Swamiji in Kannada) https://amzn.eu/d/j5QXHyw #https://www.jnanayogashrama.org/mdsmall/mdsm_index.php
YReN9d7nK1Y,Other,39.82,ವಧು ಮತ್ತು ವರ ಎಂದರೆ ಹೇಗಿರಬೇಕು?,00:57,public,1/13/2023,47.0118857694678,52159,3.2K,30,0,0,3,
nKKC9P2-sqw,Other,39.54,ನಮ್ಮ ಮಾತುಗಳು ಹೇಗಿರಬೇಕು.,00:46,public,9/9/2022,46.59195053925,47336,2.6K,15,0,0,3,
k_S_wowty3c,Other,39.24,ಯಾವುದನ್ನು ಮೊದಲು ತಿಳಿದುಕೊಳ್ಳಬೇಕು?,01:00,public,1/15/2023,45.9505415508074,40816,2.1K,22,0,0,3,
FCJrprCQS9s,Other,38.81,ಮಾತು ಏಕೆ ಬಹಳ ಮಹತ್ವದ್ದು?,00:50,public,5/30/2023,44.9563251770971,32439,1.8K,10,0,0,3,
ywj_kSLh5Nw,Other,38.66,ನಮ್ಮ ಹತ್ತಿರ ಏನಿದ್ದರೆ ನಮ್ಮ ಜೀವನ ಸಾರ್ಥಕವಾಗುತ್ತದೆ?,00:57,public,1/12/2023,44.4979284621894,29179,1.7K,17,0,0,3,
ucSu1H1E9Is,Other,38.51,ಇದೇ ಭಾರತ ದೇಶದ ಸಂಪತ್ತು!,00:42,public,8/1/2022,44.2065094146799,27279,1.5K,10,0,0,3,
XwzJtK_oYCw,Other,37.54,ನಮಗೆ ಎಂತಹ ಸಂಘ ಬೇಕು.,00:54,public,9/13/2022,41.4187425555949,14325,1.1K,13,0,0,3,
sgowa-F-2HI,Other,37.39,ಎಲ್ಲವೂ ಹೀಗೆ ಇರುವುದು.,00:59,public,9/7/2022,41.052930933373,13164,1K,5,0,0,3,
zgWkIzHHsss,Other,37.2,ನಮಗೂ ಹೀಗೆ ಅನಿಸುತ್ತದೆ.,00:52,public,12/22/2022,55.2989711678985,353902,10K,45,0,0,2,
KlBPJHivoRs,Other,36.92,ಮಾಟ-ಮಂತ್ರಗಳನ್ನು ದೂರ ಮಾಡುವುದು ಹೇಗೆ?,00:45,public,9/12/2023,54.7369087857133,310802,11K,70,0,0,2,
IENeIO1Cx14,Ego,36.49,What happens if there is excess ego in us? Listen to Sri Siddheshwar Swamiji's explanation on it.,15:48,public,3/12/2021,60.2502159313219,1110983,11K,285,0,2,1,#SiddheshwarSwamiji #KannadaPravachana
Lm87UVvkz1w,Other,36.01,O' Man know how much strength is present within you - Inspiring talk by Sri Siddheshwar Swamiji,13:37,public,4/28/2021,59.9548405997235,1037692,12K,276,0,0,1,
MoVlGMF5qlw,Other,35.98,ಎಲ್ಲವೂ ಬರುವದೇ ಜೀವನದಲ್ಲಿ!,00:39,public,6/10/2023,53.9345225234045,258208,9.2K,49,0,0,2,
fkkN7U-sYP0,Other,35.55,ಏನು ಗೊತ್ತಾದರೆ ಮನುಷ್ಯ ಚಿಂತೆ ಮಾಡುವುದನ್ನು  ನಿಲ್ಲಿಸುತ್ತಾನೆ?,32:30,public,7/8/2024,59.7628901612607,992676,9.7K,403,2,21,1,ಪೂಜ್ಯರ ಪ್ರವಚನದ ಪುಸ್ತಕಗಳು ಈಗ Amazon & Website ನಲ್ಲಿ ಲಭ್ಯವಿರುತ್ತವೆ. ತಾವು ಕೆಳಗಡೆ ಕೊಟ್ಟಿರುವ ಲಿಂಕ್ ಮುಖಾಂತರ ಖರೀದಿಸಬಹದು? Amazon : https://amzn.in/d/98q8EXK Website : https://www.jnanayogashrama.org/books_kannada.php
W_V7Qls8FNw,Other,35.19,ಜೀವನದಲ್ಲಿ ದುಃಖವಾದಾಗ ಏನು ಮಾಡಬೇಕು?,11:22,public,11/22/2022,62.1797970684263,1735114,21K,472,2,18,0,BOOKS ARE  AVAILABLE IN ONLINE (AMEZON & WEBSITE) LINKS ARE  GIVEN BELOW WEBSITE  - https://www.jnanayogashrama.org AMAZON - https://amzn.eu/d/cJtQoa3
9bul9_jOm8s,Mind,34.91,The Story of a Strange mind - Narrated by Sri Siddheshwar Swamiji,14:42,public,1/24/2021,59.6456406025506,966145,9.6K,221,0,3,1,#SiddeshwarSwamiji #KannadaPravachana #Dharma
dAqh7rRyNQ4,Peace,34.62,The secret to lead a peaceful and joyous married life -- By Sri Siddheshwar Swamiji,09:37,public,1/27/2021,59.4362169047939,920509,10K,237,0,2,1,#SiddeshwarSwamiji #Kannadapravachana
Ull63ymJAEs,Other,34.54,ಪ್ರತಿಯೊಂದು  ಕೆಲಸ ಮಾಡುವಾಗ 3 ನಿಯಮಗಳನ್ನು ಪಾಲಿಸಬೇಕು.,17:51,public,2/2/2022,59.4382805200777,920948,10K,200,0,0,1,
ey7tvgH1V8Y,Other,34.21,ಸಾಧನೆ ಮಾಡಲು ಹೊರಟಾಗ ನಮ್ಮ ಪರಿಶ್ರಮ ಹೇಗಿರಬೇಕು?,16:04,public,1/29/2024,58.6897117312351,774678,15K,291,4,5,1,#https://amzn.eu/d/j5QXHyw #https://www.jnanayogashrama.org/mdsmall/mdsm_index.php #https://instagram.com/jnanayogashrama?igshid=ZDdkNTZiNTM= #https://www.facebook.com/jnanayogashrama?mibextid=ZbWKwL ​
-kXKquBvwwU,Other,33.92,ಸಂತೋಷ ಯಾರ ಕೈಯಲ್ಲಿದೆ?,00:55,public,8/26/2023,51.6807322278803,153397,5.2K,35,4,5,2,#https://instagram.com/jnanayogashrama?igshid=ZDdkNTZiNTM= #https://www.facebook.com/jnanayogashrama?mibextid=ZbWKwL # https://amzn.eu/d/j5QXHyw #https://www.jnanayogashrama.org/mdsmall/mdsm_index.php
9tAR3TnxyYY,Other,33.91,ನಾವು ಹಣಕ್ಕಿಂತ ಹೆಚ್ಚು ಏನನ್ನು ಪ್ರೀತಿಸಬೇಕು?,13:31,public,9/3/2022,62.0445620260664,1681737,17K,356,2,18,0,BOOKS ARE  AVAILABLE IN ONLINE (AMEZON & WEBSITE) LINKS ARE  GIVEN BELOW WEBSITE  - https://www.jnanayogashrama.org AMEZON - https://amzn.eu/d/cJtQoa3
Jqy2TVWEy4o,Other,33.43,This is what happens when one feels jealous - By Sri Siddheshwar Swamiji,17:45,public,6/10/2021,58.9440350525588,821563,8.6K,186,0,0,1,
yw4hDXu1fw4,Other,33.34,ಮನಸ್ಸಿನ ದೌರ್ಬಲ್ಯತೆ ಹೋಗಿಸುವ ೩ ಜ್ಞಾನದ ಮಾತುಗಳು,17:48,public,6/3/2023,58.8008222858109,794823,8.7K,247,0,0,1,
0f5VNXvGzVA,Other,32.75,ಕಷ್ಟಗಳು ಬಂದಾಗ ಯಾವುದು ನಮ್ಮನ್ನು  ಕಾಪಾಡುತ್ತದೆ?,00:48,public,1/17/2023,49.5844923056053,94509,4.6K,21,0,0,2,
A1lEB_ohwq8,Other,32.42,ಜೀವನದಲ್ಲಿ ಇರುವುದಾದರೂ ಏನು?,00:43,public,7/18/2023,49.2993380407917,88483,3.2K,25,5,5,2,https://youtube.com/@JnanayogashramaVijayapura https://instagram.com/jnanayogashrama?igshid=ZDdkNTZiNTM= https://www.facebook.com/jnanayogashrama?mibextid=ZbWKwL https://amzn.eu/d/j5QXHyw https://www.jnanayogashrama.org/mdsmall/mdsm_index.php
ttajo5YEqHY,Other,32.39,ಜೀವನದಲ್ಲಿ ತಣ್ಣಗಿರೋದು ಹೇಗೆ?,35:45,public,6/3/2024,61.5703240613715,1507202,14K,519,2,21,0,ಪೂಜ್ಯರ ಪ್ರವಚನದ ಪುಸ್ತಕಗಳು ಈಗ Amazon & Website ನಲ್ಲಿ ಲಭ್ಯವಿರುತ್ತವೆ. ತಾವು ಕೆಳಗಡೆ ಕೊಟ್ಟಿರುವ ಲಿಂಕ್ ಮುಖಾಂತರ ಖರೀದಿಸಬಹದು? Amazon : https://amzn.in/d/98q8EXK Website : https://www.jnanayogashrama.org/books_kannada.php
_k4MGp1jtpA,Other,32.37,ಮನುಷ್ಯ ಯಾವಾಗಲು ಬದಲಾವಣೆಯಾಗಬೇಕು?,00:51,public,8/27/2023,49.2415282715569,87309,3.2K,17,4,5,2,#https://instagram.com/jnanayogashrama?igshid=ZDdkNTZiNTM= #https://www.facebook.com/jnanayogashrama?mibextid=ZbWKwL # https://amzn.eu/d/j5QXHyw #https://www.jnanayogashrama.org/mdsmall/mdsm_index.php
MPx_sPSApFE,Mind,32.32,How to stop the wavering mind? Listen to Sri Siddheshwar Swamiji's talks on the nature of the mind.,15:47,public,1/5/2021,58.0760308597919,672268,9.5K,233,0,3,1,#Dharma #KannadaPravachana #SiddeshwarSwamiji
4qp3gFXV8h4,Other,32.25,ಗುರುಪೂರ್ಣಿಮಾ ಮಹೋತ್ಸವ (03-07-2023) ಸರ್ವರಿಗೂ ಹಾರ್ದಿಕ ಸ್ವಾಗತ.,00:29,public,6/18/2023,49.200937312487,86494,2.5K,15,0,0,2,
SFHtfuLBQLs,Happiness,31.97,How to be happy and blissful every single day? Listen to Sri Siddheshwar Swamji's advice about it.,14:28,public,12/26/2020,58.0569580645405,669312,7.3K,238,0,25,1,#Adhyatma #SiddheshwarSwamiji #KannadaPravachana #Dharma #Sharana #Vachana This video is an excerpt from the Angave Bhumiyagi series that was held in Arsikere in the year 2012.
eH3JDJyt99A,Other,31.96,ನಮ್ಮ ಉತ್ಸಾಹ ಏಕೆ ಕಡಿಮೆಯಾಗಿದೆ?,00:44,public,9/7/2023,48.2618912427575,69624,3.1K,25,0,0,2,
-ggcf3hJanM,Other,31.85,ಮುಕ್ತಿಯನ್ನು ಪಡೆಯುವುದು ಹೇಗೆ?,00:50,public,8/26/2023,48.2986598534006,70218,2.4K,19,4,5,2,#https://instagram.com/jnanayogashrama?igshid=ZDdkNTZiNTM= #https://www.facebook.com/jnanayogashrama?mibextid=ZbWKwL # https://amzn.eu/d/j5QXHyw #https://www.jnanayogashrama.org/mdsmall/mdsm_index.php
jLkE3OC91Ow,Other,31.84,Why pay heed to the talks of the town - An interesting talk by Sri Siddheshwar Swamiji,10:30,public,2/15/2021,57.9610465285763,654643,8.1K,182,0,0,1,
wGmjR0UNnQs,Other,31.76,I'm not who I think I am! Then who am I? Most enlightening talk by Sri Siddeshwar Swamiji,21:15,public,1/22/2021,58.0257746146459,664507,6.5K,215,0,4,1,#WhoAmI #SiddeshwarSwamiji #KannadaPravachana #Dharma
xJClL7n-CDk,Other,31.73,The Youth of our country should dream like this - Sri Siddheshwar Swamiji's message to young people.,05:02,public,1/8/2021,48.2583464608997,69567,1.5K,32,-,-,2,#SiddeshwarSwamiji #MotivationalTalk #KannadaPravachana
zVfqkiBahD8,Success,31.59,Who is really a rich person in the world? Listen to Sri Siddheshwar Swamiji to know.,16:22,public,7/24/2021,57.9812499177709,657706,6.6K,157,0,0,1,
JbkkGsvc4dw,Other,31.3,"Live-ಪೂಜ್ಯ ಶ್ರೀ ಸಿದ್ಧೇಶ್ವರ ಸ್ವಾಮೀಜಿಯವರ ಆಧ್ಯಾತ್ಮಿಕ ಪ್ರವಚನ (06-12-2021) ಚನ್ನಬಸವಾಶ್ರಮ, ಭಾಲ್ಕಿ.",01:04:54,public,12/6/2021,47.186232846857,54303,1.1K,58,0,9,2,"Live-ಪೂಜ್ಯ ಶ್ರೀ ಸಿದ್ಧೇಶ್ವರ ಸ್ವಾಮೀಜಿಯವರ ಆಧ್ಯಾತ್ಮಿಕ ಪ್ರವಚನ (06-12-2021) ಚನ್ನಬಸವಾಶ್ರಮ, ಭಾಲ್ಕಿ."
wupymb7OdOU,Other,31.25,ಶ್ರದ್ಧಾ ಎಂದರೇನು?,00:57,public,8/5/2023,46.835581547419,50077,2.2K,20,0,0,2,
4ctrF68-vuk,Other,31.23,ಅವರೆಲ್ಲರೂ ಭಾರತೀಯರು,00:15,public,8/13/2023,46.8850802906606,50653,2K,17,4,12,2,#https://instagram.com/jnanayogashrama?igshid=ZDdkNTZiNTM= #https://www.facebook.com/jnanayogashrama?mibextid=ZbWKwL #Kathamrutha (Tales told by Siddheshwar Swamiji in Kannada) https://amzn.eu/d/j5QXHyw #https://www.jnanayogashrama.org/mdsmall/mdsm_index.php
DAWx9mKEiu4,Life,31.11,The four forms of suffering that are experienced by us in our life - Talk by Sri Siddheshwar Swamiji,18:03,public,1/29/2021,57.6716798837952,612306,6.4K,147,0,3,1,#KannadaPravachana #SiddeshwarSwamiji #Dharma
E4ZjPTheaIk,Other,31.08,ಯುಗಾದಿಯ ವಿಶೇಷ - Sri Siddheshwar Swamiji's blessings and wishes on the occasion of Ugadi,09:14,public,4/13/2021,46.7841109745203,49485,986,39,0,0,2,
o7pfZFSjQIk,Other,31.06,ಮನುಷ್ಯನೇ ಏಕೆ ಹೋಲಿಕೆ ಮಾಡಿಕೊಳ್ಳುವೆ?,00:46,public,5/26/2023,46.5202243950844,46558,1.9K,11,0,0,2,
GZDOXgewavU,Other,31.01,ಮನುಷ್ಯ ಏಕೆ ಸಮಾಧಾನದಿಂದ ಬದುಕುತ್ತಿಲ್ಲ?,30:49,public,7/12/2026,46.6212015495896,47657,922,38,2,21,2,ಪೂಜ್ಯರ ಪ್ರವಚನದ ಪುಸ್ತಕಗಳು ಈಗ Amazon & Website ನಲ್ಲಿ ಲಭ್ಯವಿರುತ್ತವೆ. ತಾವು ಕೆಳಗಡೆ ಕೊಟ್ಟಿರುವ ಲಿಂಕ್ ಮುಖಾಂತರ ಖರೀದಿಸಬಹದು Amazon : https://amzn.in/d/98q8EXK Website : https://www.jnanayogashrama.org/books_kannada.php
ceuN4p_DDr8,Other,30.99,"Live-ಪೂಜ್ಯ ಶ್ರೀ ಸಿದ್ಧೇಶ್ವರ ಸ್ವಾಮೀಜಿಯವರ ಆಧ್ಯಾತ್ಮಿಕ ಪ್ರವಚನ (17-11-2021) ಚನ್ನಬಸವಾಶ್ರಮ, ಭಾಲ್ಕಿ.",53:16,public,11/17/2021,46.5269124276818,46630,927,45,0,9,2,"Live-ಪೂಜ್ಯ ಶ್ರೀ ಸಿದ್ಧೇಶ್ವರ ಸ್ವಾಮೀಜಿಯವರ ಆಧ್ಯಾತ್ಮಿಕ ಪ್ರವಚನ (17-11-2021) ಚನ್ನಬಸವಾಶ್ರಮ, ಭಾಲ್ಕಿ."
WBB5b1SwXmk,Other,30.72,ಮನುಷ್ಯನಿಗೆ ದೂರದೃಷ್ಟಿ ಏಕಿರಬೇಕು?,01:00,public,6/4/2023,45.6203563443461,37818,1.7K,17,0,0,2,
aRnvBzgtCBQ,Other,30.7,ಯಾವ ಮೂರು ಕೆಲಸಗಳನ್ನು ಮಾಡಿದರೆ ದುಃಖದಿಂದ ಪಾರಾಗುತ್ತೇವೆ?,14:10,public,4/3/2024,45.8808460092231,40164,775,31,4,10,2,#Siddheshwarswamiji  #Jnanayogi #kannadapravachan #motivationalvideo #SiritualTalks #https://amzn.eu/d/j5QXHyw #https://www.jnanayogashrama.org/mdsmall/mdsm_index.php #https://instagram.com/jnanayogashrama?igshid=ZDdkNTZiNTM= #https://www.facebook.com/jnanayogashrama?mibextid=ZbWKwL ​
hq33VU43U64,Other,30.69,ನಾವೆಲ್ಲರೂ ಭಾರತೀಯರು,00:53,public,1/26/2023,45.4764206806377,36581,1.8K,21,0,0,2,
HRb-2sJxcgE,Other,30.66,ಸಂತ ಸಿದ್ಧೇಶ್ವರ ಗೀತಾಂಜಲಿ | Santha Siddheshwara Geetanjali | K.C. Shivappa | N.S.Prasad,52:24,public,1/1/2024,45.6669130905956,38227,785,48,0,62,2,"""Santha Siddheshwara Geethanjali"" Audio Songs Jukebox. Sung By : Sangeetha Katti, Shivani Shivadas Swamy, Ravi Murooru, Ganesh Desai, Supriya Raghunandan, Music Composed By : N. S. Prasad, Ganesh Desai, Lyrics By : K. C. Shivappa.  BENKIYALI BELAKAADE 00:00 NAMBU NAMBELE MANAVE 18:18 BAALA HUNNIME NEENU 15:59 KANTHI SHANTHIYA BIMBA 21:44 IRULU SARIYITHU 28:41 NEENE ARIVINA KIRANA 34:55 KANDAKANDALLELLA 40:43 NONDEDEGE SAANTHVANADA 46:47"
H98kBobY1Bs,Other,30.66,ನಾವು ಮಾಡುವ ಅತಿ ದೊಡ್ಡ ಪಾಪ ಎಂದರೆ ಯಾವುದು?,11:10,public,6/12/2024,45.668837413497,38244,818,43,4,9,2,#Siddheshwarswamiji  #Jnanayogi #kannadapravachan #motivationalvideo #SiritualTalks #https://amzn.eu/d/j5QXHyw #https://www.jnanayogashrama.org/mdsmall/mdsm_index.php #https://instagram.com/jnanayogashrama?igshid=ZDdkNTZiNTM= #https://www.facebook.com/jnanayogashrama?mibextid=ZbWKwL
DI7muUssHKg,Other,30.58,ಯಾವ ಯೋಗ ಮಾಡಿದರೆ ನಮಗೆ ಆತ್ಮಜ್ಞಾನ ಆಗುತ್ತದೆ?,24:18,public,3/23/2026,45.4167351544282,36080,762,53,2,21,2,ಪೂಜ್ಯರ ಪ್ರವಚನದ ಪುಸ್ತಕಗಳು ಈಗ Amazon & Website ನಲ್ಲಿ ಲಭ್ಯವಿರುತ್ತವೆ. ತಾವು ಕೆಳಗಡೆ ಕೊಟ್ಟಿರುವ ಲಿಂಕ್ ಮುಖಾಂತರ ಖರೀದಿಸಬಹದು Amazon : https://amzn.in/d/98q8EXK Website : https://www.jnanayogashrama.org/books_kannada.php
Qj4DZvXMOqI,Other,30.56,What is Dharma and what is Adharma? Very deep talk by Sri Siddheshwar Swamiji,09:03,public,5/8/2021,45.5176341216899,36931,719,32,0,0,2,
fRPgjHoXhGc,Other,30.54,ನಾವು ಬದುಕುವುದನ್ನು ಯಾರಿಂದ ಕಲಿಯಬೇಕು ?     #jnanayogashrama,00:58,public,10/6/2022,59.3331866359813,898855,40K,180,0,0,0,
S-5HUgWzuXw,Other,30.52,ಮನುಷ್ಯ ಯಾವುದನ್ನು ಸಮಾನವಾಗಿ ನೋಡಿದರೆ ಆತ ಸುಖವಾಗಿರಬಲ್ಲ?,19:54,public,8/17/2024,45.3759982333942,35742,704,35,4,9,2,#Siddheshwarswamiji  #Jnanayogi #kannadapravachan #motivationalvideo #SiritualTalks #https://amzn.eu/d/j5QXHyw #https://www.jnanayogashrama.org/mdsmall/mdsm_index.php #https://instagram.com/jnanayogashrama?igshid=ZDdkNTZiNTM= #https://www.facebook.com/jnanayogashrama?mibextid=ZbWKwL
asxkJVKCjGs,Other,30.48,ನಮ್ಮಲ್ಲಿರುವ ಖಿನ್ನತೆಯನ್ನು ಹೋಗಲಾಡಿಸುವುದು ಹೇಗೆ?,19:39,public,3/18/2026,45.2414533712027,34648,691,40,2,21,2,ಪೂಜ್ಯರ ಪ್ರವಚನದ ಪುಸ್ತಕಗಳು ಈಗ Amazon & Website ನಲ್ಲಿ ಲಭ್ಯವಿರುತ್ತವೆ. ತಾವು ಕೆಳಗಡೆ ಕೊಟ್ಟಿರುವ ಲಿಂಕ್ ಮುಖಾಂತರ ಖರೀದಿಸಬಹದು Amazon : https://amzn.in/d/98q8EXK Website : https://www.jnanayogashrama.org/books_kannada.php
njwKAWbMVJc,Other,30.46,Live-ನಿಪ್ಪಾಣಿಯಲ್ಲಿ ಪೂಜ್ಯ ಶ್ರೀ ಸಿದ್ಧೇಶ್ವರ ಸ್ವಾಮೀಜಿಯವರ ಆಧ್ಯಾತ್ಮಿಕ ಪ್ರವಚನದ ಉದ್ಘಾಟನಾ ಸಮಾರಂಭ (06-03-20…,54:23,public,3/6/2022,45.0600750011103,33226,797,54,0,10,2,Live-ನಿಪ್ಪಾಣಿಯಲ್ಲಿ ಪೂಜ್ಯ ಶ್ರೀ ಸಿದ್ಧೇಶ್ವರ ಸ್ವಾಮೀಜಿಯವರ ಆಧ್ಯಾತ್ಮಿಕ ಪ್ರವಚನದ ಉದ್ಘಾಟನಾ ಸಮಾರಂಭ (06-03-2022)
CG6vb8pH-Zc,Other,30.45,LIVE - ಶ್ರೀ  ಸಿದ್ಧೇಶ್ವರ ಮಹಾಸ್ವಾಮಿಗಳವರ ಗುರುನಮನ ಮಹೋತ್ಸವದ ನಿಮಿತ್ಯವಾಗಿ ದೀಪನಮನ ಹಾಗೂ ಗ್ರಂಥಗಳ ಬಿಡುಗಡೆ,03:47:14,public,1/1/2024,45.2029332910921,34341,682,34,0,5,2,01-01-2024  ಸ್ಥಳ : ಜ್ಞಾನಯೋಗಾಶ್ರಮ ವಿಜಯಪುರ.
IwJPjEs_Mho,Other,30.44,Live-ಪೂಜ್ಯ ಶ್ರೀ ಸಿದ್ಧೇಶ್ವರ ಸ್ವಾಮೀಜಿಯವರ ಆಧ್ಯಾತ್ಮಿಕ ಪ್ರವಚನ(11-03--2022)  ನಿಪ್ಪಾಣಿ.,50:27,public,3/11/2022,45.0345990805071,33031,695,57,0,8,2,Live-ಪೂಜ್ಯ ಶ್ರೀ ಸಿದ್ಧೇಶ್ವರ ಸ್ವಾಮೀಜಿಯವರ ಆಧ್ಯಾತ್ಮಿಕ ಪ್ರವಚನ (11-03--2022)  ನಿಪ್ಪಾಣಿ.
NPj35VmQ0IU,Other,30.44,ನಮ್ಮ ಹತ್ತಿರ ಏನಿದ್ದರೆ ಮಾತ್ರ ಬದುಕು ಸುಂದರವಾಗುತ್ತದೆ?,16:44,public,9/7/2022,61.1772541610663,1376352,12K,250,0,0,0,
oETfsuPFxwU,Life,30.43,How do the Jnanis live their life? Explained authoritatively by Sri Siddheshwar Swamiji.,17:04,public,10/18/2021,57.1773836899612,546222,5.9K,156,0,0,1,
WyuICZpKQ5M,Other,30.42,Live-ನಿಪ್ಪಾಣಿಯಲ್ಲಿ ಪೂಜ್ಯ ಶ್ರೀ ಸಿದ್ಧೇಶ್ವರ ಸ್ವಾಮೀಜಿಯವರ ಆಧ್ಯಾತ್ಮಿಕ ಪ್ರವಚನ(31-03-2022),52:00,public,3/31/2022,45.0724322333211,33321,637,47,0,7,2,Live-ನಿಪ್ಪಾಣಿಯಲ್ಲಿ ಪೂಜ್ಯ ಶ್ರೀ ಸಿದ್ಧೇಶ್ವರ ಸ್ವಾಮೀಜಿಯವರ ಆಧ್ಯಾತ್ಮಿಕ ಪ್ರವಚನ(31-03-2022)
W2ZiW4OfTnE,Other,30.39,ಈ ಜಗತ್ತನ್ನು ನಮ್ಮ ಮನಸ್ಸಿನಿಂದ  ಹೇಗೆ ನೋಡಬೇಕು?,18:53,public,5/25/2024,45.0647618943735,33262,672,31,4,10,2,#Siddheshwarswamiji  #Jnanayogi #kannadapravachan #motivationalvideo #SiritualTalks #https://amzn.eu/d/j5QXHyw #https://www.jnanayogashrama.org/mdsmall/mdsm_index.php #https://instagram.com/jnanayogashrama?igshid=ZDdkNTZiNTM= #https://www.facebook.com/jnanayogashrama?mibextid=ZbWKwL ​
KvtSJjNkM_A,Other,30.35,ಪೂಜ್ಯ ಶ್ರೀ ಸಿದ್ಧೇಶ್ವರ ಸ್ವಾಮೀಜಿಯವರ ಆಧ್ಯಾತ್ಮಿಕ  ಪ್ರವಚನ ಕಾಖಂಡಕಿ (05-11-2022),43:50,public,11/7/2022,56.9221848777697,514946,6.2K,240,0,5,1,"ಸ್ಥಳ :- ಶ್ರೀ ಗುರುದೇವಾಶ್ರಮ, ಕಾಖಂಡಕಿ."
PpJQ-4MqCOc,Other,30.34,Live-ಪೂಜ್ಯ ಶ್ರೀ ಸಿದ್ಧೇಶ್ವರ ಸ್ವಾಮೀಜಿಯವರ ಆಧ್ಯಾತ್ಮಿಕ ಪ್ರವಚನ(19-3-2022),55:07,public,3/19/2022,44.8361943338767,31551,599,49,0,6,2,Live-ಪೂಜ್ಯ ಶ್ರೀ ಸಿದ್ಧೇಶ್ವರ ಸ್ವಾಮೀಜಿಯವರ ಆಧ್ಯಾತ್ಮಿಕ ಪ್ರವಚನ(19-3-2022)
e5b_i-tKLmw,Other,30.34,ನಾವೆಲ್ಲರು ಹೇಗೆ ಬದುಕಬೇಕಾಗಿದೆ?,20:40,public,5/23/2022,57.1592162473186,543934,5.6K,144,0,0,1,
xsLtV64w8_o,Other,30.33,"#ಪೂಜ್ಯ ಶ್ರೀ ಸಿದ್ಧೇಶ್ವರ ಸ್ವಾಮೀಜಿಯವರ ಆಧ್ಯಾತ್ಮಿಕ ಪ್ರವಚನ (29-11-2021) ಚನ್ನಬಸವಾಶ್ರಮ, ಭಾಲ್ಕಿ.",48:00,public,11/29/2021,44.8932933710037,31970,650,31,0,9,2,"#ಪೂಜ್ಯ ಶ್ರೀ ಸಿದ್ಧೇಶ್ವರ ಸ್ವಾಮೀಜಿಯವರ ಆಧ್ಯಾತ್ಮಿಕ ಪ್ರವಚನ (29-11-2021) ಚನ್ನಬಸವಾಶ್ರಮ, ಭಾಲ್ಕಿ."
hO6wLS9N6B4,Other,30.29,ನಮ್ಮ ಶರೀರದಲ್ಲಿರುವ ಇಂದ್ರೀಯಗಳೆಂಬ ದನಗಳನ್ನು ಹೇಗೆ ಕಾಯಬೇಕು?,20:48,public,2/17/2025,44.7998271294742,31287,638,30,4,9,2,#siddheshwarswamiji   #Jnanayogi #kannadapravachan #motivationalvideo #SiritualTalks #https://amzn.eu/d/j5QXHyw #https://www.jnanayogashrama.org/mdsmall/mdsm_index.php #https://instagram.com/jnanayogashrama?igshid=ZDdkNTZiNTM= #https://www.facebook.com/jnanayogashrama?mibextid=ZbWKwL
ZyDlFjBXnF0,Other,30.28,Live-ನಿಪ್ಪಾಣಿಯಲ್ಲಿ ಪೂಜ್ಯ ಶ್ರೀ ಸಿದ್ಧೇಶ್ವರ ಸ್ವಾಮೀಜಿಯವರ ಆಧ್ಯಾತ್ಮಿಕ ಪ್ರವಚನ(29-03-2022),01:02:11,public,3/29/2022,44.7326307456061,30805,600,39,0,5,2,"Place : Samadhi Math, Nipani"
nyIMebw_mLs,Other,30.28,Sri Siddheshwar Swamiji eloquently narrates the conversation between Yajnavalkya and Maitreyi.,14:19,public,1/6/2021,44.7560307804454,30972,595,32,0,19,2,#Yajnavalkya #SiddeshwarSwamiji #Dharma #KannadaPravachana This Pravachan is an excerpt from the series of Pravachans held at Karatagi in 2014.
Xp0TwbzwMwI,Other,30.24,LIVE - ಪೂಜ್ಯ ಶ್ರೀ ಸಿದ್ಧೇಶ್ವರ ಸ್ವಾಮೀಜಿಯವರ ಆಧ್ಯಾತ್ಮಿಕ  ಪ್ರವಚನ (08-10-2022),54:10,public,10/8/2022,44.5539295276712,29559,636,43,0,4,2,ಸ್ಥಳ :-  ಜ್ಞಾನಯೋಗಾಶ್ರಮ ವಿಜಯಪುರ.
Z1LT-elULE0,Other,30.19,"#ಪೂಜ್ಯ ಶ್ರೀ ಸಿದ್ಧೇಶ್ವರ ಸ್ವಾಮೀಜಿಯವರ ಆಧ್ಯಾತ್ಮಿಕ ಪ್ರವಚನ (23-11-2021) ಚನ್ನಬಸವಾಶ್ರಮ, ಭಾಲ್ಕಿ",54:23,public,11/23/2021,44.5389686654612,29457,625,26,0,9,2,"#ಪೂಜ್ಯ ಶ್ರೀ ಸಿದ್ಧೇಶ್ವರ ಸ್ವಾಮೀಜಿಯವರ ಆಧ್ಯಾತ್ಮಿಕ ಪ್ರವಚನ (23-11-2021) ಚನ್ನಬಸವಾಶ್ರಮ, ಭಾಲ್ಕಿ"
EXGYMBs6QBg,Other,30.18,Live-Sri Siddheshwar Swamiji's English Pravachan (12-06-2022),40:43,public,6/12/2022,44.4149642182771,28625,556,44,0,4,2,Place : Jnanayogashrama Vijayapur
XgZ7qerhHdw,Other,30.17,ಮನಸ್ಸನ್ನು ಹೇಗೆ ಬಳಸಿದರೆ ನಾವು ಜೀವನದಲ್ಲಿ ಜಯಶಾಲಿ ಆಗುತ್ತೇವೆ?,25:06,public,8/26/2025,44.4642756662852,28953,558,33,2,21,2,ಪೂಜ್ಯರ ಪ್ರವಚನದ ಪುಸ್ತಕಗಳು ಈಗ Amazon & Website ನಲ್ಲಿ ಲಭ್ಯವಿರುತ್ತವೆ. ತಾವು ಕೆಳಗಡೆ ಕೊಟ್ಟಿರುವ ಲಿಂಕ್ ಮುಖಾಂತರ ಖರೀದಿಸಬಹದು Amazon : https://amzn.in/d/98q8EXK Website : https://www.jnanayogashrama.org/books_kannada.php
RMwR1KxRyBA,Other,30.16,Live-ಪೂಜ್ಯ ಶ್ರೀ ಸಿದ್ಧೇಶ್ವರ ಸ್ವಾಮೀಜಿಯವರ ಆಧ್ಯಾತ್ಮಿಕ ಪ್ರವಚನ(25-03--2022)  ನಿಪ್ಪಾಣಿ.,56:46,public,3/25/2022,44.336849383921,28113,615,42,0,7,2,Live-ಪೂಜ್ಯ ಶ್ರೀ ಸಿದ್ಧೇಶ್ವರ ಸ್ವಾಮೀಜಿಯವರ ಆಧ್ಯಾತ್ಮಿಕ ಪ್ರವಚನ(25-03--2022)  ನಿಪ್ಪಾಣಿ.
IbIZ-GTLlVc,Other,30.16,ಏನು ಮಾಡಿದರೆ ಮನಸ್ಸು ಸಮಾಧಾನವಾಗಿ ಸಮಸ್ಯೆಗಳು ದೂರವಾಗುತ್ತವೆ?,18:31,public,7/5/2026,44.4818792354472,29071,574,22,2,21,2,ಪೂಜ್ಯರ ಪ್ರವಚನದ ಪುಸ್ತಕಗಳು ಈಗ Amazon & Website ನಲ್ಲಿ ಲಭ್ಯವಿರುತ್ತವೆ. ತಾವು ಕೆಳಗಡೆ ಕೊಟ್ಟಿರುವ ಲಿಂಕ್ ಮುಖಾಂತರ ಖರೀದಿಸಬಹದು Amazon : https://amzn.in/d/98q8EXK Website : https://www.jnanayogashrama.org/books_kannada.php
bDgXBZyw_Yg,Other,30.14,ನಾವು ಎಲ್ಲಿ ನೋಡಿದರೆ ಮಾತ್ರ ನಮಗೆ ದೇವರು ಕಾಣುತ್ತಾನೆ?,21:37,public,3/20/2025,44.3494551675022,28195,603,34,4,9,2,#siddheshwarswamiji   #Jnanayogi #kannadapravachan #motivationalvideo #SiritualTalks #https://amzn.eu/d/j5QXHyw #https://www.jnanayogashrama.org/mdsmall/mdsm_index.php #https://instagram.com/jnanayogashrama?igshid=ZDdkNTZiNTM= #https://www.facebook.com/jnanayogashrama?mibextid=ZbWKwL
Ax7MA8njffw,Other,30.1,ನಾವೆಲ್ಲರೂ ಈ ಜಗತ್ತಿನಲ್ಲಿ ಹೇಗೆ ಬದುಕಬೇಕು?,17:01,public,3/18/2024,44.2975675584529,27859,564,28,4,10,2,#Siddheshwarswamiji  #Jnanayogi #kannadapravachan #motivationalvideo #SiritualTalks #https://amzn.eu/d/j5QXHyw #https://www.jnanayogashrama.org/mdsmall/mdsm_index.php #https://instagram.com/jnanayogashrama?igshid=ZDdkNTZiNTM= #https://www.facebook.com/jnanayogashrama?mibextid=ZbWKwL ​
j0-FLs55ziE,Other,30.07,ನಾವು ಜಗತ್ತನ್ನು ಹೇಗೆ ನೋಡಿದರೆ ಆನಂದವನ್ನು ಅನುಭವಿಸಬಹುದು?,18:15,public,1/27/2025,44.192683939625,27192,537,31,4,9,2,#siddheshwarswamiji   #Jnanayogi #kannadapravachan #motivationalvideo #SiritualTalks #https://amzn.eu/d/j5QXHyw #https://www.jnanayogashrama.org/mdsmall/mdsm_index.php #https://instagram.com/jnanayogashrama?igshid=ZDdkNTZiNTM= #https://www.facebook.com/jnanayogashrama?mibextid=ZbWKwL
Oo3d9BhjEsA,Other,30.04,ಇರುವುದನ್ನೇ ಬಳಸಿಕೊಂಡು ಆನಂದವಾಗಿರುವುದು ಹೇಗೆ?,26:11,public,7/14/2026,44.0936719277288,26577,536,33,2,21,2,ಪೂಜ್ಯರ ಪ್ರವಚನದ ಪುಸ್ತಕಗಳು ಈಗ Amazon & Website ನಲ್ಲಿ ಲಭ್ಯವಿರುತ್ತವೆ. ತಾವು ಕೆಳಗಡೆ ಕೊಟ್ಟಿರುವ ಲಿಂಕ್ ಮುಖಾಂತರ ಖರೀದಿಸಬಹದು Amazon : https://amzn.in/d/98q8EXK Website : https://www.jnanayogashrama.org/books_kannada.php
djvyj0jsDUM,Other,30.03,"Live-ಪೂಜ್ಯ ಶ್ರೀ ಸಿದ್ಧೇಶ್ವರ ಸ್ವಾಮೀಜಿಯವರ ಆಧ್ಯಾತ್ಮಿಕ ಪ್ರವಚನ (05-12-2021) ಚನ್ನಬಸವಾಶ್ರಮ, ಭಾಲ್ಕಿ.",50:36,public,12/5/2021,44.1055437376017,26650,543,26,0,9,2,"Live-ಪೂಜ್ಯ ಶ್ರೀ ಸಿದ್ಧೇಶ್ವರ ಸ್ವಾಮೀಜಿಯವರ ಆಧ್ಯಾತ್ಮಿಕ ಪ್ರವಚನ (05-12-2021) ಚನ್ನಬಸವಾಶ್ರಮ, ಭಾಲ್ಕಿ."
M67V8xNZKQs,Other,30.03,Live-ಪೂಜ್ಯ ಶ್ರೀ ಸಿದ್ಧೇಶ್ವರ ಸ್ವಾಮೀಜಿಯವರ ಆಧ್ಯಾತ್ಮಿಕ ಪ್ರವಚನ(21-03--2022)  ನಿಪ್ಪಾಣಿ.,55:22,public,3/21/2022,43.910723355269,25477,564,55,0,7,2,Live-ಪೂಜ್ಯ ಶ್ರೀ ಸಿದ್ಧೇಶ್ವರ ಸ್ವಾಮೀಜಿಯವರ ಆಧ್ಯಾತ್ಮಿಕ ಪ್ರವಚನ(21-03--2022)  ನಿಪ್ಪಾಣಿ.
FzYfXiDixsU,Other,30.03,Live-ಪೂಜ್ಯ ಶ್ರೀ ಸಿದ್ಧೇಶ್ವರ ಸ್ವಾಮೀಜಿಯವರ ಆಧ್ಯಾತ್ಮಿಕ ಪ್ರವಚನ(13-03--2022)  ನಿಪ್ಪಾಣಿ.,50:55,public,3/13/2022,43.9886725774172,25940,579,41,0,7,2,Live-ಪೂಜ್ಯ ಶ್ರೀ ಸಿದ್ಧೇಶ್ವರ ಸ್ವಾಮೀಜಿಯವರ ಆಧ್ಯಾತ್ಮಿಕ ಪ್ರವಚನ(13-03--2022)  ನಿಪ್ಪಾಣಿ.
6Djxd0pw6HY,Other,30.03,Live-Sri Siddheshwar Swamiji's English Pravachan (09-10-2022).,01:16:32,public,10/9/2022,44.1283824351697,26791,534,22,0,3,2,Place: Jnanayogashrama Vijayapur
HgpOhlzRV7w,Other,30.02,ಪ್ರಾಣಾಯಾಮದ ೩ ಅಂಗಗಳು ಯಾವವು? - What are the 3 limbs of Pranayama?,13:38,public,12/19/2023,44.0511222549784,26317,537,30,4,4,2,#https://amzn.eu/d/j5QXHyw #https://www.jnanayogashrama.org/mdsmall/mdsm_index.php #https://instagram.com/jnanayogashrama?igshid=ZDdkNTZiNTM= #https://www.facebook.com/jnanayogashrama?mibextid=ZbWKwL
vzQrYbviYJM,Other,30.01,ಶಂಕರಾಚಾರ್ಯರಿಂದ ಮನುಷ್ಯ ಜ್ಞಾನಿಯಾಗಿದ್ದು ಹೇಗೆ? - By Shankaracharya how does a man become wise?,12:15,public,8/2/2023,56.5387298993845,471286,6.4K,269,4,14,1,#siddheshwarswamiji  #Jnanayogashramavijayapur #https://instagram.com/jnanayogashrama?igshid=ZDdkNTZiNTM= #https://www.facebook.com/jnanayogashrama?mibextid=ZbWKwL #Kathamrutha (Tales told by Siddheshwar Swamiji in Kannada) https://amzn.eu/d/j5QXHyw #https://www.jnanayogashrama.org/mdsmall/mdsm_index.php
aSXQTs44beg,Other,30.01,ದಿನವನ್ನು ಶುರು ಮಾಡುವುದು ಹೇಗೆ? How does one start the day? (Kannada) - Sri Siddheshwara Swamiji,08:31,public,11/20/2020,56.6797357012383,486893,6.6K,182,0,0,1,
gCmKsOsTr7U,Other,29.96,ನಮ್ಮ ಮನಸ್ಸು ಹೇಗಿದ್ದರೆ ಮಾತ್ರ ನಾವು ಜೀವನದಲ್ಲಿ ಸಂತೋಷ ಕಾಣಲು ಸಾಧ್ಯ?,19:12,public,1/12/2026,43.8613468560399,25188,490,33,2,21,2,ಪೂಜ್ಯರ ಪ್ರವಚನದ ಪುಸ್ತಕಗಳು ಈಗ Amazon & Website ನಲ್ಲಿ ಲಭ್ಯವಿರುತ್ತವೆ. ತಾವು ಕೆಳಗಡೆ ಕೊಟ್ಟಿರುವ ಲಿಂಕ್ ಮುಖಾಂತರ ಖರೀದಿಸಬಹದು Amazon : https://amzn.in/d/98q8EXK Website : https://www.jnanayogashrama.org/books_kannada.php
q_xFeTOlUhc,Other,29.93,ಮನಸ್ಸನ್ನು ಸ್ವಚ್ಛವಾಗಿ ಇಟ್ಟುಕೊಳ್ಳಬೇಕಾದರೆ ಏನು ಮಾಡಬೇಕು?,24:51,public,7/15/2026,43.8065306861665,24871,545,24,2,21,2,ಪೂಜ್ಯರ ಪ್ರವಚನದ ಪುಸ್ತಕಗಳು ಈಗ Amazon & Website ನಲ್ಲಿ ಲಭ್ಯವಿರುತ್ತವೆ. ತಾವು ಕೆಳಗಡೆ ಕೊಟ್ಟಿರುವ ಲಿಂಕ್ ಮುಖಾಂತರ ಖರೀದಿಸಬಹದು Amazon : https://amzn.in/d/98q8EXK Website : https://www.jnanayogashrama.org/books_kannada.php
UjwX2KphcEo,Other,29.92,Live-ಪೂಜ್ಯ ಶ್ರೀ ಸಿದ್ಧೇಶ್ವರ ಸ್ವಾಮೀಜಿಯವರ ಆಧ್ಯಾತ್ಮಿಕ ಪ್ರವಚನ(23-03--2022)  ನಿಪ್ಪಾಣಿ.,01:21:36,public,3/23/2022,43.7058279659777,24299,522,40,0,7,2,Live-ಪೂಜ್ಯ ಶ್ರೀ ಸಿದ್ಧೇಶ್ವರ ಸ್ವಾಮೀಜಿಯವರ ಆಧ್ಯಾತ್ಮಿಕ ಪ್ರವಚನ(23-03--2022)  ನಿಪ್ಪಾಣಿ.
BB373BA5cfw,Other,29.9,ಧರ್ಮವನ್ನು ಯಾವ ರೂಪದಲ್ಲಿ ಆಚರಿಸಬೇಕು?,19:36,public,9/28/2024,43.7010161107411,24272,540,31,4,9,2,#Siddheshwarswamiji  #Jnanayogi #kannadapravachan #motivationalvideo #SiritualTalks #https://amzn.eu/d/j5QXHyw #https://www.jnanayogashrama.org/mdsmall/mdsm_index.php #https://instagram.com/jnanayogashrama?igshid=ZDdkNTZiNTM= #https://www.facebook.com/jnanayogashrama?mibextid=ZbWKwL
4IDsAaGc14Y,Other,29.9,ಸಂಸಾರದಲ್ಲಿ ಬರುವ ಸಮಸ್ಯೆಗಳನ್ನು ಹೋಗಲಾಡಿಸುವುದು ಹೇಗೆ?,26:44,public,7/23/2026,43.7205865540622,24382,516,27,2,21,2,ಪೂಜ್ಯರ ಪ್ರವಚನದ ಪುಸ್ತಕಗಳು ಈಗ Amazon & Website ನಲ್ಲಿ ಲಭ್ಯವಿರುತ್ತವೆ. ತಾವು ಕೆಳಗಡೆ ಕೊಟ್ಟಿರುವ ಲಿಂಕ್ ಮುಖಾಂತರ ಖರೀದಿಸಬಹದು Amazon : https://amzn.in/d/98q8EXK Website : https://www.jnanayogashrama.org/books_kannada.php
16O1rpyicpg,Other,29.87,Live-ಪೂಜ್ಯ ಶ್ರೀ ಸಿದ್ಧೇಶ್ವರ ಸ್ವಾಮೀಜಿಯವರ ಆಧ್ಯಾತ್ಮಿಕ ಪ್ರವಚನ(27-03--2022)  ನಿಪ್ಪಾಣಿ.,01:04:58,public,3/27/2022,43.5693993065607,23545,466,41,0,7,2,Live-ಪೂಜ್ಯ ಶ್ರೀ ಸಿದ್ಧೇಶ್ವರ ಸ್ವಾಮೀಜಿಯವರ ಆಧ್ಯಾತ್ಮಿಕ ಪ್ರವಚನ(27-03--2022)  ನಿಪ್ಪಾಣಿ.
vjEVXNZ1rSU,Other,29.87,LIVE - ಪೂಜ್ಯ ಶ್ರೀ ಸಿದ್ಧೇಶ್ವರ ಸ್ವಾಮೀಜಿಯವರ ಆಧ್ಯಾತ್ಮಿಕ  ಪ್ರವಚನ (05-10-2022),45:19,public,10/5/2022,43.5800478627558,23603,508,38,0,4,2,ಸ್ಥಳ :-  ಜ್ಞಾನಯೋಗಾಶ್ರಮ ವಿಜಯಪುರ.
nQdQ0xtcG0Y,Other,29.86,ಮನುಷ್ಯನಿಗೆ ನೆಮ್ಮದಿ ಎಂಬುದು ಏಕೆ ಸಿಗುತ್ತಿಲ್ಲ?,29:13,public,5/2/2025,60.967557131444,1311257,11K,300,2,21,0,ಪೂಜ್ಯರ ಪ್ರವಚನದ ಪುಸ್ತಕಗಳು ಈಗ Amazon & Website ನಲ್ಲಿ ಲಭ್ಯವಿರುತ್ತವೆ. ತಾವು ಕೆಳಗಡೆ ಕೊಟ್ಟಿರುವ ಲಿಂಕ್ ಮುಖಾಂತರ ಖರೀದಿಸಬಹದು? Amazon : https://amzn.in/d/98q8EXK Website : https://www.jnanayogashrama.org/books_kannada.php
xTnr6HylrrA,Other,29.86,ನಮಗೆ ಏನಾದರೂ ಸಿಗಬೇಕಾದರೆ ನಮ್ಮ ಪರಿಶ್ರಮ ಹೇಗಿರಬೇಕು?,23:30,public,3/1/2026,43.6207474387369,23826,480,27,2,21,2,ಪೂಜ್ಯರ ಪ್ರವಚನದ ಪುಸ್ತಕಗಳು ಈಗ Amazon & Website ನಲ್ಲಿ ಲಭ್ಯವಿರುತ್ತವೆ. ತಾವು ಕೆಳಗಡೆ ಕೊಟ್ಟಿರುವ ಲಿಂಕ್ ಮುಖಾಂತರ ಖರೀದಿಸಬಹದು Amazon : https://amzn.in/d/98q8EXK Website : https://www.jnanayogashrama.org/books_kannada.php
vh0LcUy0a1U,Other,29.85,Live-ಪೂಜ್ಯ ಶ್ರೀ ಸಿದ್ಧೇಶ್ವರ ಸ್ವಾಮೀಜಿಯವರ ಆಧ್ಯಾತ್ಮಿಕ ಪ್ರವಚನ(12-03--2022)  ನಿಪ್ಪಾಣಿ.,49:03,public,3/12/2022,43.4389619165128,22846,520,50,0,8,2,Live-ಪೂಜ್ಯ ಶ್ರೀ ಸಿದ್ಧೇಶ್ವರ ಸ್ವಾಮೀಜಿಯವರ ಆಧ್ಯಾತ್ಮಿಕ ಪ್ರವಚನ (12-03--2022)  ನಿಪ್ಪಾಣಿ.
J-5P69mucds,Other,29.84,LIVE - ಪೂಜ್ಯ ಶ್ರೀ ಸಿದ್ಧೇಶ್ವರ ಸ್ವಾಮೀಜಿಯವರ ಆಧ್ಯಾತ್ಮಿಕ  ಪ್ರವಚನ (10-10-2022),55:57,public,10/10/2022,43.51557384006,23254,505,31,0,4,2,ಸ್ಥಳ :-  ಜ್ಞಾನಯೋಗಾಶ್ರಮ ವಿಜಯಪುರ.
tVe-2d0TrkQ,Other,29.83,ಮನುಷ್ಯ ಮಹಾತ್ಮ ಆಗುವುದು ಯಾವಾಗ?,17:51,public,6/5/2024,43.5552218300141,23468,494,24,4,10,2,#Siddheshwarswamiji  #Jnanayogi #kannadapravachan #motivationalvideo #SiritualTalks #https://amzn.eu/d/j5QXHyw #https://www.jnanayogashrama.org/mdsmall/mdsm_index.php #https://instagram.com/jnanayogashrama?igshid=ZDdkNTZiNTM= #https://www.facebook.com/jnanayogashrama?mibextid=ZbWKwL ​
xazOcVApV7k,Other,29.83,ಮನುಷ್ಯನು ಏಕೆ ಯಾವುದನ್ನು ಸ್ಥಿರವಾಗಿ ನಿಲ್ಲಿಸಲು ಹೋಗಬಾರದು?,11:55,public,5/5/2024,43.5090546565369,23219,474,30,4,10,2,#Siddheshwarswamiji  #Jnanayogi #kannadapravachan #motivationalvideo #SiritualTalks #https://amzn.eu/d/j5QXHyw #https://www.jnanayogashrama.org/mdsmall/mdsm_index.php #https://instagram.com/jnanayogashrama?igshid=ZDdkNTZiNTM= #https://www.facebook.com/jnanayogashrama?mibextid=ZbWKwL ​
4EM07iyhsBs,Other,29.8,Live-ಪೂಜ್ಯ ಶ್ರೀ ಸಿದ್ಧೇಶ್ವರ ಸ್ವಾಮೀಜಿಯವರ ಆಧ್ಯಾತ್ಮಿಕ ಪ್ರವಚನ(10-03--2022)  ನಿಪ್ಪಾಣಿ.,01:03:58,public,3/10/2022,43.3171550417752,22212,544,40,0,8,2,Live-ಪೂಜ್ಯ ಶ್ರೀ ಸಿದ್ಧೇಶ್ವರ ಸ್ವಾಮೀಜಿಯವರ ಆಧ್ಯಾತ್ಮಿಕ ಪ್ರವಚನ (09-03--2022)  ನಿಪ್ಪಾಣಿ.
gcyHezrmNCI,Other,29.79,ನಮಗೆ ಜ್ಞಾನವನ್ನು ಹೇಳುವವರು ಯಾರಾಗಿರಬೇಕು?,14:57,public,5/22/2024,43.3261090326298,22258,523,35,4,10,2,#Siddheshwarswamiji  #Jnanayogi #kannadapravachan #motivationalvideo #SiritualTalks #https://amzn.eu/d/j5QXHyw #https://www.jnanayogashrama.org/mdsmall/mdsm_index.php #https://instagram.com/jnanayogashrama?igshid=ZDdkNTZiNTM= #https://www.facebook.com/jnanayogashrama?mibextid=ZbWKwL ​
hq8NdvR3l0Y,Other,29.77,Live-ಪೂಜ್ಯ ಶ್ರೀ ಸಿದ್ಧೇಶ್ವರ ಸ್ವಾಮೀಜಿಯವರ ಆಧ್ಯಾತ್ಮಿಕ ಪ್ರವಚನ(24-03--2022)  ನಿಪ್ಪಾಣಿ.,51:58,public,3/24/2022,43.3138412646374,22195,464,34,0,7,2,Live-ಪೂಜ್ಯ ಶ್ರೀ ಸಿದ್ಧೇಶ್ವರ ಸ್ವಾಮೀಜಿಯವರ ಆಧ್ಯಾತ್ಮಿಕ ಪ್ರವಚನ(24-03--2022)  ನಿಪ್ಪಾಣಿ.
dHfmuap7gBk,Relationships,29.76,ಭಕ್ತನಾದವನು ಏನನ್ನು ಪ್ರೀತಿಸಬೇಕು? - What should a devotee love?,11:13,public,12/8/2023,43.342024696112,22340,436,27,4,4,2,#https://amzn.eu/d/j5QXHyw #https://www.jnanayogashrama.org/mdsmall/mdsm_index.php #https://instagram.com/jnanayogashrama?igshid=ZDdkNTZiNTM= #https://www.facebook.com/jnanayogashrama?mibextid=ZbWKwL
J5IYxR9snTI,Other,29.75,ಜಗತ್ತಿನಲ್ಲಿ ಬುದ್ಧಿವಂತರಾಗಿ ಬದುಕುವುದು ಹೇಗೆ?,16:25,public,2/2/2026,43.2604728404291,21923,465,31,2,21,2,ಪೂಜ್ಯರ ಪ್ರವಚನದ ಪುಸ್ತಕಗಳು ಈಗ Amazon & Website ನಲ್ಲಿ ಲಭ್ಯವಿರುತ್ತವೆ. ತಾವು ಕೆಳಗಡೆ ಕೊಟ್ಟಿರುವ ಲಿಂಕ್ ಮುಖಾಂತರ ಖರೀದಿಸಬಹದು Amazon : https://amzn.in/d/98q8EXK Website : https://www.jnanayogashrama.org/books_kannada.php
SdFo5PKWPqs,Other,29.74,ಭಕ್ತಿ ಮಾರ್ಗವನ್ನು ಪ್ರವೇಶ ಮಾಡಬೇಕಾದರೆ ಮೊದಲು ಏನನ್ನು ಮರೆಯಬೇಕು?,17:57,public,5/28/2024,43.2762378630872,22003,522,21,4,10,2,#Siddheshwarswamiji  #Jnanayogi #kannadapravachan #motivationalvideo #SiritualTalks #https://amzn.eu/d/j5QXHyw #https://www.jnanayogashrama.org/mdsmall/mdsm_index.php #https://instagram.com/jnanayogashrama?igshid=ZDdkNTZiNTM= #https://www.facebook.com/jnanayogashrama?mibextid=ZbWKwL ​
0jUNZMXQzG8,Other,29.73,ನಮ್ಮ ಮನಸ್ಸು ಯಾವುದರ ಕಡೆ ಎಳೆಯುತ್ತಿದೆ?,14:46,public,11/13/2021,43.2687566369404,21965,422,25,0,0,2,
DvZetzCBeDg,Other,29.73,"Even if God were to come before us, what should we ask from Him? Talk by Sri Siddheshwar Swamiji",10:57,public,7/26/2021,56.752535823035,495152,5.2K,111,0,0,1,
JTPjAXxQ0Tc,Other,29.72,Live-ನಿಪ್ಪಾಣಿಯಲ್ಲಿ ಪೂಜ್ಯ ಶ್ರೀ ಸಿದ್ಧೇಶ್ವರ ಸ್ವಾಮೀಜಿಯವರ ಆಧ್ಯಾತ್ಮಿಕ ಪ್ರವಚನ(28-03-2022),49:45,public,3/28/2022,43.1847946436919,21543,445,30,0,5,2,"Place : Samadhi Math, Nipani"
taDkPEOJC8U,Other,29.71,ನಾವು ಈ ಜಗತ್ತಿಗೆ ಏಕೆ ಬಂದಿದ್ದೇವೆ ಗೊತ್ತಾ?,27:20,public,6/16/2026,43.1598105160672,21419,486,27,2,21,2,ಪೂಜ್ಯರ ಪ್ರವಚನದ ಪುಸ್ತಕಗಳು ಈಗ Amazon & Website ನಲ್ಲಿ ಲಭ್ಯವಿರುತ್ತವೆ. ತಾವು ಕೆಳಗಡೆ ಕೊಟ್ಟಿರುವ ಲಿಂಕ್ ಮುಖಾಂತರ ಖರೀದಿಸಬಹದು Amazon : https://amzn.in/d/98q8EXK Website : https://www.jnanayogashrama.org/books_kannada.php
4eG7NO7W2iA,Other,29.7,ನಮ್ಮ ಮನಸ್ಸು ಶಕ್ತಿಶಾಲಿಯಾಗಲು ಭಗವಂತನಲ್ಲಿ ಎಂತಹ ಪ್ರಾರ್ಥನೆ ಮಾಡಬೇಕು?,19:24,public,3/6/2026,43.1230808769139,21238,446,32,2,21,2,ಪೂಜ್ಯರ ಪ್ರವಚನದ ಪುಸ್ತಕಗಳು ಈಗ Amazon & Website ನಲ್ಲಿ ಲಭ್ಯವಿರುತ್ತವೆ. ತಾವು ಕೆಳಗಡೆ ಕೊಟ್ಟಿರುವ ಲಿಂಕ್ ಮುಖಾಂತರ ಖರೀದಿಸಬಹದು Amazon : https://amzn.in/d/98q8EXK Website : https://www.jnanayogashrama.org/books_kannada.php
bZcpxUeGCTY,Other,29.69,ಪ್ರಾಪಂಚಿಕ ಜೀವನ ನಡೆಸುವವರು ಈ ಪ್ರಪಂಚದಲ್ಲಿ ಹೇಗೆ ಬದುಕಬೇಕು?,20:04,public,4/22/2026,43.1171669377387,21209,450,30,2,21,2,ಪೂಜ್ಯರ ಪ್ರವಚನದ ಪುಸ್ತಕಗಳು ಈಗ Amazon & Website ನಲ್ಲಿ ಲಭ್ಯವಿರುತ್ತವೆ. ತಾವು ಕೆಳಗಡೆ ಕೊಟ್ಟಿರುವ ಲಿಂಕ್ ಮುಖಾಂತರ ಖರೀದಿಸಬಹದು Amazon : https://amzn.in/d/98q8EXK Website : https://www.jnanayogashrama.org/books_kannada.php
SNbjdSj8gR8,Other,29.69,Live-Gurupoornima Mahotsava -2021 | Japayog,03:12:41,public,7/24/2021,43.0003047458522,20644,524,40,0,5,2,Live-Gurupoornima Mahotsava -2021 | Japayog
5JNwRBFL7oQ,Other,29.68,Live-ಜ್ಞಾನಯೋಗಿ ಪೂಜ್ಯ ಶ್ರೀ ಸಿದ್ಧೇಶ್ವರ ಮಹಾಸ್ವಾಮಿಗಳವರ ಗುರುನಮನ ಮಹೋತ್ಸವದ ನಿಮಿತ್ಯವಾಗಿ ಜಾನಪದ ಕಲೆ ಎಂಬ ಗೋಷ್ಠಿ,02:57:57,public,12/23/2023,43.1020394757545,21135,424,27,0,7,2,ದಿನಾಂಕ : 23-12-2023 ಸ್ಥಳ : ಜ್ಞಾನಯೋಗಾಶ್ರಮ ವಿಜಯಪುರ.
O1XAIUng_nQ,Other,29.67,ಏನು ಮಾಡಿದರೆ ದೇವರು ಇರುವನು ಅಥವಾ ಇಲ್ಲ ಎಂಬುದು ಗೊತ್ತಾಗುತ್ತದೆ?,13:50,public,6/4/2025,43.0751294409847,21004,441,27,4,9,2,#siddheshwarswamiji   #jnanayogi  #kannadapravachan #motivationalvideo #SiritualTalks #https://amzn.eu/d/j5QXHyw #https://www.jnanayogashrama.org/mdsmall/mdsm_index.php #https://instagram.com/jnanayogashrama?igshid=ZDdkNTZiNTM= #https://www.facebook.com/jnanayogashrama?mibextid=ZbWKwL
QuX59DyE18Q,Other,29.65,ನಿಸರ್ಗದ ಉಪಕಾರವನ್ನು ನಾವೇಕೆ ಸ್ಮರಿಸಬೇಕು?,28:05,public,8/2/2025,42.9725416398562,20512,448,31,2,21,2,ಪೂಜ್ಯರ ಪ್ರವಚನದ ಪುಸ್ತಕಗಳು ಈಗ Amazon & Website ನಲ್ಲಿ ಲಭ್ಯವಿರುತ್ತವೆ. ತಾವು ಕೆಳಗಡೆ ಕೊಟ್ಟಿರುವ ಲಿಂಕ್ ಮುಖಾಂತರ ಖರೀದಿಸಬಹದು? Amazon : https://amzn.in/d/98q8EXK Website : https://www.jnanayogashrama.org/books_kannada.php
ob9Qg1ct3Po,Other,29.61,ಶಾಂತಿಯುತವಾದ ಬದುಕನ್ನು ಸಾಗಿಸಬೇಕಾದರೆ ಏನು ಮಾಡಬೇಕು?,20:06,public,2/14/2026,42.9081309428808,20209,414,25,2,21,2,ಪೂಜ್ಯರ ಪ್ರವಚನದ ಪುಸ್ತಕಗಳು ಈಗ Amazon & Website ನಲ್ಲಿ ಲಭ್ಯವಿರುತ್ತವೆ. ತಾವು ಕೆಳಗಡೆ ಕೊಟ್ಟಿರುವ ಲಿಂಕ್ ಮುಖಾಂತರ ಖರೀದಿಸಬಹದು Amazon : https://amzn.in/d/98q8EXK Website : https://www.jnanayogashrama.org/books_kannada.php
qzCRE4dYsmE,Other,29.59,ನಾವು  ನಿಸರ್ಗಕ್ಕೆ ಕೃತಜ್ಞತೆಯನ್ನು ಏಕೆ  ಸಲ್ಲಿಸಬೇಕು?,20:01,public,9/30/2024,42.7379948414181,19430,483,38,4,9,2,#Siddheshwarswamiji  #Jnanayogi #kannadapravachan #motivationalvideo #SiritualTalks #https://amzn.eu/d/j5QXHyw #https://www.jnanayogashrama.org/mdsmall/mdsm_index.php #https://instagram.com/jnanayogashrama?igshid=ZDdkNTZiNTM= #https://www.facebook.com/jnanayogashrama?mibextid=ZbWKwL
muIpdsVoZEM,Other,29.57,LIVE - ಪೂಜ್ಯ ಶ್ರೀ ಸಿದ್ಧೇಶ್ವರ ಸ್ವಾಮೀಜಿಯವರ ಆಧ್ಯಾತ್ಮಿಕ  ಪ್ರವಚನ (03-10-2022),55:21,public,10/3/2022,42.8113240225441,19762,443,18,0,4,2,ಸ್ಥಳ :-  ಜ್ಞಾನಯೋಗಾಶ್ರಮ ವಿಜಯಪುರ.
WOJl8qEUUSk,Other,29.56,ನಮ್ಮ ಮನಸ್ಸಿನಲ್ಲಿ ಆನಂದದ ಬೆಳೆ ಬೆಳೆಯುವುದು ಹೇಗೆ?,21:37,public,6/9/2026,42.7040032985777,19278,409,34,2,21,2,ಪೂಜ್ಯರ ಪ್ರವಚನದ ಪುಸ್ತಕಗಳು ಈಗ Amazon & Website ನಲ್ಲಿ ಲಭ್ಯವಿರುತ್ತವೆ. ತಾವು ಕೆಳಗಡೆ ಕೊಟ್ಟಿರುವ ಲಿಂಕ್ ಮುಖಾಂತರ ಖರೀದಿಸಬಹದು Amazon : https://amzn.in/d/98q8EXK Website : https://www.jnanayogashrama.org/books_kannada.php
mH2dJo2YcDI,Other,29.54,LIVE - ಪೂಜ್ಯ ಶ್ರೀ ಸಿದ್ಧೇಶ್ವರ ಸ್ವಾಮೀಜಿಯವರ ಆಧ್ಯಾತ್ಮಿಕ  ಪ್ರವಚನ ಕಾಖಂಡಕಿ (28-10-2022),01:03:53,public,10/28/2022,42.7290755489825,19390,442,20,0,11,2,"ಸ್ಥಳ :- ಶ್ರೀ ಗುರುದೇವಾಶ್ರಮ, ಕಾಖಂಡಕಿ.  # jnanayogashram vijayapura  # Siddheshwara Swamiji"
80YIo1W72aw,Other,29.53,ದೇವರು ನಮಗೆ ಪ್ರತ್ಯಕ್ಷವಾಗಿ ಯಾವಾಗ ಕಾಣುತ್ತಾನೆ?,16:43,public,6/13/2026,42.6990612794235,19256,389,23,2,21,2,ಪೂಜ್ಯರ ಪ್ರವಚನದ ಪುಸ್ತಕಗಳು ಈಗ Amazon & Website ನಲ್ಲಿ ಲಭ್ಯವಿರುತ್ತವೆ. ತಾವು ಕೆಳಗಡೆ ಕೊಟ್ಟಿರುವ ಲಿಂಕ್ ಮುಖಾಂತರ ಖರೀದಿಸಬಹದು Amazon : https://amzn.in/d/98q8EXK Website : https://www.jnanayogashrama.org/books_kannada.php
4ftOS8wLpgo,Other,29.53,ಶ್ರಾವಣ ಮಾಸದ 9ನೇ ದಿನದ ಪ್ರವಚನ 25-08-2023,01:34:37,public,8/27/2023,42.6431850544939,19009,387,29,0,9,2,"ಪ್ರವಚನ : ಪೂಜ್ಯ ಶ್ರೀ ನಿರ್ಭಯಾನಂದ ಸ್ವಾಮಿಗಳು, ರಾಮಕೃಷ್ಣ ಆಶ್ರಮ, ವಿಜಯಪುರ-ಗದಗ."
c-hSl2C0bas,Other,29.53,Live-ಪರಮ ಪೂಜ್ಯ ಶ್ರೀ ಸಿದ್ಧೇಶ್ವರ ಸ್ವಾಮೀಜಿಯವರ ಆಧ್ಯಾತ್ಮಿಕ ಪ್ರವಚನ (20-4-2022),48:00,public,4/20/2022,42.5727148210396,18702,424,39,0,4,2,ಸ್ಥಳ : ಜ್ಞಾನಯೋಗಾಶ್ರಮ ವಿಜಯಪುರ.
5DTwaEUjj_E,Other,29.52,ನಾವು ಹೇಗಿದ್ದರೆ ನಮ್ಮಲ್ಲಿ ಭಕ್ತಿಯೆಂಬುದು ಬೆಳೆಯುತ್ತದೆ?,21:36,public,3/16/2026,42.6399962746572,18995,352,28,2,21,2,ಪೂಜ್ಯರ ಪ್ರವಚನದ ಪುಸ್ತಕಗಳು ಈಗ Amazon & Website ನಲ್ಲಿ ಲಭ್ಯವಿರುತ್ತವೆ. ತಾವು ಕೆಳಗಡೆ ಕೊಟ್ಟಿರುವ ಲಿಂಕ್ ಮುಖಾಂತರ ಖರೀದಿಸಬಹದು Amazon : https://amzn.in/d/98q8EXK Website : https://www.jnanayogashrama.org/books_kannada.php
oUOTIvk8MVo,Other,29.51,ನನಗೆ ತಿಳಿದಿರುವುದಷ್ಟೇ ಈ ಜಗತ್ತಿನಲ್ಲಿದೆ ಎಂದು ಏಕೆ ಭಾವಿಸಬಾರದು?,22:31,public,4/6/2026,42.6015465320361,18827,365,29,2,21,2,ಪೂಜ್ಯರ ಪ್ರವಚನದ ಪುಸ್ತಕಗಳು ಈಗ Amazon & Website ನಲ್ಲಿ ಲಭ್ಯವಿರುತ್ತವೆ. ತಾವು ಕೆಳಗಡೆ ಕೊಟ್ಟಿರುವ ಲಿಂಕ್ ಮುಖಾಂತರ ಖರೀದಿಸಬಹದು Amazon : https://amzn.in/d/98q8EXK Website : https://www.jnanayogashrama.org/books_kannada.php
owuzyFl1qj4,Other,29.49,Vijayadashami - 2021,04:18,public,10/15/2021,42.6463714866802,19023,391,13,0,0,2,
mrUqb4qXGMA,Other,29.49,"Live-ವಿಶೇಷ ಕಾರ್ಯಕ್ರಮ (20-03-2022)  ಸಮಾಧಿ ಮಠ, ನಿಪ್ಪಾಣಿ.",01:06:41,public,3/20/2022,42.5203287406527,18477,387,29,0,6,2,"Live-ವಿಶೇಷ ಕಾರ್ಯಕ್ರಮ (20-03-2022)  ಸಮಾಧಿ ಮಠ, ನಿಪ್ಪಾಣಿ."
Q8IsyedCWps,Other,29.45,Live-ಗುರುಪೂರ್ಣಿಮಾ ಮಹೋತ್ಸವ - (03-07-2023) | Guru Poornima-2023,05:30:44,public,7/3/2023,42.5015487139092,18397,406,14,0,7,2,Live-ಗುರುಪೂರ್ಣಿಮಾ ಮಹೋತ್ಸವ - (03-07-2023) | Guru Poornima-2023
63JV7rxuXR8,Other,29.43,LIVE - ಶ್ರೀ  ಸಿದ್ಧೇಶ್ವರ ಮಹಾಸ್ವಾಮಿಗಳವರ ಗುರುನಮನ ಮಹೋತ್ಸವದ ನಿಮಿತ್ಯವಾಗಿ ಪೂಜ್ಯ ಅಪ್ಪಗಳವರ ಪ್ರವಚನ ಹಾಗೂ ಜಪಯೋಗ,01:46:16,public,1/2/2024,42.3223868994787,17651,423,32,0,5,2,02-01-2024  ಸ್ಥಳ : ಜ್ಞಾನಯೋಗಾಶ್ರಮ ವಿಜಯಪುರ.
sSTMnKHhotI,Other,29.42,One must not depend too much on the others - Talk by Sri Siddheshwar Swamiji,14:59,public,4/10/2021,56.3830096057037,454631,5.5K,135,0,0,1,
YG1bAh-a-y4,Other,29.42,Live-ಜ್ಞಾನಯೋಗಾಶ್ರಮ ವಿಜಯಪುರದಲ್ಲಿ ಸ್ವಾತಂತ್ರ್ಯೋತ್ಸವದ ಅಮೃತ ಮಹೋತ್ಸವ ಕಾರ್ಯಕ್ರಮ .,01:42:03,public,7/30/2022,42.3880905667035,17921,439,14,0,17,2,"ವಿಶೇಷ ಉಪನ್ಯಾಸ :   # ಶ್ರೀಯುತ  ಶಂಕರ ಬಿದರಿ   ನಿವೃತ್ತ ಪೊಲೀಸ್ ಮಹಾ ನಿರ್ದೇಶಕರು, ಕರ್ನಾಟಕ ಸರ್ಕಾರ.  ಸ್ಥಳ : ಜ್ಞಾನಯೋಗಾಶ್ರಮ ವಿಜಯಪುರ."
KJQE5029lJs,Other,29.4,LIVE - ಪೂಜ್ಯ ಶ್ರೀ ಸಿದ್ಧೇಶ್ವರ ಸ್ವಾಮೀಜಿಯವರ ಆಧ್ಯಾತ್ಮಿಕ  ಪ್ರವಚನ ಕಾಖಂಡಕಿ (02-11-2022),14:25,public,11/2/2022,42.3526858181824,17775,337,19,0,11,2,"ಸ್ಥಳ :- ಶ್ರೀ ಗುರುದೇವಾಶ್ರಮ, ಕಾಖಂಡಕಿ.  # jnanayogashram vijayapura  # Siddheshwara Swamiji"
VjkGOHvhYys,Other,29.38,LIVE - ಶ್ರೀ  ಸಿದ್ಧೇಶ್ವರ ಮಹಾಸ್ವಾಮಿಗಳವರ ಗುರುನಮನ ಮಹೋತ್ಸವದ ನಿಮಿತ್ಯವಾಗಿ ಗ್ರಾಮೀಣ ಜನರ ಬದುಕು ಗೋಷ್ಠಿ,02:29:34,public,12/28/2023,42.1714368507321,17046,380,32,0,5,2,28-12-2023  ಸ್ಥಳ : ಜ್ಞಾನಯೋಗಾಶ್ರಮ ವಿಜಯಪುರ.
eOETNjUoXUc,Other,29.38,ಯಾವುದು ನಮ್ಮ ಜೀವನದ ವೈಭವವನ್ನು ಹೆಚ್ಚು-ಕಡಿಮೆ ಮಾಡುತ್ತದೆ?,25:48,public,1/21/2026,42.1909436035537,17123,367,31,2,21,2,ಪೂಜ್ಯರ ಪ್ರವಚನದ ಪುಸ್ತಕಗಳು ಈಗ Amazon & Website ನಲ್ಲಿ ಲಭ್ಯವಿರುತ್ತವೆ. ತಾವು ಕೆಳಗಡೆ ಕೊಟ್ಟಿರುವ ಲಿಂಕ್ ಮುಖಾಂತರ ಖರೀದಿಸಬಹದು Amazon : https://amzn.in/d/98q8EXK Website : https://www.jnanayogashrama.org/books_kannada.php
uMDlNRelWSs,Other,29.37,Live-ಪರಮ ಪೂಜ್ಯ ಶ್ರೀ ಸಿದ್ಧೇಶ್ವರ ಸ್ವಾಮೀಜಿಯವರ ಆಧ್ಯಾತ್ಮಿಕ ಪ್ರವಚನ (27-04-2022),01:06:51,public,4/27/2022,42.1970057021779,17147,435,21,0,4,2,ಸ್ಥಳ : ಜ್ಞಾನಯೋಗಾಶ್ರಮ ವಿಜಯಪುರ.
X8CbpA9fGFA,Other,29.36,ನಿಜವಾದ ಆನಂದ ಎಂಬುದು ಎಲ್ಲಿದೆ?,16:49,public,8/19/2025,42.1528618956241,16973,359,26,2,21,2,ಪೂಜ್ಯರ ಪ್ರವಚನದ ಪುಸ್ತಕಗಳು ಈಗ Amazon & Website ನಲ್ಲಿ ಲಭ್ಯವಿರುತ್ತವೆ. ತಾವು ಕೆಳಗಡೆ ಕೊಟ್ಟಿರುವ ಲಿಂಕ್ ಮುಖಾಂತರ ಖರೀದಿಸಬಹದು Amazon : https://amzn.in/d/98q8EXK Website : https://www.jnanayogashrama.org/books_kannada.php
tcCIwUz_Gpc,Other,29.35,LIVE - ಶ್ರೀ  ಸಿದ್ಧೇಶ್ವರ ಮಹಾಸ್ವಾಮಿಗಳವರ ಗುರುನಮನ ಮಹೋತ್ಸವದ ನಿಮಿತ್ಯವಾಗಿ ಕ್ರೀಡೆ-ಯೋಗ-ಆರೋಗ್ಯ ಗೋಷ್ಠಿ,03:14:39,public,12/31/2023,42.212123905089,17207,388,11,0,5,2,31-12-2023  ಸ್ಥಳ : ಜ್ಞಾನಯೋಗಾಶ್ರಮ ವಿಜಯಪುರ.
3ZJbq_IQS0I,Other,29.35,ನಾನು ಯಾರು ಎಂದು ತಿಳಿಯುವುದು ಹೇಗೆ?,20:25,public,3/11/2026,42.1520968332901,16970,413,21,2,21,2,ಪೂಜ್ಯರ ಪ್ರವಚನದ ಪುಸ್ತಕಗಳು ಈಗ Amazon & Website ನಲ್ಲಿ ಲಭ್ಯವಿರುತ್ತವೆ. ತಾವು ಕೆಳಗಡೆ ಕೊಟ್ಟಿರುವ ಲಿಂಕ್ ಮುಖಾಂತರ ಖರೀದಿಸಬಹದು Amazon : https://amzn.in/d/98q8EXK Website : https://www.jnanayogashrama.org/books_kannada.php
6Ak05u9rEJY,Other,29.34,ಮನೆಯ ಹೊರಗೆ ಮತ್ತು ಒಳಗೆ ಗೃಹಸ್ಥನಾದವನ ಮಾತು ಮತ್ತು ಸಂಸ್ಕೃತಿ ಹೇಗಿರಬೇಕು?,21:41,public,5/14/2025,42.1185565340493,16839,347,23,4,9,2,#siddheshwarswamiji   #jnanayogi  #kannadapravachan #motivationalvideo #SiritualTalks #https://amzn.eu/d/j5QXHyw #https://www.jnanayogashrama.org/mdsmall/mdsm_index.php #https://instagram.com/jnanayogashrama?igshid=ZDdkNTZiNTM= #https://www.facebook.com/jnanayogashrama?mibextid=ZbWKwL
zt7WS0KMpVQ,Other,29.33,ಜೀವನ ಪೂರ್ತಿ ಖುಷಿಯಾಗಿರಲು ಯಾವ ಯೋಗ ಮಾಡಬೇಕು?,15:41,public,2/10/2026,42.1180424486321,16837,326,22,2,21,2,ಪೂಜ್ಯರ ಪ್ರವಚನದ ಪುಸ್ತಕಗಳು ಈಗ Amazon & Website ನಲ್ಲಿ ಲಭ್ಯವಿರುತ್ತವೆ. ತಾವು ಕೆಳಗಡೆ ಕೊಟ್ಟಿರುವ ಲಿಂಕ್ ಮುಖಾಂತರ ಖರೀದಿಸಬಹದು Amazon : https://amzn.in/d/98q8EXK Website : https://www.jnanayogashrama.org/books_kannada.php
2hwhK0YU2os,Other,29.32,ಯಾರ ಹತ್ತಿರ ಇದು ಇದೆಯೋ ಅವರೇ ನಿಜವಾದ ಶ್ರೀಮಂತರು?,19:04,public,3/3/2026,42.0336817662698,16512,359,27,2,21,2,ಪೂಜ್ಯರ ಪ್ರವಚನದ ಪುಸ್ತಕಗಳು ಈಗ Amazon & Website ನಲ್ಲಿ ಲಭ್ಯವಿರುತ್ತವೆ. ತಾವು ಕೆಳಗಡೆ ಕೊಟ್ಟಿರುವ ಲಿಂಕ್ ಮುಖಾಂತರ ಖರೀದಿಸಬಹದು Amazon : https://amzn.in/d/98q8EXK Website : https://www.jnanayogashrama.org/books_kannada.php
t8Jw6LRPJGQ,Other,29.29,"Live-Sri Siddheshwar Swamiji's English Pravachan (20-03-2022) in Samadhi Math, Nippani.",01:35:39,public,3/20/2022,41.9886259576848,16341,306,24,0,10,2,"Live-Sri Siddheshwar Swamiji's English Pravachan (20-03-2022) in Samadhi Math, Nippani."
vSB7Xn6Rxt0,Other,29.27,ಜ್ಞಾನಯೋಗಿ ಪರಮ ಪೂಜ್ಯ ಶ್ರೀ ಸಿದ್ಧೇಶ್ವರ ಮಹಾಸ್ವಾಮಿಗಳವರ ಗುರುನಮನ ಕಾರ್ಯಕ್ರಮ ನಿಮಿತ್ಯವಾಗಿ ಪತ್ರಕಾರರ ಜೊತೆ ಸಂವಾದ,18:38,public,11/26/2023,41.8612252822875,15867,373,29,0,0,2,
q4FSU-0eaAU,Other,29.26,ಏನನ್ನಾದರೂ ಸಾಧಿಸಲು ಈ  3 ಸಂಗತಿಗಳು ಬಹಳ ಅವಶ್ಯ.,20:40,public,11/25/2022,56.2416877374888,440026,5.5K,127,0,0,1,
6KT83P78b9o,Other,29.25,Live- ಪರಮ ಪೂಜ್ಯ ಶ್ರೀ ಸಿದ್ಧೇಶ್ವರ ಸ್ವಾಮಿಗಳವರ ಸಂಗ್ರಹಿಸಿರುವ ಪ್ರವಚನದ ಧ್ವನಿ ಸುರುಳಿ,01:46:00,public,7/9/2023,41.8209407914379,15720,367,24,0,2,2,ಜ್ಞಾನಯೋಗಾಶ್ರಮ ವಿಜಯಪುರ
KLBSEWHK0uc,Other,29.25,ನಾವೆಲ್ಲಾ ಎಂತಹ ಯಜ್ಞವನ್ನು ಮಾಡಬೇಕಾಗಿದೆ?,10:51,public,2/5/2022,41.9127442575475,16057,314,16,0,0,2,
WJLcHfgC00c,Other,29.23,ನಮ್ಮ ಜೀವನ ಸುಂದರವಾಗಬೇಕಾದರೆ ನಮ್ಮ ಭಾವನೆಗಳು ಹೇಗಿರಬೇಕು?,18:54,public,6/1/2026,41.8286429914771,15748,327,20,2,21,2,ಪೂಜ್ಯರ ಪ್ರವಚನದ ಪುಸ್ತಕಗಳು ಈಗ Amazon & Website ನಲ್ಲಿ ಲಭ್ಯವಿರುತ್ತವೆ. ತಾವು ಕೆಳಗಡೆ ಕೊಟ್ಟಿರುವ ಲಿಂಕ್ ಮುಖಾಂತರ ಖರೀದಿಸಬಹದು Amazon : https://amzn.in/d/98q8EXK Website : https://www.jnanayogashrama.org/books_kannada.php
onzDjMR5Oio,Other,29.19,ಯಾರು ಈ ಜಗತ್ತಿನ ನಿಜವಾದ ಒಡೆಯರು?,25:56,public,4/21/2025,41.7144682628826,15338,318,19,0,0,2,
IzRGDVhIZmo,Other,29.18,LIVE - ಪೂಜ್ಯ ಶ್ರೀ ಸಿದ್ಧೇಶ್ವರ ಸ್ವಾಮೀಜಿಯವರ ಆಧ್ಯಾತ್ಮಿಕ  ಪ್ರವಚನ ಕಾಖಂಡಕಿ (19-10-2022) #jnanayogashrama,22:02,public,10/19/2022,41.707973239459,15315,339,11,0,11,2,"ಸ್ಥಳ :- ಶ್ರೀ ಗುರುದೇವಾಶ್ರಮ, ಕಾಖಂಡಕಿ.  # jnanayogashram vijayapura  # Siddheshwara Swamiji"
o36oHoD5Qio,Other,29.17,LIVE - ಶ್ರೀ  ಸಿದ್ಧೇಶ್ವರ ಮಹಾಸ್ವಾಮಿಗಳವರ ಗುರುನಮನ ಮಹೋತ್ಸವದ ನಿಮಿತ್ಯವಾಗಿ ಮಹಿಳೆ ಮತ್ತು ಸಂಸ್ಕೃತಿ ಗೋಷ್ಠಿ,02:30:33,public,12/27/2023,41.6404723698054,15078,337,19,0,5,2,27-12-2023  ಸ್ಥಳ : ಜ್ಞಾನಯೋಗಾಶ್ರಮ ವಿಜಯಪುರ.
eTEz5jLLY5I,Other,29.17,Live-Sri Siddheshwar Swamiji's English Pravachan (25-09-2022).,01:03:54,public,9/25/2022,41.6315647723839,15047,354,19,0,3,2,Place: Jnanayogashrama Vijayapur
4U9OXw9h_wQ,Other,29.16,ಜ್ಞಾನವನ್ನು ಪಡೆಯಲು ನಮ್ಮ ಹತ್ತಿರ ಎಂತಹ ಗುಣಗಳಿರಬೇಕು?,30:37,public,2/12/2024,60.7488439075956,1246641,10K,292,0,0,0,
f3s3IrxlfNY,Other,29.14,ವಸ್ತು ಕಣ್ಣಿಗೆ ಕಾಣಿಸಿದರೂ ನಮ್ಮ ಗಮನ ಅದರ ಮೇಲಿರುವುದಿಲ್ಲ ಏಕೆ?,19:45,public,4/27/2026,41.537352145525,14723,282,22,2,21,2,ಪೂಜ್ಯರ ಪ್ರವಚನದ ಪುಸ್ತಕಗಳು ಈಗ Amazon & Website ನಲ್ಲಿ ಲಭ್ಯವಿರುತ್ತವೆ. ತಾವು ಕೆಳಗಡೆ ಕೊಟ್ಟಿರುವ ಲಿಂಕ್ ಮುಖಾಂತರ ಖರೀದಿಸಬಹದು Amazon : https://amzn.in/d/98q8EXK Website : https://www.jnanayogashrama.org/books_kannada.php
4fCfOlr_joQ,Other,29.13,ಶಾಸ್ತ್ರಗಳಲ್ಲಿ ಶ್ರೇಷ್ಠ ಶಾಸ್ತ್ರ ಎಂದರೆ ಯಾವುದು?,16:24,public,1/14/2026,41.4784536444006,14524,315,24,2,21,2,ಪೂಜ್ಯರ ಪ್ರವಚನದ ಪುಸ್ತಕಗಳು ಈಗ Amazon & Website ನಲ್ಲಿ ಲಭ್ಯವಿರುತ್ತವೆ. ತಾವು ಕೆಳಗಡೆ ಕೊಟ್ಟಿರುವ ಲಿಂಕ್ ಮುಖಾಂತರ ಖರೀದಿಸಬಹದು Amazon : https://amzn.in/d/98q8EXK Website : https://www.jnanayogashrama.org/books_kannada.php
PMexH_uZuc4,Other,29.09,Live-Sri Siddheshwar Swamiji's English Pravachan (08-05-2022),56:05,public,5/8/2022,41.2247169585554,13697,261,48,0,4,2,Place : Jnanayogashrama Vijayapur
SFQAIYepHAA,Other,29.06,The Nature of 'Change' by Pujya Sri Siddheshwar Swamiji (English Pravachan),05:57,public,11/26/2020,41.374099244085,14178,296,9,-,-,2,What is the nature of change? What changes in our life? What changes in nature? What remains unchanged?
ggUW09ttgCE,Other,29.02,"ಜ್ಞಾನಯೋಗಿ ಪ. ಪೂ. ಶ್ರೀ ಸಿದ್ಧೇಶ್ವರ ಮಹಾಸ್ವಾಮಿಗಳವರ ""ಗುರುನಮನ"" ಕಾರ್ಯಕ್ರಮದ ಪೂರ್ವಭಾವಿ ಸಭೆ (ಭಾಗ-2) 06-10-2023",21:56,public,10/8/2023,41.1385481351634,13427,302,27,0,15,2,"02-01-2024 ಕ್ಕೆ ಜರಗಲಿರುವ ಜ್ಞಾನಯೋಗಿ ಪ. ಪೂ. ಶ್ರೀ ಸಿದ್ಧೇಶ್ವರ ಮಹಾಸ್ವಾಮಿಗಳವರ ""ಗುರುನಮನ"" ಕಾರ್ಯಕ್ರಮದ ಪೂರ್ವಭಾವಿ ಸಭೆ (ಭಾಗ-2) 06-10-2023"
dg203xDvaqw,Other,29.01,ಮಕ್ಕಳಲ್ಲಿ ಕಲಿಯಬೇಕೆಂಬ ಹಂಬಲ ಹೇಗಿರಬೇಕು?,21:08,public,7/18/2025,41.1201355349421,13370,361,18,4,9,2,#siddheshwarswamiji   #jnanayogi  #kannadapravachan #motivationalvideo #SiritualTalks #https://amzn.eu/d/j5QXHyw #https://www.jnanayogashrama.org/mdsmall/mdsm_index.php #https://instagram.com/jnanayogashrama?igshid=ZDdkNTZiNTM= #https://www.facebook.com/jnanayogashrama?mibextid=ZbWKwL
vRMf_qIAua0,Other,29,ಪ್ರಾಣಿ-ಪಕ್ಷಿಗಳ ಮಾತುಗಳನ್ನು ತಿಳಿದುಕೊಳ್ಳುವುದು ಹೇಗೆ?,18:36,public,6/11/2026,41.080460872498,13248,297,24,2,21,2,ಪೂಜ್ಯರ ಪ್ರವಚನದ ಪುಸ್ತಕಗಳು ಈಗ Amazon & Website ನಲ್ಲಿ ಲಭ್ಯವಿರುತ್ತವೆ. ತಾವು ಕೆಳಗಡೆ ಕೊಟ್ಟಿರುವ ಲಿಂಕ್ ಮುಖಾಂತರ ಖರೀದಿಸಬಹದು Amazon : https://amzn.in/d/98q8EXK Website : https://www.jnanayogashrama.org/books_kannada.php
U7HllxLWcmk,Other,28.98,ಸೂರ್ಯ ನಮ್ಮ ಕಣ್ಣಿಗೆ ಕಾಣುವ ಪ್ರತ್ಯಕ್ಷ ದೇವರು ಹೇಗೆ?,18:26,public,3/30/2026,40.9769773007163,12935,320,29,2,21,2,ಪೂಜ್ಯರ ಪ್ರವಚನದ ಪುಸ್ತಕಗಳು ಈಗ Amazon & Website ನಲ್ಲಿ ಲಭ್ಯವಿರುತ್ತವೆ. ತಾವು ಕೆಳಗಡೆ ಕೊಟ್ಟಿರುವ ಲಿಂಕ್ ಮುಖಾಂತರ ಖರೀದಿಸಬಹದು Amazon : https://amzn.in/d/98q8EXK Website : https://www.jnanayogashrama.org/books_kannada.php
ALfqKqtwUuM,Other,28.98,Live-Sri Siddheshwar Swamiji's English Pravachan (10-4-2022),01:04:19,public,4/10/2022,41.0152865590338,13050,290,25,0,3,2,"Place: Jnanayogashrama, Vijayapur"
rnK7V9HLBJQ,Other,28.98,ನಮಗೆ ಆತ್ಮದರ್ಶನವಾಗಬೇಕಾದರೆ ನಮ್ಮ ದೃಷ್ಟಿಕೋನ ಹೇಗಿರಬೇಕು?,15:49,public,3/15/2025,40.9139499113336,12748,413,30,4,9,2,#siddheshwarswamiji   #Jnanayogi #kannadapravachan #motivationalvideo #SiritualTalks #https://amzn.eu/d/j5QXHyw #https://www.jnanayogashrama.org/mdsmall/mdsm_index.php #https://instagram.com/jnanayogashrama?igshid=ZDdkNTZiNTM= #https://www.facebook.com/jnanayogashrama?mibextid=ZbWKwL
OBDeCkYAJFo,Other,28.96,ನಾವು ಜೀವನದಲ್ಲಿ ಎಂತಹ ತಪಸ್ಸನ್ನು ಮಾಡಬೇಕಾಗಿದೆ?,23:37,public,5/10/2025,40.9819934323838,12950,303,19,4,9,2,#siddheshwarswamiji   #jnanayogi  #kannadapravachan #motivationalvideo #SiritualTalks #https://amzn.eu/d/j5QXHyw #https://www.jnanayogashrama.org/mdsmall/mdsm_index.php #https://instagram.com/jnanayogashrama?igshid=ZDdkNTZiNTM= #https://www.facebook.com/jnanayogashrama?mibextid=ZbWKwL
3OxUnhWO9F8,Other,28.95,ಭಕ್ತಿಯನ್ನು ಯಾವ ರೂಪದಲ್ಲಿ ಮಾಡಿದರೆ ಜೀವನದಲ್ಲಿ ಸಮಾಧಾನ ಸಿಗುತ್ತದೆ?,14:54,public,4/28/2025,40.9672629304327,12906,290,21,4,9,2,#siddheshwarswamiji   #jnanayogi  #kannadapravachan #motivationalvideo #SiritualTalks #https://amzn.eu/d/j5QXHyw #https://www.jnanayogashrama.org/mdsmall/mdsm_index.php #https://instagram.com/jnanayogashrama?igshid=ZDdkNTZiNTM= #https://www.facebook.com/jnanayogashrama?mibextid=ZbWKwL
5X_GZJVxieo,Other,28.94,ಇವು ನಾಲ್ಕು ನಮ್ಮ ಹತ್ತಿರವಿದ್ದರೆ ನಾವು ಸಂತೋಷವಾಗಿ ಇರಬಹುದು?,16:18,public,6/20/2026,40.9629011248311,12893,279,14,2,21,2,ಪೂಜ್ಯರ ಪ್ರವಚನದ ಪುಸ್ತಕಗಳು ಈಗ Amazon & Website ನಲ್ಲಿ ಲಭ್ಯವಿರುತ್ತವೆ. ತಾವು ಕೆಳಗಡೆ ಕೊಟ್ಟಿರುವ ಲಿಂಕ್ ಮುಖಾಂತರ ಖರೀದಿಸಬಹದು Amazon : https://amzn.in/d/98q8EXK Website : https://www.jnanayogashrama.org/books_kannada.php
8x7RIh69LoU,Other,28.88,ನಾವು ಮಾಡುವ ಭಕ್ತಿ ಹೇಗಿದ್ದರೆ ದೇವರಿಗೆ ಇಷ್ಟವಾಗುತ್ತದೆ?,17:03,public,2/9/2026,40.7573523434503,12295,247,18,2,21,2,ಪೂಜ್ಯರ ಪ್ರವಚನದ ಪುಸ್ತಕಗಳು ಈಗ Amazon & Website ನಲ್ಲಿ ಲಭ್ಯವಿರುತ್ತವೆ. ತಾವು ಕೆಳಗಡೆ ಕೊಟ್ಟಿರುವ ಲಿಂಕ್ ಮುಖಾಂತರ ಖರೀದಿಸಬಹದು Amazon : https://amzn.in/d/98q8EXK Website : https://www.jnanayogashrama.org/books_kannada.php
3qUNHGZQjSY,Other,28.88,ನಮಗೆ ನಿಜವಾದ ದೇವರ ದರ್ಶನ ಆಗುವುದು ಯಾವಾಗ?,16:01,public,4/14/2026,40.6276447870056,11932,296,38,2,21,2,ಪೂಜ್ಯರ ಪ್ರವಚನದ ಪುಸ್ತಕಗಳು ಈಗ Amazon & Website ನಲ್ಲಿ ಲಭ್ಯವಿರುತ್ತವೆ. ತಾವು ಕೆಳಗಡೆ ಕೊಟ್ಟಿರುವ ಲಿಂಕ್ ಮುಖಾಂತರ ಖರೀದಿಸಬಹದು Amazon : https://amzn.in/d/98q8EXK Website : https://www.jnanayogashrama.org/books_kannada.php
AqqwH6jIZok,Other,28.86,Live-ವಿಶೇಷ ಕಾರ್ಯಕ್ರಮ (15-07-2023),01:40:09,public,7/15/2023,40.684937846449,12091,273,19,0,2,2,ಜ್ಞಾನಯೋಗಾಶ್ರಮ ವಿಜಯಪುರ
ju6afbEpELQ,Other,28.86,ಯಾವ ಕೆಲಸಗಳನ್ನು ಮಾಡಿದರೆ ನಮ್ಮ ಜೀವನ ಸಮೃದ್ಧವಾಗುತ್ತದೆ?,19:31,public,4/25/2026,40.6935203530161,12115,258,20,2,21,2,ಪೂಜ್ಯರ ಪ್ರವಚನದ ಪುಸ್ತಕಗಳು ಈಗ Amazon & Website ನಲ್ಲಿ ಲಭ್ಯವಿರುತ್ತವೆ. ತಾವು ಕೆಳಗಡೆ ಕೊಟ್ಟಿರುವ ಲಿಂಕ್ ಮುಖಾಂತರ ಖರೀದಿಸಬಹದು Amazon : https://amzn.in/d/98q8EXK Website : https://www.jnanayogashrama.org/books_kannada.php
veea6PuGbWk,Other,28.86,ನಮ್ಮಲ್ಲಿರುವ ನೈಜ ಸಂಪತ್ತು ತಿಳಿಯಲು ಬುದ್ಧಿ ಹೇಗಿರಬೇಕು?,17:18,public,6/25/2026,40.6906614080702,12107,268,20,2,21,2,ಪೂಜ್ಯರ ಪ್ರವಚನದ ಪುಸ್ತಕಗಳು ಈಗ Amazon & Website ನಲ್ಲಿ ಲಭ್ಯವಿರುತ್ತವೆ. ತಾವು ಕೆಳಗಡೆ ಕೊಟ್ಟಿರುವ ಲಿಂಕ್ ಮುಖಾಂತರ ಖರೀದಿಸಬಹದು Amazon : https://amzn.in/d/98q8EXK Website : https://www.jnanayogashrama.org/books_kannada.php
Pkwqu-mKQco,Other,28.85,ಮನಸ್ಸನ್ನು ಸಮಾಧಾನವಾಗಿ ಇಟ್ಟುಕೊಳ್ಳುವ ವಿದ್ಯೆ ಯಾವುದು?,22:10,public,1/26/2026,55.907249997424,407305,4.3K,180,2,21,1,ಪೂಜ್ಯರ ಪ್ರವಚನದ ಪುಸ್ತಕಗಳು ಈಗ Amazon & Website ನಲ್ಲಿ ಲಭ್ಯವಿರುತ್ತವೆ. ತಾವು ಕೆಳಗಡೆ ಕೊಟ್ಟಿರುವ ಲಿಂಕ್ ಮುಖಾಂತರ ಖರೀದಿಸಬಹದು Amazon : https://amzn.in/d/98q8EXK Website : https://www.jnanayogashrama.org/books_kannada.php
5dG5MrM3y1Y,Other,28.85,"ಶ್ರೀ  ಸಿದ್ಧೇಶ್ವರ ಮಹಾಸ್ವಾಮಿಗಳವರ ಗುರುನಮನ ಮಹೋತ್ಸವದ ನಿಮಿತ್ಯವಾಗಿ ಸ್ವಚ್ಛತೆ, ಸಮಯಪಾಲನೆ, ವ್ಯಸನಮುಕ್ತಿ  ಗೋಷ್ಠಿ",02:38:45,public,12/26/2023,40.6799235135712,12077,301,15,0,5,2,26-12-2023 ಸ್ಥಳ : ಜ್ಞಾನಯೋಗಾಶ್ರಮ ವಿಜಯಪುರ.
NzHmxDJWL2Q,Other,28.81,Live- ವಿಶೇಷ ಕಾರ್ಯಕ್ರಮ (01-08-2023),01:25:29,public,8/1/2023,40.5189227433009,11636,273,22,0,2,2,ಜ್ಞಾನಯೋಗಾಶ್ರಮ ವಿಜಯಪುರ
x6Y4CI7-0jc,Other,28.8,ಪೂಜ್ಯ ಶ್ರೀ ಸಿದ್ದೇಶ್ವರ ಸ್ವಾಮಿಗಳವರ ಗುರುನಮನ ಮಹೋತ್ಸವ 2025 ಜ್ಞಾನದಾಸೋಹ ವಿಜಯಪುರ ನಗರದಲ್ಲಿ ಸತ್ಸಂಗ,47:24,public,12/18/2024,40.4894379809126,11557,210,25,0,5,2,"ಸ್ಥಳ : ಗುಮಾಸ್ತ ಕಾಲೋನಿ, ವಿಜಯಪುರ"
bHKzQ73zXAM,Other,28.79,ನಾವು ನಮ್ಮ ಜೀವನವನ್ನು ಹೇಗೆ ಕಟ್ಟಿಕೊಳ್ಳಬೇಕು?,21:26,public,6/18/2026,40.4393407920873,11424,303,19,2,21,2,ಪೂಜ್ಯರ ಪ್ರವಚನದ ಪುಸ್ತಕಗಳು ಈಗ Amazon & Website ನಲ್ಲಿ ಲಭ್ಯವಿರುತ್ತವೆ. ತಾವು ಕೆಳಗಡೆ ಕೊಟ್ಟಿರುವ ಲಿಂಕ್ ಮುಖಾಂತರ ಖರೀದಿಸಬಹದು Amazon : https://amzn.in/d/98q8EXK Website : https://www.jnanayogashrama.org/books_kannada.php
dCulR94BKy8,Other,28.75,ಸಂದೇಹವು ನಮ್ಮ ಸುಖವನ್ನು ಹೇಗೆ ಕೆಡಿಸುತ್ತದೆ?,12:16,public,1/8/2026,40.246036977826,10925,333,27,2,21,2,ಪೂಜ್ಯರ ಪ್ರವಚನದ ಪುಸ್ತಕಗಳು ಈಗ Amazon & Website ನಲ್ಲಿ ಲಭ್ಯವಿರುತ್ತವೆ. ತಾವು ಕೆಳಗಡೆ ಕೊಟ್ಟಿರುವ ಲಿಂಕ್ ಮುಖಾಂತರ ಖರೀದಿಸಬಹದು Amazon : https://amzn.in/d/98q8EXK Website : https://www.jnanayogashrama.org/books_kannada.php
ZxQfgbj6uQA,Other,28.73,ಪೂಜ್ಯ ಶ್ರೀ ಸಿದ್ಧೇಶ್ವರ ಮಹಾಸ್ವಾಮಿಗಳವರ ಗುರುನಮನ ಮಹೋತ್ಸವದ ನಿಮಿತ್ಯವಾಗಿ ಜಾಗತಿಕ ಆಧ್ಯಾತ್ಮಿಕ ಚಿಂತನೆ ಎಂಬ ಗೋಷ್ಠಿ,02:30:00,public,12/25/2023,40.3505407414943,11192,260,9,0,5,2,25-12-2023 ಸ್ಥಳ : ಜ್ಞಾನಯೋಗಾಶ್ರಮ ವಿಜಯಪುರ.
DuYSOwxMbPw,Other,28.72,Live-Sri Siddheshwar Swamiji's English Pravachan (01-05-2022),58:02,public,5/1/2022,40.3046664195912,11074,208,14,0,4,2,Place : Jnanayogashrama Vijayapur
UfSNZdrY9FE,Other,28.7,ಆಶ್ರಮದಲ್ಲಿ ನಡೆಯುತ್ತಿರುವ ಬೇಸಿಗೆ ಸಂಸ್ಕಾರ ಶಿಬಿರ,01:48,public,4/14/2026,40.2760411542985,11001,318,0,0,0,2,
HlxKiosuuu8,Other,28.66,LIVE - ವಿಶೇಷ ಕಾರ್ಯಕ್ರಮ @ ಕಾಖಂಡಕಿ. ಜಿ|| ವಿಜಯಪುರ. (23-10-2022),01:51:59,public,10/23/2022,40.1551604650385,10698,226,7,0,4,2,ಸ್ಥಳ :-ಶ್ರೀ ಗುರುದೇವಾಶ್ರಮ ಕಾಖಂಡಕಿ.
svj6HYs17KE,Other,28.6,ನಮ್ಮ ಜಗತ್ತನ್ನು ನಾವು ಹೇಗೆ ನೋಡಬೇಕಾಗಿದೆ?,06:14,public,5/25/2022,39.9394994279316,10178,205,14,0,0,2,
fW01puOj264,Other,28.59,Live- ಪರಮ ಪೂಜ್ಯ ಶ್ರೀ ಸಿದ್ಧೇಶ್ವರ ಸ್ವಾಮಿಗಳವರ ಸಂಗ್ರಹಿಸಿರುವ ಆಧ್ಯಾತ್ಮಿಕ ಪ್ರವಚನದ ಧ್ವನಿ ಸುರುಳಿ (23-07-2023),57:40,public,7/23/2023,39.8622714350506,9998,220,17,0,2,2,ಜ್ಞಾನಯೋಗಾಶ್ರಮ ವಿಜಯಪುರ
Ov3O0q2qUXA,Other,28.57,ಈ ಜಗತ್ತಿನಲ್ಲಿ ದೇವರಿಗೆ ಅತ್ಯಂತ ಪ್ರಿಯವಾದ ವಸ್ತು ಎಂದರೆ ಯಾವುದು?,10:37,public,5/26/2026,39.8029936125034,9862,245,17,2,21,2,ಪೂಜ್ಯರ ಪ್ರವಚನದ ಪುಸ್ತಕಗಳು ಈಗ Amazon & Website ನಲ್ಲಿ ಲಭ್ಯವಿರುತ್ತವೆ. ತಾವು ಕೆಳಗಡೆ ಕೊಟ್ಟಿರುವ ಲಿಂಕ್ ಮುಖಾಂತರ ಖರೀದಿಸಬಹದು Amazon : https://amzn.in/d/98q8EXK Website : https://www.jnanayogashrama.org/books_kannada.php
b4rY5-IY7Tw,Other,28.57,Live-ವಿಶೇಷ ಕಾರ್ಯಕ್ರಮ.(01-10-2022),37:44,public,10/1/2022,39.7836403540981,9818,244,19,0,4,2,ಸ್ಥಳ :-  ಜ್ಞಾನಯೋಗಾಶ್ರಮ ವಿಜಯಪುರ
bplWe1eTisQ,Other,28.56,ಯಾವುದರ ಬೆಲೆ ಗೊತ್ತಾದಾಗ ಮಾತ್ರ ನಾವು ಶ್ರೀಮಂತರಾಗುತ್ತೇವೆ?,14:26,public,3/25/2026,39.70355425722,9638,268,22,2,21,2,ಪೂಜ್ಯರ ಪ್ರವಚನದ ಪುಸ್ತಕಗಳು ಈಗ Amazon & Website ನಲ್ಲಿ ಲಭ್ಯವಿರುತ್ತವೆ. ತಾವು ಕೆಳಗಡೆ ಕೊಟ್ಟಿರುವ ಲಿಂಕ್ ಮುಖಾಂತರ ಖರೀದಿಸಬಹದು Amazon : https://amzn.in/d/98q8EXK Website : https://www.jnanayogashrama.org/books_kannada.php
SUBOG-I99KQ,Other,28.56,LIVE - ಶ್ರೀ  ಸಿದ್ಧೇಶ್ವರ ಮಹಾಸ್ವಾಮಿಗಳವರ ಗುರುನಮನ ಮಹೋತ್ಸವದ ನಿಮಿತ್ಯವಾಗಿ 'ಯೋಗ ನಮನ',01:55:18,public,1/1/2024,39.7831994999982,9817,224,13,0,5,2,01-01-2024  ಸ್ಥಳ : ಜ್ಞಾನಯೋಗಾಶ್ರಮ ವಿಜಯಪುರ.
SHVT0dNOt84,Other,28.56,ನಾವು ನಿಶ್ಚಿಂತೆಯಿಂದ ಬದುಕಬೇಕಾದರೆ ಏನು ಮಾಡಬೇಕು?,15:42,public,6/23/2026,39.7286291014992,9694,279,21,2,21,2,ಪೂಜ್ಯರ ಪ್ರವಚನದ ಪುಸ್ತಕಗಳು ಈಗ Amazon & Website ನಲ್ಲಿ ಲಭ್ಯವಿರುತ್ತವೆ. ತಾವು ಕೆಳಗಡೆ ಕೊಟ್ಟಿರುವ ಲಿಂಕ್ ಮುಖಾಂತರ ಖರೀದಿಸಬಹದು Amazon : https://amzn.in/d/98q8EXK Website : https://www.jnanayogashrama.org/books_kannada.php
0fguWAoOSD8,Other,28.55,ಜ್ಞಾನಯೋಗಾಶ್ರಮ ವಿಜಯಪುರದಲ್ಲಿ ಜರುಗುವ ಗುರು ಪೂರ್ಣಿಮಾ ಕಾರ್ಯಕ್ರಮದ ವಿವರ,09:04,public,7/21/2021,39.6701952441349,9564,244,24,0,0,2,
YmtHKCSGKp4,Other,28.53,ನಮ್ಮ ಮನೆಯೊಳಗೆ ಆನಂದವಾಗಿರಬೇಕಾದರೆ ಇವೆರಡು ಇರಲೆಬೇಕು.,16:27,public,8/29/2022,60.4281984426926,1157622,11K,272,2,18,0,BOOKS ARE  AVAILABLE IN ONLINE (AMEZON & WEBSITE) LINKS ARE  GIVEN BELOW WEBSITE  - https://www.jnanayogashrama.org AMEZON - https://amzn.eu/d/cJtQoa3
O9KKMcmhL34,Other,28.51,ಜ್ಞಾನಯೋಗಿ ಪೂಜ್ಯ ಶ್ರೀ ಸಿದ್ಧೇಶ್ವರ ಮಹಾಸ್ವಾಮಿಗಳವರ ಗುರುನಮನ ಮಹೋತ್ಸವದ ನಿಮಿತ್ಯವಾಗಿ ಪರಿಸರ ಸಂರಕ್ಷಣೆ ಎಂಬ ಗೋಷ್ಠಿ,01:55:48,public,12/25/2023,39.5953351243571,9400,253,17,0,4,2,ಸ್ಥಳ : ಜ್ಞಾನಯೋಗಾಶ್ರಮ ವಿಜಯಪುರ.
GvsZToBmF0Y,Other,28.51,Live- ಪರಮ ಪೂಜ್ಯ ಶ್ರೀ ಸಿದ್ಧೇಶ್ವರ ಸ್ವಾಮಿಗಳವರ ಸಂಗ್ರಹಿಸಿರುವ ಆಧ್ಯಾತ್ಮಿಕ ಪ್ರವಚನದ ಧ್ವನಿ ಸುರುಳಿ (24-07-2023),59:26,public,7/24/2023,39.6260748203552,9467,204,17,0,2,2,ಜ್ಞಾನಯೋಗಾಶ್ರಮ ವಿಜಯಪುರ
LmoAFP1u4TY,Other,28.48,Live- ಪರಮ ಪೂಜ್ಯ ಶ್ರೀ ಸಿದ್ಧೇಶ್ವರ ಸ್ವಾಮಿಗಳವರ ಸಂಗ್ರಹಿಸಿರುವ ಆಧ್ಯಾತ್ಮಿಕ ಪ್ರವಚನದ ಧ್ವನಿ ಸುರುಳಿ (21-07-2023),58:44,public,7/21/2023,39.56947367664,9344,186,13,0,2,2,ಜ್ಞಾನಯೋಗಾಶ್ರಮ ವಿಜಯಪುರ
a6D743F894g,Other,28.46,Gurupornima Japayoga,02:19:12,public,7/5/2020,39.4933067581938,9181,276,9,-,-,2,
fb47Efp9fKU,Other,28.45,Live- ಪರಮ ಪೂಜ್ಯ ಶ್ರೀ ಸಿದ್ಧೇಶ್ವರ ಸ್ವಾಮಿಗಳವರ ಸಂಗ್ರಹಿಸಿರುವ ಆಧ್ಯಾತ್ಮಿಕ ಪ್ರವಚನದ ಧ್ವನಿ ಸುರುಳಿ (25-07-2023),59:16,public,7/25/2023,39.5139995875054,9225,191,7,0,2,2,ಜ್ಞಾನಯೋಗಾಶ್ರಮ ವಿಜಯಪುರ
1uWGBcjNIL8,Other,28.43,Live- ಪರಮ ಪೂಜ್ಯ ಶ್ರೀ ಸಿದ್ಧೇಶ್ವರ ಸ್ವಾಮಿಗಳವರ ಸಂಗ್ರಹಿಸಿರುವ ಆಧ್ಯಾತ್ಮಿಕ ಪ್ರವಚನದ ಧ್ವನಿ ಸುರುಳಿ (12-07-2023),50:48,public,7/12/2023,39.3270432583169,8835,245,17,0,2,2,ಜ್ಞಾನಯೋಗಾಶ್ರಮ ವಿಜಯಪುರ
uV5xdAVZx-c,Other,28.41,Live -ಮಕರ ಸಂಕ್ರಾಂತಿ ಹಬ್ಬದ ವಿಶೇಷ ಕಾರ್ಯಕ್ರಮಗಳು 14-01-2024,01:24:17,public,1/14/2024,39.3275331100658,8836,184,13,0,5,2,14-01-2024  ಸ್ಥಳ : ಜ್ಞಾನಯೋಗಾಶ್ರಮ ವಿಜಯಪುರ.
domStLw1EgI,Other,28.41,Live- ಪರಮ ಪೂಜ್ಯ ಶ್ರೀ ಸಿದ್ಧೇಶ್ವರ ಸ್ವಾಮಿಗಳವರ ಸಂಗ್ರಹಿಸಿರುವ ಆಧ್ಯಾತ್ಮಿಕ ಪ್ರವಚನದ ಧ್ವನಿ ಸುರುಳಿ (16-07-2023),01:01:23,public,7/16/2023,39.3304710568622,8842,217,13,0,2,2,ಜ್ಞಾನಯೋಗಾಶ್ರಮ ವಿಜಯಪುರ
YgaG8N0LnY0,Other,28.37,Live- ಪರಮ ಪೂಜ್ಯ ಶ್ರೀ ಸಿದ್ಧೇಶ್ವರ ಸ್ವಾಮಿಗಳವರ ಸಂಗ್ರಹಿಸಿರುವ ಆಧ್ಯಾತ್ಮಿಕ ಪ್ರವಚನದ ಧ್ವನಿ ಸುರುಳಿ (30-07-2023),01:00:54,public,7/30/2023,39.2184076036326,8616,174,10,0,2,2,ಜ್ಞಾನಯೋಗಾಶ್ರಮ ವಿಜಯಪುರ
eXeTrb-NqQw,Other,28.36,Live- ಪರಮ ಪೂಜ್ಯ ಶ್ರೀ ಸಿದ್ಧೇಶ್ವರ ಸ್ವಾಮಿಗಳವರ ಸಂಗ್ರಹಿಸಿರುವ ಆಧ್ಯಾತ್ಮಿಕ ಪ್ರವಚನದ ಧ್ವನಿ ಸುರುಳಿ (10-07-2023),56:59,public,7/10/2023,39.0774950049961,8340,251,24,0,2,2,ಜ್ಞಾನಯೋಗಾಶ್ರಮ ವಿಜಯಪುರ
AmyfakA1CgQ,Other,28.36,Live-Sri Siddheshwar Swamiji's English Pravachan (24-4-2022),56:51,public,4/24/2022,39.1336946484379,8449,177,18,0,4,2,Place : Jnanayogashrama Vijayapur.
j-mSg_gm-G8,Other,28.35,"ಶ್ರಾವಣ ಮಾಸದ 3ನೇ ದಿನದ ಪ್ರವಚನ 19-08-2023 ಪ್ರವಚನಕಾರರು : ಪೂಜ್ಯ ಶ್ರೀ ಸಹಜಾನಂದ ಸ್ವಾಮಿಗಳು, ಜಮಖಂಡಿ.",01:28:52,public,8/20/2023,39.110066306387,8403,191,18,0,4,2,ಸ್ಥಳ : ಜ್ಞಾನಯೋಗಾಶ್ರಮ ವಿಜಯಪುರ.
jlarG3O2KR0,Other,28.34,Live- ಪರಮ ಪೂಜ್ಯ ಶ್ರೀ ಸಿದ್ಧೇಶ್ವರ ಸ್ವಾಮಿಗಳವರ ಸಂಗ್ರಹಿಸಿರುವ ಆಧ್ಯಾತ್ಮಿಕ ಪ್ರವಚನದ ಧ್ವನಿ ಸುರುಳಿ (11-07-2023),01:03:42,public,7/11/2023,39,8192,249,24,0,2,2,ಜ್ಞಾನಯೋಗಾಶ್ರಮ ವಿಜಯಪುರ
VUpLwy1TfNo,Other,28.29,Live- ಪರಮ ಪೂಜ್ಯ ಶ್ರೀ ಸಿದ್ಧೇಶ್ವರ ಸ್ವಾಮಿಗಳವರ ಸಂಗ್ರಹಿಸಿರುವ ಆಧ್ಯಾತ್ಮಿಕ ಪ್ರವಚನದ ಧ್ವನಿ ಸುರುಳಿ (29-07-2023),01:08:08,public,7/29/2023,38.9076198688927,8019,187,20,0,2,2,ಜ್ಞಾನಯೋಗಾಶ್ರಮ ವಿಜಯಪುರ
ym4M9YDLcCU,Other,28.29,ಮತ್ತೊಬ್ಬರ ದೋಷವನ್ನು ಕಂಡುಹಿಡಿಯಲು ಹೋಗಬಾರದು ಏಕೆ?,16:52,public,1/16/2023,55.4243499305,364304,4.4K,124,2,18,1,BOOKS ARE  AVAILABLE IN ONLINE (AMEZON & WEBSITE) LINKS ARE  GIVEN BELOW WEBSITE  - https://www.jnanayogashrama.org AMAZON - https://amzn.eu/d/cJtQoa3
irrZOqCMnic,Other,28.28,ಹೊಯ್ದಾಡುವ ಮನಸ್ಸನ್ನು ಗಟ್ಟಿಯಾಗಿ ನಿಲ್ಲಿಸುವುದು ಹೇಗೆ?,19:22,public,2/10/2024,55.3757845572219,360239,4.5K,131,4,5,1,#https://amzn.eu/d/j5QXHyw #https://www.jnanayogashrama.org/mdsmall/mdsm_index.php #https://instagram.com/jnanayogashrama?igshid=ZDdkNTZiNTM= #https://www.facebook.com/jnanayogashrama?mibextid=ZbWKwL ​
-53OjXQbYBY,Other,28.27,ಸ್ವರ್ಗವನ್ನು ಎಲ್ಲೆಲ್ಲಿ ಕಾಣಬಹುದು?,01:54,public,1/13/2026,38.8805489454956,7969,292,8,0,0,2,
Hf3a6ZhBpjI,Other,28.26,Live- ಪರಮ ಪೂಜ್ಯ ಶ್ರೀ ಸಿದ್ಧೇಶ್ವರ ಸ್ವಾಮಿಗಳವರ ಸಂಗ್ರಹಿಸಿರುವ ಆಧ್ಯಾತ್ಮಿಕ ಪ್ರವಚನದ ಧ್ವನಿ ಸುರುಳಿ (26-07-2023),58:05,public,7/26/2023,38.8544005857984,7921,178,14,0,2,2,ಜ್ಞಾನಯೋಗಾಶ್ರಮ ವಿಜಯಪುರ
udXTPWWPtiM,Other,28.25,Live- ದೀಪಾವಳಿ ಪಾಡ್ಯಾ ನಿಮಿತ್ಯವಾಗಿ ವೀಶೆಷ ಕಾಯ೯ಕ್ರಮ (26-10-2022),46:10,public,10/26/2022,38.8838064106188,7975,155,5,0,11,2,"ಸ್ಥಳ :- ಶ್ರೀ ಗುರುದೇವಾಶ್ರಮ, ಕಾಖಂಡಕಿ.  # jnanayogashram vijayapura  # Siddheshwara Swamiji"
Znnbd1L2RMA,Other,28.22,Live- ಪರಮ ಪೂಜ್ಯ ಶ್ರೀ ಸಿದ್ಧೇಶ್ವರ ಸ್ವಾಮಿಗಳವರ ಸಂಗ್ರಹಿಸಿರುವ ಆಧ್ಯಾತ್ಮಿಕ ಪ್ರವಚನದ ಧ್ವನಿ ಸುರುಳಿ (17-07-2023),01:00:21,public,7/17/2023,38.7059945570055,7654,205,12,0,2,2,ಜ್ಞಾನಯೋಗಾಶ್ರಮ ವಿಜಯಪುರ
tfYEkfZK5wM,Other,28.22,Live- ಪರಮ ಪೂಜ್ಯ ಶ್ರೀ ಸಿದ್ಧೇಶ್ವರ ಸ್ವಾಮಿಗಳವರ ಸಂಗ್ರಹಿಸಿರುವ ಆಧ್ಯಾತ್ಮಿಕ ಪ್ರವಚನದ ಧ್ವನಿ ಸುರುಳಿ (28-07-2023),01:01:05,public,7/28/2023,38.7279917790205,7693,180,13,0,2,2,ಜ್ಞಾನಯೋಗಾಶ್ರಮ ವಿಜಯಪುರ
Q9U8XeAOrDE,Other,28.21,ಜ್ಞಾನಯೋಗಿ ಪರಮ ಪೂಜ್ಯ ಶ್ರೀ ಸಿದ್ಧೇಶ್ವರ ಮಹಾಸ್ವಾಮಿಗಳವರ ಗುರುನಮನ ಕಾರ್ಯಕ್ರಮ ನಿಮಿತ್ಯವಾಗಿ ಪತ್ರಕಾರರ ಜೊತೆ ಸಂವಾದ,07:46,public,11/27/2023,38.6753511096549,7600,173,18,0,13,2,ಜ್ಞಾನಯೋಗಿ ಪರಮ ಪೂಜ್ಯ ಶ್ರೀ ಸಿದ್ಧೇಶ್ವರ ಮಹಾಸ್ವಾಮಿಗಳವರ ಗುರುನಮನ ಕಾರ್ಯಕ್ರಮ ನಿಮಿತ್ಯವಾಗಿ ಪತ್ರಕಾರರ ಜೊತೆ ಸಂವಾದ (26-11-2023)
1CSnSBdCaOw,Other,28.19,ಮನಸ್ಸು ಮಾಡಿದರೆ ಏನೆಲ್ಲಾ ಮಾಡಬಹುದು?,27:12,public,11/6/2021,55.2882692643874,353028,4.7K,110,0,0,1,
3w4q3N2gV1M,Mind,28.19,ನಮ್ಮ ಮನಸ್ಸನ್ನು ಸ್ಥಿರವಾಗಿ ನಿಲ್ಲಿಸಲು ಏನು ಮಾಡಬೇಕು? - What must be done to make our mind steady?,23:17,public,9/24/2023,55.2939786066574,353494,4.1K,154,4,5,1,#https://instagram.com/jnanayogashrama?igshid=ZDdkNTZiNTM= #https://www.facebook.com/jnanayogashrama?mibextid=ZbWKwL # https://amzn.eu/d/j5QXHyw #https://www.jnanayogashrama.org/mdsmall/mdsm_index.php
499xG7xHno0,Other,28.18,ದೇವರು ಎಂದರೆ ಯಾರು?,13:11,public,1/7/2022,55.330991852731,356530,4.3K,118,0,0,1,
5baRKlPh1us,Other,28.16,Live:- ಜ್ಞಾನಯೋಗಾಶ್ರಮ ವಿಜಯಪುರದಲ್ಲಿ ಸಂಧ್ಯಾ ಕಾಲದ ಮಂಗಳಾರತಿ.,07:28,public,4/12/2022,38.5223337707852,7336,157,15,0,6,2,Live:- ಜ್ಞಾನಯೋಗಾಶ್ರಮ ವಿಜಯಪುರದಲ್ಲಿ ಸಂಧ್ಯಾ ಕಾಲದ ಮಂಗಳಾರತಿ.
M8FuAbZ3mOM,Other,28.15,Live- ಪರಮ ಪೂಜ್ಯ ಶ್ರೀ ಸಿದ್ಧೇಶ್ವರ ಸ್ವಾಮಿಗಳವರ ಸಂಗ್ರಹಿಸಿರುವ ಆಧ್ಯಾತ್ಮಿಕ ಪ್ರವಚನದ ಧ್ವನಿ ಸುರುಳಿ (22-07-2023),01:02:48,public,7/22/2023,38.5004493169788,7299,189,12,0,2,2,ಜ್ಞಾನಯೋಗಾಶ್ರಮ ವಿಜಯಪುರ
BmaLOn6nFxw,Other,28.15,Live- ವೇದಾಂತ ಕೇಸರಿ ಪೂಜ್ಯ ಶ್ರೀ ಮಲ್ಲಿಕಾರ್ಜುನ ಮಹಾಶಿವಯೋಗಿಗಳವರ ಪ್ರವಚನದ ಧ್ವನಿ ಸುರಳಿ (26-06-2023),01:16:55,public,6/26/2023,38.541172038274,7368,171,9,0,4,2,ಸ್ಥಳ : ಜ್ಞಾನಯೋಗಾಶ್ರಮ ವಿಜಯಪುರ.
VpWs5Z-7KS4,Other,28.14,Live-ಅಂತರಾಷ್ಟ್ರೀಯ ಯೋಗ ದಿನಾಚರಣೆ (21-06-2023),02:25:43,public,6/21/2023,38.5069670725194,7310,251,4,0,4,2,ಸ್ಥಳ : ಜ್ಞಾನಯೋಗಾಶ್ರಮ ವಿಜಯಪುರ.
DiWr4_yQijw,Other,28.13,ಜೀವನದಲ್ಲಿ ಮಾಡಬಾರದ ಮತ್ತು ಮಾಡಬೇಕಾದ 5 ಕೆಲಸಗಳು,28:52,public,6/10/2023,55.4297165525231,364756,3.6K,103,0,0,1,
Ii0IxH3FPB8,Other,28.13,ಅಹಂಕಾರದಿಂದ ಮೆರೆದವರಿಗೆ  ಏನೆಲ್ಲಾ ಆಗುತ್ತದೆ?,14:07,public,1/16/2022,55.4101533297127,363111,3.8K,95,0,0,1,
BeHEgo19BO4,Other,28.11,ತೃಪ್ತಿ ಎಂಬುದು ಎಲ್ಲಿದೆ?,12:03,public,6/6/2022,55.2895195927434,353130,4.2K,109,0,0,1,
fZ2BVIrNqCY,Other,28.1,Live- ಪರಮ ಪೂಜ್ಯ ಶ್ರೀ ಸಿದ್ಧೇಶ್ವರ ಸ್ವಾಮಿಗಳವರ ಸಂಗ್ರಹಿಸಿರುವ ಆಧ್ಯಾತ್ಮಿಕ ಪ್ರವಚನದ ಧ್ವನಿ ಸುರುಳಿ (19-07-2023),01:02:10,public,7/19/2023,38.3107527821846,6986,191,16,0,2,2,ಜ್ಞಾನಯೋಗಾಶ್ರಮ ವಿಜಯಪುರ
ZhFKHGertdc,Other,28.09,"ಜ್ಞಾನಯೋಗಿ ಪ. ಪೂ. ಶ್ರೀ ಸಿದ್ಧೇಶ್ವರ ಮಹಾಸ್ವಾಮಿಗಳವರ ""ಗುರುನಮನ"" ಕಾರ್ಯಕ್ರಮದ ಪೂರ್ವಭಾವಿ ಸಭೆ (ಭಾಗ - 1)06-10-23",18:40,public,10/7/2023,38.3225080059545,7005,162,12,0,16,2,"02-01-2024 ಕ್ಕೆ ಜರಗಲಿರುವ ಜ್ಞಾನಯೋಗಿ ಪ. ಪೂ. ಶ್ರೀ ಸಿದ್ಧೇಶ್ವರ ಮಹಾಸ್ವಾಮಿಗಳವರ ""ಗುರುನಮನ"" ಕಾರ್ಯಕ್ರಮದ ಪೂರ್ವಭಾವಿ ಸಭೆ (ಭಾಗ - 1)"
IwPv4DOWxsE,Other,28.09,Live- ಪರಮ ಪೂಜ್ಯ ಶ್ರೀ ಸಿದ್ಧೇಶ್ವರ ಸ್ವಾಮಿಗಳವರ ಸಂಗ್ರಹಿಸಿರುವ ಆಧ್ಯಾತ್ಮಿಕ ಪ್ರವಚನದ ಧ್ವನಿ ಸುರುಳಿ (14-07-2023),01:03:35,public,7/14/2023,38.3496086701932,7049,185,6,0,2,2,ಜ್ಞಾನಯೋಗಾಶ್ರಮ ವಿಜಯಪುರ
7Z2t7z8W4sE,Other,28.07,ಜಗತ್ತನ್ನು ಸುಧಾರಿಸುತ್ತೇನೆಂದು ಹೊರಟಾಗ ನೋವು ಏಕೆ ಮಾಡಿಕೊಳ್ಳಬಾರದು?,11:36,public,4/8/2026,38.218709022078,6839,194,13,2,21,2,ಪೂಜ್ಯರ ಪ್ರವಚನದ ಪುಸ್ತಕಗಳು ಈಗ Amazon & Website ನಲ್ಲಿ ಲಭ್ಯವಿರುತ್ತವೆ. ತಾವು ಕೆಳಗಡೆ ಕೊಟ್ಟಿರುವ ಲಿಂಕ್ ಮುಖಾಂತರ ಖರೀದಿಸಬಹದು Amazon : https://amzn.in/d/98q8EXK Website : https://www.jnanayogashrama.org/books_kannada.php
SZZQmQvY8xM,Other,28.05,Live- ಪರಮ ಪೂಜ್ಯ ಶ್ರೀ ಸಿದ್ಧೇಶ್ವರ ಸ್ವಾಮಿಗಳವರ ಸಂಗ್ರಹಿಸಿರುವ ಆಧ್ಯಾತ್ಮಿಕ ಪ್ರವಚನದ ಧ್ವನಿ ಸುರುಳಿ (27-07-2023),57:26,public,7/27/2023,38.1773768144825,6774,188,13,0,2,2,ಜ್ಞಾನಯೋಗಾಶ್ರಮ ವಿಜಯಪುರ
Er1C1bzRFNY,Other,28.02,ಕಂಡ ಕನಸು ನನಸಾಗಬೇಕಾದರೆ ನಮ್ಮ ಹತ್ತಿರ ಏನಿರಬೇಕು?,15:50,public,1/20/2024,55.2048011106548,346285,4.1K,107,4,5,1,#https://amzn.eu/d/j5QXHyw #https://www.jnanayogashrama.org/mdsmall/mdsm_index.php #https://instagram.com/jnanayogashrama?igshid=ZDdkNTZiNTM= #https://www.facebook.com/jnanayogashrama?mibextid=ZbWKwL ​
a59CxRmacZQ,Other,28.01,Bhagvad Gita lecture by Sri Siddheshwar Swamiji - Series I (Part -1),47:01,public,6/23/2021,55.1802593610863,344327,3.8K,138,0,0,1,
-jPoHYU_8b4,Other,28.01,Live- ಪರಮ ಪೂಜ್ಯ ಶ್ರೀ ಸಿದ್ಧೇಶ್ವರ ಸ್ವಾಮಿಗಳವರ ಸಂಗ್ರಹಿಸಿರುವ ಆಧ್ಯಾತ್ಮಿಕ ಪ್ರವಚನದ ಧ್ವನಿ ಸುರುಳಿ (13-07-2023),54:11,public,7/13/2023,38.0463502948502,6572,184,13,0,2,2,ಜ್ಞಾನಯೋಗಾಶ್ರಮ ವಿಜಯಪುರ
yIx4NMCH57Q,Other,28,"ಪೂಜ್ಯ ಶ್ರೀ ಈಶಪ್ರಸಾದ ಮಹಾಸ್ವಾಮಿಗಳು, ಷಣ್ಮುಖ ಶಿವಯೋಗಿಗಳ ಗುರುದೇವಾಶ್ರಮ, ಅಥರ್ಗಾ",01:00:12,public,8/17/2024,38.0039956070176,6508,140,15,0,0,2,
pIv2vtqf8wY,Other,27.98,ಈ ಜಗತ್ತಿನಲ್ಲಿ ನಮ್ಮ ಬದುಕನ್ನು ಹೇಗೆ ಅರಳಿಸಬೇಕು?,26:00,public,1/23/2023,55.2277501232111,348126,3.4K,131,0,0,1,
QxscXWAz8ps,Other,27.92,ವಿದ್ಯಾರ್ಥಿಗಳ ಜೀವನದಲ್ಲಿ ತನ್ಮಯತೆ ಎಂಬುದು ಹೇಗಿರಬೇಕು?,22:53,public,4/1/2026,37.7386549584197,6121,194,14,2,21,2,ಪೂಜ್ಯರ ಪ್ರವಚನದ ಪುಸ್ತಕಗಳು ಈಗ Amazon & Website ನಲ್ಲಿ ಲಭ್ಯವಿರುತ್ತವೆ. ತಾವು ಕೆಳಗಡೆ ಕೊಟ್ಟಿರುವ ಲಿಂಕ್ ಮುಖಾಂತರ ಖರೀದಿಸಬಹದು Amazon : https://amzn.in/d/98q8EXK Website : https://www.jnanayogashrama.org/books_kannada.php
9JSPg8BSQLU,Other,27.9,How to take out our mental weakness - A very Important talk by Pujya Sri Siddheshwar Swamiji,14:23,public,2/5/2021,54.9888898016185,329434,4.4K,120,0,2,1,#Dharma #KannadaPravachana
hDVNjrjiHCs,Other,27.87,(23-06-2024) ಮಹಿಳಾ ವಿಚಾರ ಸಂಕಿರಣ -2024,01:42:39,public,6/25/2024,37.6094702195975,5941,119,14,0,0,2,
MEwkfBNcF70,Other,27.84,ನಾಡಹಬ್ಬ  ದಸರಾ ಉತ್ಸವದಲ್ಲಿ ಜ್ಞಾನಯೋಗಿ ಪರಮ ಪೂಜ್ಯ ಶ್ರೀ ಸಿದ್ಧೇಶ್ವರ ಮಹಾಸ್ವಾಮೀಜಿಯವರ ಸ್ತಬ್ದ ಚಿತ್ರದ ಪ್ರದರ್ಶನ.,00:38,public,10/24/2023,37.4710485172179,5754,181,15,0,0,2,
IpSalWcEDoU,Other,27.8,ಧ್ಯಾನ ಮಾಡುವುದರಿಂದ ಏನೆಲ್ಲಾ ಆಗುತ್ತದೆ?,18:18,public,2/4/2023,54.8655980373101,320182,4.2K,133,2,18,1,BOOKS ARE  AVAILABLE IN ONLINE (AMEZON & WEBSITE) LINKS ARE  GIVEN BELOW WEBSITE  - https://www.jnanayogashrama.org AMAZON - https://amzn.eu/d/cJtQoa3
1hSPwd6hkks,Other,27.76,Can we learn to be content with what we have? - Fulfilling talk by Sri Siddheshwar Swamiji,11:48,public,3/14/2021,54.994443586694,329857,3.6K,106,0,3,1,#SiddheshwarSwamiji #KannadaPravachana #KannadaMotivational
Wl88ZsyFFUY,Other,27.75,LIVE - ವಿಶೇಷ ಕಾರ್ಯಕ್ರಮ @ ಕಾಖಂಡಕಿ. ಜಿ|| ವಿಜಯಪುರ. (30-10-2022),15:41,public,10/30/2022,37.2646167205448,5486,109,9,0,11,2,"ಸ್ಥಳ :- ಶ್ರೀ ಗುರುದೇವಾಶ್ರಮ, ಕಾಖಂಡಕಿ.  # jnanayogashram vijayapura  # Siddheshwara Swamiji"
j32ecMyI6iE,Life,27.74,Every single moment is very important in our life - Sri Siddheshwar Swamiji,13:46,public,3/29/2021,55.0127089187559,331252,3.6K,93,0,0,1,
Yx2ZqDBKE0I,Other,27.74,ಜ್ಞಾನಯೋಗಿ ಪೂಜ್ಯ ಶ್ರೀ ಸಿದ್ಧೇಶ್ವರ ಮಹಾಸ್ವಾಮಿಗಳವರ ಗುರುನಮನ ಮಹೋತ್ಸವದ ನಿಮಿತ್ಯವಾಗಿ ಪರಿಸರ ಸಂರಕ್ಷಣೆ ಎಂಬ ಗೋಷ್ಠಿ,43:34,public,12/25/2023,37.2122314087237,5420,139,10,0,4,2,ಸ್ಥಳ : ಜ್ಞಾನಯೋಗಾಶ್ರಮ ವಿಜಯಪುರ.
ZC3ITf4qXAU,Other,27.73,ನಮ್ಮ ಮುಖದ ಮೇಲಿನ ಪ್ರಸನ್ನತೆ ಕಾಪಾಡಿಕೊಳ್ಳುವುದು ಹೇಗೆ?,14:41,public,6/5/2023,54.9802890468436,328780,3.4K,114,0,0,1,
OGNyZbO-reA,Other,27.69,The story of an old lady and a businessman as narrated by Sri Siddheshwar Swamiji (Kannada),06:58,public,11/28/2020,54.9163150580803,323956,3.6K,104,-,-,1,
Zbtukaci_DY,Other,27.69,How to increase your Self-confidence? Listen to this Motivational talk by Sri Siddheshwar Swamiji.,19:10,public,12/30/2020,54.905533398158,323150,4K,84,0,13,1,#KannadaPravachana #MotivationalSpeech #SiddeshwarSwamiji #SelfConfidence This video is an excerpt from the Paramashanti series.
zNxPxsk3fF8,Other,27.66,ನಮ್ಮನ್ನು   ಯಾವುದು  ದಾರಿ ತಪ್ಪಿಸುತ್ತಿದೆ ?                                 #jnanayogashrama,19:26,public,10/11/2022,54.8872530031419,321788,3.5K,111,0,0,1,
JqZOCpl2jyo,Other,27.66,Atman is at the centre of everything - Spiritual talk by Sri Siddheshwar Swamiji,17:12,public,5/7/2021,36.9454486867689,5096,138,8,0,0,2,
wyr7ek0NXl0,Other,27.64,Live- ವೇದಾಂತಕೇಸರಿ ಪೂಜ್ಯ ಶ್ರೀ ಮಲ್ಲಿಕಾರ್ಜುನ ಮಹಾಶಿವಯೋಗಿಗಳವರ 121 ನೆಯ ಜಯಂತ್ಯೋತ್ಸವ - ಧರ್ಮ ಧ್ವಜಾರೋಹಣ,17:41,public,11/8/2023,36.8614055582601,4998,120,12,0,4,2,ಸ್ಥಳ : ಜ್ಞಾನಯೋಗಾಶ್ರಮ ವಿಜಯಪುರ.
-8ZU5QRTBAQ,Other,27.63,ಮನುಷ್ಯ ಈಗ ಯಾವ ಲಕ್ಷಣದಲ್ಲಿದ್ದಾನೆ?,02:01,public,3/8/2026,36.819638429563,4950,210,6,0,0,2,
hWpPxz7_3k8,Other,27.58,Viveka - The Power of Discrimination - Succintly explained by Sri Siddheshwar Swamiji (English),04:47,public,12/1/2020,36.7026560347154,4818,109,8,-,-,2,
AY9ElJRqpU4,Other,27.58,ಪೂಜ್ಯ ಶ್ರೀ ಸಿದ್ಧೇಶ್ವರ ಸ್ವಾಮಿಗಳವರ ದಿವ್ಯ ಸನ್ನಿಧಿಯಲ್ಲಿ  ಚಿಕ್ಕಬಳ್ಳಾಪುರದ ತಂಡದವರು  ನಾದ ಸ್ವರ ಸೇವೆ ಮಾಡಿದರು.,29:22,public,5/17/2023,36.5870393564879,4691,136,20,0,0,2,
cVYUObVnK8Y,Mind,27.58,The mind is like a pot full of holes - Insightful talk by Sri Siddheshwar Swamiji,14:18,public,2/12/2021,54.8790810743244,321181,3.4K,85,0,4,1,#SiddheshwarSwamiji #KannadaPravachana #Adhyamta #Dharma
hJKxH82ugig,Other,27.57,LIVE- ಧರ್ಮ ಧ್ವಜಾರೋಹಣ,05:12,public,10/20/2022,36.6538730935923,4764,104,10,0,4,2,ಸ್ಥಳ :-  ಜ್ಞಾನಯೋಗಾಶ್ರಮ ವಿಜಯಪುರ.
9wC3-a7ZHFY,Other,27.54,Live- ವೇದಾಂತಕೇಸರಿ ಪೂಜ್ಯ ಶ್ರೀ ಮಲ್ಲಿಕಾರ್ಜುನ ಮಹಾಶಿವಯೋಗಿಗಳವರ 121 ನೆಯ ಜಯಂತ್ಯೋತ್ಸವ - ಪಲ್ಲಕ್ಕಿ ಉತ್ಸವ,28:45,public,11/8/2023,36.6026958151153,4708,97,6,0,4,2,ಸ್ಥಳ : ಜ್ಞಾನಯೋಗಾಶ್ರಮ ವಿಜಯಪುರ.
SCATGgm8ILA,Life,27.54,Words we speak are very important in our life - Talk by Sri Siddheshwar Swamiji,16:07,public,6/25/2021,54.6121084426167,301968,4.1K,119,0,0,1,
iBltWa8uMOM,Other,27.54,This whole world is Maya - Sri Siddheshwar Swamiji explains on the nature of this world.,14:58,public,3/1/2021,54.8444998280529,318625,3.2K,92,0,2,1,#SiddeshwarSwamiji #KannadaPravachana
AoGNpLCUetU,Other,27.52,Sri Siddheshwar Swamiji chanting Saha navavatu ಪೂಜ್ಯ ಸಿದ್ಧೇಶ್ವರ ಸ್ವಾಮಿಜಿಯವರಿಂದ ಸಹನಾವವತು ಮಂತ್ರ ಬೋಧನೆ,00:39,public,12/12/2020,36.5219681224996,4621,109,5,0,0,2,
eGqj2UwZwyY,Success,27.51,3 Steps to Achieve Success - Sri Siddheshwar Swamiji's formula for Students and Youth.,09:22,public,1/18/2021,54.3893733938266,286821,5K,122,0,3,1,#SiddeshwarSwamiji #KannadaPravachana #KannadaMotivational
9B9QVikLJdQ,Other,27.49,"ವೇದಾಂತಕೇಸರಿ ಪೂಜ್ಯ ಶ್ರೀ ಮಲ್ಲಿಕಾರ್ಜುನ ಮಹಾಶಿವಯೋಗಿಗಳವರ ಪ್ರವಚನ-ಪರಮಾನುಭವ ಬೋಧೆ (ಸಂಧಿ-4,ಸೂತ್ರ-1)",01:14:45,public,6/1/2026,36.3451309504851,4436,137,15,0,0,2,
pHxVorTl6FU,Other,27.47,ಪರಮ ಪೂಜ್ಯ ಶ್ರೀ ಬಸವಲಿಂಗ ಮಹಾಸ್ವಾಮಿಗಳ ಪ್ರವಚನ - Video 1,48:52,public,7/29/2020,36.3568232181705,4448,91,7,-,-,2,ಶ್ರಾವಣ ಮಾಸದ ಪ್ರವಚನಗಳು - 2020
w9qow0Q87Gw,Other,27.45,ಸಂತೋಷ ಎಂಬುದು ಎಷ್ಟು ಮಹತ್ವದ್ದು?,00:58,public,6/28/2026,36.2792621713327,4369,146,5,0,0,2,
vBDzPUKG7D0,Other,27.43,ನಮ್ಮೆಲ್ಲರ ಹಿಂದೆ ಇರುವ ಅದ್ಭುತ ಶಕ್ತಿ ಯಾವುದು?,20:38,public,7/7/2023,54.6378453689571,303769,3.1K,128,4,15,1,#siddheshwar swamiji  #Jnanayogashramavijayapur #https://instagram.com/jnanayogashrama?igshid=ZDdkNTZiNTM= #https://www.facebook.com/jnanayogashrama?mibextid=ZbWKwL #Kathamrutha (Tales told by Siddheshwar Swamiji in Kannada) https://amzn.eu/d/j5QXHyw #https://www.jnanayogashrama.org/mdsmall/mdsm_index.php
YH6Prr9m7sE,Purpose,27.42,Sri Siddheshwar Swamiji talks about the purpose and reason behind why we have come to this world!,16:00,public,4/26/2021,54.6771756862383,306542,3.4K,85,0,3,1,#SiddheshwarSwamiji #KannadaMotivational #KannadaPravachana
_o3faufsfa0,Other,27.42,ಯೋಗ ಜೀವನ ಗೋಷ್ಠಿಯ ಕುರಿತು ಡಾ. ಪ್ರಶಾಂತ ಕಟಕೋಳವರಿಂದ  ಅನುಭಾವದ ಮಾತುಗಳು,31:57,public,1/9/2025,36.2143870876699,4304,95,5,0,22,2,ಪೂಜ್ಯ ಶ್ರೀ ಸಿದ್ಧೇಶ್ವರ ಮಹಾಸ್ವಾಮಿಗಳವರ ಗುರುನಮನ ಮಹೋತ್ಸವ-2025 28-12-2024 ರಂದು ನಡೆದ ಯೋಗ ಜೀವನ ಗೋಷ್ಠಿಯ ಕುರಿತು  ಡಾ. ಪ್ರಶಾಂತ ಕಟಕೋಳವರಿಂದ ಅನುಭಾವದ ಮಾತುಗಳು ಸ್ಥಳ : ಜ್ಞಾನಯೋಗಾಶ್ರಮ ವಿಜಯಪುರ
jyW1Rk24-mY,Other,27.41,ಜ್ಞಾನಯೋಗಾಶ್ರಮದಲ್ಲಿ ಬಸವೇಶ್ವರ ಜಯಂತ್ಯುತ್ಸವ ಕಾರ್ಯಕ್ರಮ. (09-06-2024,01:19:06,public,6/10/2024,36.145460621977,4236,110,8,0,4,2,"ಸ್ಥಳ : ಜ್ಞಾನಯೋಗಾಶ್ರಮ, ವಿಜಯಪುರ"
j2Lf1SrqiLU,Other,27.37,ಶ್ರಾವಣ ಮಾಸದ 5ನೇ ದಿನದ ಪ್ರವಚನ 21-08-2023,01:35:12,public,8/23/2023,36.0252858662117,4120,82,9,0,13,2,"ಪ್ರವಚನ : ಪೂಜ್ಯ ಶ್ರೀ ಚಿನ್ಮಯಾನಂದ ಸ್ವಾಮಿಗಳು ಗುರುದೇವಾಶ್ರಮ, ಕಾಜಿಬೀಳಗಿ                   ಪೂಜ್ಯ ಶ್ರೀ ವಚನಾನಂದ ಸ್ವಾಮಿಗಳು. ಹರಿಹರ."
2k51oUi8qWc,Other,27.34,ಎಂತಹ ಮಾತುಗಳನ್ನು ನಮ್ಮ ತಲೆಯಲ್ಲಿ ಹಾಕಿಕೊಳ್ಳಬಾರದು? - What words should not be put in our head? -,12:14,public,8/28/2023,54.5992614254855,301073,3.4K,79,4,5,1,#https://instagram.com/jnanayogashrama?igshid=ZDdkNTZiNTM= #https://www.facebook.com/jnanayogashrama?mibextid=ZbWKwL # https://amzn.eu/d/j5QXHyw #https://www.jnanayogashrama.org/mdsmall/mdsm_index.php
owqcPtkm-1E,Other,27.32,Live- ವೇದಾಂತಕೇಸರಿ ಪೂಜ್ಯ ಶ್ರೀ ಮಲ್ಲಿಕಾರ್ಜುನ ಮಹಾಶಿವಯೋಗಿಗಳವರ 121 ನೆಯ ಜಯಂತ್ಯೋತ್ಸವ - ಗದ್ದುಗೆಯ ಮಹಾಪೂಜೆ,34:09,public,11/8/2023,35.8143279786577,3924,91,11,0,4,2,ಸ್ಥಳ : ಜ್ಞಾನಯೋಗಾಶ್ರಮ ವಿಜಯಪುರ.
undjnB7aQ04,Other,27.31,Live- ವೇದಾಂತ ಕೇಸರಿ ಪೂಜ್ಯ ಶ್ರೀ ಮಲ್ಲಿಕಾರ್ಜುನ ಮಹಾಶಿವಯೋಗಿಗಳವರ  ಪ್ರವಚನದ ಧ್ವನಿ ಸುರಳಿ (28-06-2023),01:20:28,public,6/28/2023,35.8330381024135,3941,102,4,0,4,2,ಸ್ಥಳ : ಜ್ಞಾನಯೋಗಾಶ್ರಮ ವಿಜಯಪುರ.
FuC10TdOa8Q,Other,27.31,Live- ವೇದಾಂತ ಕೇಸರಿ ಪೂಜ್ಯ ಶ್ರೀ ಮಲ್ಲಿಕಾರ್ಜುನ ಮಹಾಶಿವಯೋಗಿಗಳವರ  ಪ್ರವಚನದ ಧ್ವನಿ ಸುರಳಿ (02-07-2023),01:13:35,public,7/2/2023,35.8165333723985,3926,107,9,0,4,2,ಸ್ಥಳ : ಜ್ಞಾನಯೋಗಾಶ್ರಮ ವಿಜಯಪುರ.
CX3lNvl587U,Other,27.3,ಜೀವನದಲ್ಲಿ ಸಮಾಧಾನ ಎಂಬುದು ಎಷ್ಟು ಅವಶ್ಯಕ?,17:46,public,2/5/2024,54.5739730042464,299319,3.1K,90,4,5,1,#https://amzn.eu/d/j5QXHyw #https://www.jnanayogashrama.org/mdsmall/mdsm_index.php #https://instagram.com/jnanayogashrama?igshid=ZDdkNTZiNTM= #https://www.facebook.com/jnanayogashrama?mibextid=ZbWKwL ​
bLnpdcJ2qzk,Other,27.29,ಪೂಜ್ಯ ಶ್ರೀ ಸಿದ್ಧೇಶ್ವರ ಮಹಾಸ್ವಾಮಿಗಳವರ ಗುರುನಮನ ಮಹೋತ್ಸವದ ನಿಮಿತ್ಯವಾಗಿ ಜಾಗತಿಕ ಆಧ್ಯಾತ್ಮಿಕ ಚಿಂತನೆ ಎಂಬ ಗೋಷ್ಠಿ,21:01,public,12/26/2023,35.7375454344072,3855,119,10,0,5,2,25-12-2023 ಸ್ಥಳ : ಜ್ಞಾನಯೋಗಾಶ್ರಮ ವಿಜಯಪುರ.
_jr_R5XfwcM,Other,27.27,Live- ವೇದಾಂತ ಕೇಸರಿ ಪೂಜ್ಯ ಶ್ರೀ ಮಲ್ಲಿಕಾರ್ಜುನ ಮಹಾಶಿವಯೋಗಿಗಳವರ  ಪ್ರವಚನದ ಧ್ವನಿ ಸುರಳಿ (02-07-2023),01:30:39,public,7/3/2023,35.6844532899238,3808,90,9,0,11,2,Live- ವೇದಾಂತ ಕೇಸರಿ ಪೂಜ್ಯ ಶ್ರೀ ಮಲ್ಲಿಕಾರ್ಜುನ ಮಹಾಶಿವಯೋಗಿಗಳವರ  ಪ್ರವಚನದ ಧ್ವನಿ ಸುರಳಿ (02-07-2023)
pWMF2JHZ3jQ,Other,27.27,ಪೂಜ್ಯ ಶ್ರೀ ಸಿದ್ದೇಶ್ವರ ಮಹಾಸ್ವಾಮಿಗಳವರ ಗುರು ನಮನ ಮಹೋತ್ಸವ 2025  ಹಳ್ಳಿಗಳಲ್ಲಿ ಜ್ಞಾನದಾಸೋಹ-ಜಂಬಗಿ,34:43,public,12/11/2024,35.5867497025545,3723,126,20,0,0,2,
mMy1f7RpJas,Other,27.26,5 Attractions that everyone stumbles upon during their lives - By Sri Siddheshwar Swamiji,14:38,public,1/14/2021,54.4290881790523,289465,3.6K,91,0,3,1,#Dharma #SiddeshwarSwamiji #KannadaPravachana
_qypamy-ODw,Other,27.2,What is to be done with your earnings? Save it or spend it? Sri Siddheshwar Swamiji explains here.,12:33,public,12/23/2020,54.4525737676165,291040,2.9K,101,0,23,1,"#SiddeshwarSwamiji #Dharma #Spirituality #KannadaPravachana This video is an excerpt from the #NitiShastra series that was held in Jnanayogashrama, Vijayapur in the year 2017."
esCxHdyZ90Q,Other,27.16,ಎಷ್ಟು ಓದುವೆ ಸ್ವಲ್ಪ ಸುಖವು ಬೇಡವೇ? - Illuminating talk by Sri Siddheshwar Swamiji,17:20,public,3/3/2021,54.3854633576972,286562,3.4K,73,0,2,1,#SiddeshwarSwamiji #KannadaPravachanas
M8N7FZBt_Rk,Other,27.13,Live- ವೇದಾಂತ ಕೇಸರಿ ಪೂಜ್ಯ ಶ್ರೀ ಮಲ್ಲಿಕಾರ್ಜುನ ಮಹಾಶಿವಯೋಗಿಗಳವರ  ಪ್ರವಚನದ ಧ್ವನಿ ಸುರಳಿ (30-06-2023),01:22:13,public,6/30/2023,35.2395429634154,3436,83,4,0,4,2,ಸ್ಥಳ : ಜ್ಞಾನಯೋಗಾಶ್ರಮ ವಿಜಯಪುರ.
JxH-CiGCpE8,Life,27.13,Why does our life end up getting ruined? Very important talk by Sri Siddheshwar Swamiji.,18:30,public,9/20/2021,54.2759329761659,279401,3.4K,100,0,0,1,
h3P3jpqWS_Q,Other,27.05,Live- ವೇದಾಂತ ಕೇಸರಿ ಪೂಜ್ಯ ಶ್ರೀ ಮಲ್ಲಿಕಾರ್ಜುನ ಮಹಾಶಿವಯೋಗಿಗಳವರ  ಪ್ರವಚನದ ಧ್ವನಿ ಸುರಳಿ (01-07-2023),01:22:34,public,7/1/2023,34.9866699159535,3241,86,4,0,4,2,ಸ್ಥಳ : ಜ್ಞಾನಯೋಗಾಶ್ರಮ ವಿಜಯಪುರ.
Cboi4hESvAM,Other,26.99,Live- ವೇದಾಂತ ಕೇಸರಿ ಪೂಜ್ಯ ಶ್ರೀ ಮಲ್ಲಿಕಾರ್ಜುನ ಮಹಾಶಿವಯೋಗಿಗಳವರ  ಕಪ್ರವಚನದ ಧ್ವನಿ ಸುರಳಿ (27-06-2023),01:21:11,public,6/27/2023,34.8025263431619,3106,103,2,0,4,2,ಸ್ಥಳ : ಜ್ಞಾನಯೋಗಾಶ್ರಮ ವಿಜಯಪುರ.
uNQ0NxcdVSw,Life,26.95,How to achieve what we have set out do in our life? Inspiring message by Sri Siddheshwar Swamiji.,15:57,public,3/10/2021,53.8698261204838,254377,3.7K,134,0,2,1,#SiddheshwarSwamiji #KannadaPravachan
lSfluoIZsPs,Life,26.95,What must one do to achieve contentment in life? Talk by Sri Siddheshwar Swamiji,17:38,public,3/22/2021,54.1440395333253,271015,2.9K,98,0,0,1,
cDHt2VUTzsk,Other,26.94,"ಮನೆ ಮನೆಯಲ್ಲಿ ಗುರುಪೂರ್ಣಿಮೆ, ಮನೆ ಮನೆಯಲ್ಲಿ ಜಪಯೋಗ",01:41,public,7/1/2020,34.6450208630284,2995,95,0,-,-,2,"ಮನೆ ಮನೆಯಲ್ಲಿ ಗುರುಪೂರ್ಣಿಮೆ, ಮನೆ ಮನೆಯಲ್ಲಿ ಜಪಯೋಗ LOCK DOWN ಇರುವದರಿಂದ ಎಲ್ಲ ಸದ್ಭಕ್ತರು ಗುರುಪೂರ್ಣಿಮೆ ಮತ್ತು ಜಪಯೋಗವನ್ನು ತಮ್ಮ ತಮ್ಮ ಮನೆಯಲ್ಲಿಯೇ ಆಚರಿಸಬೇಕಾಗಿ ವಿನಂತಿ. ಜಪಯೋಗವನ್ನು ಇದೇ YOUTUBE CHANNEL ನಲ್ಲಿ ನೇರ ಪ್ರಸಾರ ಮಾಡಲಾಗುವುದು."
4t5jZSh8kKM,Other,26.94,ಇಂತಹ ತಾಪದ ಜಗತ್ತಿನಲ್ಲಿ  ಶಾಂತಿಯಿಂದ ಬದುಕುವುದು ಹೇಗೆ?,15:17,public,2/8/2023,54.0385773183857,264491,3.2K,108,2,18,1,BOOKS ARE  AVAILABLE IN ONLINE (AMEZON & WEBSITE) LINKS ARE  GIVEN BELOW WEBSITE  - https://www.jnanayogashrama.org AMAZON - https://amzn.eu/d/cJtQoa3
zo4jgwhin_M,Other,26.92,"ಗುರುಪೂರ್ಣಿಮಾ ಮಹೋತ್ಸವದ ಪೂರ್ವಭಾವಿ ಸಭೆ, ಜ್ಞಾನಯೋಗಾಶ್ರಮ ವಿಜಯಪುರ",01:02:20,public,6/19/2025,34.4620128456215,2871,102,14,0,0,2,
n0ABeQqsj0E,Other,26.91,Live-ಜ್ಞಾನಯೋಗಾಶ್ರಮ ವಿಜಯಪುರದಲ್ಲಿ ಸಂಧ್ಯಾ ಕಾಲದ ಮಂಗಳಾರತಿ. (13-04-2022),00:25,public,4/13/2022,34.5174346617588,2908,60,7,0,6,2,Live-ಜ್ಞಾನಯೋಗಾಶ್ರಮ ವಿಜಯಪುರದಲ್ಲಿ ಸಂಧ್ಯಾ ಕಾಲದ ಮಂಗಳಾರತಿ. (13-04-2022)
th2P9LdM-4o,Other,26.89,Live-ಅಂತರಾಷ್ಟ್ರೀಯ ಯೋಗ ದಿನಾಚರಣೆ-2025,02:10:16,public,6/21/2025,34.4650268325976,2873,68,3,0,1,2,21-06-2025
G6yY8fqwRI8,Other,26.82,"ವೇದಾಂತಕೇಸರಿ ಪೂಜ್ಯ ಶ್ರೀ ಮಲ್ಲಿಕಾರ್ಜುನ ಮಹಾಶಿವಯೋಗಿಗಳವರ ಪ್ರವಚನ-ಪರಮಾನುಭವ ಬೋಧೆ (ಸಂಧಿ-4, ಸೂತ್ರ-2 ಭಾಗ-2)",01:16:26,public,7/5/2026,34.2074375166449,2707,80,8,0,0,2,
mO06lf7h74w,Other,26.82,ನಾವು ಇನ್ನೊಬ್ಬರನ್ನು ನೋಡಿ  ಬದುಕಲು ಏಕೆ  ಹೋಗಬಾರದು?,25:48,public,7/13/2024,59.7692554643909,994137,8.8K,277,2,21,0,ಪೂಜ್ಯರ ಪ್ರವಚನದ ಪುಸ್ತಕಗಳು ಈಗ Amazon & Website ನಲ್ಲಿ ಲಭ್ಯವಿರುತ್ತವೆ. ತಾವು ಕೆಳಗಡೆ ಕೊಟ್ಟಿರುವ ಲಿಂಕ್ ಮುಖಾಂತರ ಖರೀದಿಸಬಹದು? Amazon : https://amzn.in/d/98q8EXK Website : https://www.jnanayogashrama.org/books_kannada.php
o79dUpr8Ts8,Other,26.82,Sri Siddheshwar Swamiji English discourse -  part - 1,36:23,public,4/5/2026,34.1866024063869,2694,96,7,0,0,2,
eF0wcL1COZc,Other,26.81,Live- ವೇದಾಂತ ಕೇಸರಿ ಪೂಜ್ಯ ಶ್ರೀ ಮಲ್ಲಿಕಾರ್ಜುನ ಮಹಾಶಿವಯೋಗಿಗಳವರ  ಪ್ರವಚನದ ಧ್ವನಿ ಸುರಳಿ (01-07-2023),01:36:39,public,7/2/2023,34.2281728084131,2720,75,1,0,4,2,ಸ್ಥಳ : ಜ್ಞಾನಯೋಗಾಶ್ರಮ ವಿಜಯಪುರ.
ffNIQBqbPK0,Life,26.79,Is life all about fighting? Listen to Sri Siddheshwar Swamiji talk about Allama's Vachana on this!,12:42,public,2/26/2021,53.9549907486711,259432,3K,78,0,3,1,#SiddeshwarSwamiji #Allamaprabhu #KannadaPravachana
um39t4IgNdU,Other,26.76,"ವೇದಾಂತಕೇಸರಿ ಪೂಜ್ಯ ಶ್ರೀ ಮಲ್ಲಿಕಾರ್ಜುನ ಮಹಾಶಿವಯೋಗಿಗಳವರ ಪ್ರವಚನ-ಪರಮಾನುಭವ ಬೋಧೆ (ಸಂಧಿ-4, ಸೂತ್ರ-1, ಭಾಗ-2)",01:20:00,public,6/9/2026,33.9860247819838,2572,69,11,0,0,2,
nytPumlLNh0,Other,26.72,ಆಕರ್ಷಣೆಗಳು ನಮ್ಮ ಜೀವನವನ್ನು ಹೇಗೆ ಹಾಳು ಮಾಡುತ್ತಿವೆ? - How are attractions ruining our lives?,26:59,public,11/21/2023,53.8675285598135,254242,2.8K,93,4,5,1,# https://amzn.eu/d/j5QXHyw #https://www.jnanayogashrama.org/mdsmall/mdsm_index.php #https://instagram.com/jnanayogashrama?igshid=ZDdkNTZiNTM= #https://www.facebook.com/jnanayogashrama?mibextid=ZbWKwL
sIhyXev5YiE,Other,26.69,Vachanas of Allamaprabhu Book Release,03:23:43,public,2/28/2026,33.8126378859864,2471,62,0,0,4,2,"Venue: Shivarathreeshwara Centre ,Bangalore"
CLlJ5P7MoGM,Other,26.64,LIVE - ವಿಶೇಷ ಕಾರ್ಯಕ್ರಮ @ ಕಾಖಂಡಕಿ. ಜಿ|| ವಿಜಯಪುರ .,01:20:31,public,10/18/2022,53.7506298823955,247467,2.9K,86,0,12,1,"#ಪೂಜ್ಯ ಅದೃಶ್ಯ ಕಾಢಸಿದ್ಧೇಶ್ವರ ಸ್ವಾಮೀಜಿಗಳು , ಸಿದ್ಧಗಿರಿ ಮಠ, ಕಣ್ಣೇರಿ.   ಸ್ಥಳ :-ಶ್ರೀ ಗುರುದೇವಾಶ್ರಮ ಕಾಖಂಡಕಿ."
syGc_P-h3Dk,Other,26.64,ನಮ್ಮ ಬದುಕಿಗೆ ಬೆಲೆ ಬರಬೇಕಾದರೆ ನಮ್ಮ ಭಾವನೆಗಳು ಹೇಗಿರಬೇಕು?,21:42,public,1/31/2024,53.6813443459177,243537,2.9K,107,4,17,1,What should our feelings be if our lives are to be valued? #https://amzn.eu/d/j5QXHyw #https://www.jnanayogashrama.org/mdsmall/mdsm_index.php #https://instagram.com/jnanayogashrama?igshid=ZDdkNTZiNTM= #https://www.facebook.com/jnanayogashrama?mibextid=ZbWKwL ​
8SgfKr-amSI,Other,26.64,It’s more important to rise up than falling down - Inspirational talk by Sri Siddheshwar Swamiji,10:47,public,4/16/2021,53.7964539012508,250101,2.9K,73,0,0,1,
3Eczf2ivQIU,Other,26.63,ಗಳಿಸುವ ಹುರುಪಿನಲ್ಲಿ ಬದುಕನ್ನೇ ಮರೆತ್ತಿದ್ದೆವೆ ಹೇಗೆ?,12:40,public,2/19/2022,53.7259166925606,246058,3K,81,0,0,1,
3l7mj8UQaO0,Other,26.61,Live- ವೇದಾಂತ ಕೇಸರಿ ಪೂಜ್ಯ ಶ್ರೀ ಮಲ್ಲಿಕಾರ್ಜುನ ಮಹಾಶಿವಯೋಗಿಗಳವರ  ಪ್ರವಚನದ ಧ್ವನಿ ಸುರಳಿ (27-06-2023),01:23:56,public,6/28/2023,33.5639117759526,2333,72,0,0,4,2,ಸ್ಥಳ : ಜ್ಞಾನಯೋಗಾಶ್ರಮ ವಿಜಯಪುರ.
scAv7A8B_JY,Other,26.6,LIVE -ವೇದಾಂತ ಕೇಸರಿ ಪೂಜ್ಯ ಶ್ರೀ ಮಲ್ಲಿಕಾರ್ಜುನ ಶಿವಯೋಗಿಗಳ 120ನೇ ಜಯಂತ್ಯೋತ್ಸವದ ಅಂಗವಾಗಿ  ಪ್ರವಚನ (17-10-2022),37:38,public,10/17/2022,33.5191573733223,2309,49,2,0,11,2,"ಪೂಜ್ಯ ಶ್ರೀ ಮಹೇಶಾನಂದ ಸ್ವಾಮೀಜಿಗಳು         (ಭಕ್ತಿ ಯೋಗಾಶ್ರಮ, ಇಚಲಕರಂಜಿ)  ಸ್ಥಳ :-  ಜ್ಞಾನಯೋಗಾಶ್ರಮ ವಿಜಯಪುರ."
MnVx5sHcMeM,Other,26.6,ಭಗವಂತನು ಯಾವ ರೂಪದಲ್ಲಿ ಕಾಣುತ್ತಾನೆ?,09:58,public,5/19/2022,53.8429621753204,252803,2.5K,65,0,0,1,
Fs8QUEP2kOE,Other,26.6,"ಮನೆ ಮನೆಯಲ್ಲಿ ಗುರುಪೂರ್ಣಿಮೆ, ಮನೆ ಮನೆಯಲ್ಲಿ ಜಪಯೋಗ",01:09,public,7/2/2020,33.5041358046723,2301,99,0,-,-,2,"ಮನೆ ಮನೆಯಲ್ಲಿ ಗುರುಪೂರ್ಣಿಮೆ, ಮನೆ ಮನೆಯಲ್ಲಿ ಜಪಯೋಗ ಎಲ್ಲ ಸದ್ಭಕ್ತರು ಗುರುಪೂರ್ಣಿಮೆ ಮತ್ತು ಜಪಯೋಗವನ್ನು ತಮ್ಮ ತಮ್ಮ ಮನೆಯಲ್ಲಿಯೇ ಆಚರಿಸಬೇಕಾಗಿ ವಿನಂತಿ. ಜಪಯೋಗವನ್ನು ಇದೇ YOUTUBE CHANNEL ನಲ್ಲಿ ನೇರ ಪ್ರಸಾರ ಮಾಡಲಾಗುವುದು."
znKKSvVfLYA,Other,26.57,"ವೇದಾಂತಕೇಸರಿ ಪೂಜ್ಯ ಶ್ರೀ ಮಲ್ಲಿಕಾರ್ಜುನ ಮಹಾಶಿವಯೋಗಿಗಳವರ ಪ್ರವಚನ-ಪರಮಾನುಭವ ಬೋಧೆ (ಸಂಧಿ-4, ಸೂತ್ರ-1, ಭಾಗ-3)",01:07:00,public,6/18/2026,33.3529293041673,2222,61,9,0,0,2,
ALLrFNMgJsk,Other,26.57,ಪರಮಪೂಜ್ಯ ಶ್ರೀ ಸಿದ್ದೇಶ್ವರ ಅಪ್ಪಗಳವರ ದಿವ್ಯ ಸಾನಿಧ್ಯದಲ್ಲಿ  ಶ್ರೀ ಚಕ್ರವರ್ತಿ ಸೂಲಿಬೆಲೆ ಅವರ ವಿಶೇಷ ಉಪನ್ಯಾಸ,01:06:30,public,3/30/2022,53.4776899638291,232343,3.1K,126,0,20,1,"ನಿಪ್ಪಾಣಿ ಸಮಾಧಿ ಮಠದಲ್ಲಿ ಪರಮಪೂಜ್ಯ ಶ್ರೀ ಸಿದ್ದೇಶ್ವರ ಅಪ್ಪಗಳವರ ದಿವ್ಯ ಸಾನಿಧ್ಯದಲ್ಲಿ ಕನ್ನಡನಾಡಿನ ಖ್ಯಾತ ವಾಘ್ಮಿ ,ಅಂಕಣಕಾರ ರಾಷ್ಟ್ರಪ್ರೇಮಿ ಶ್ರೀ ಚಕ್ರವರ್ತಿ ಸೂಲಿಬೆಲೆ ಅವರ ವಿಶೇಷ ಉಪನ್ಯಾಸ"
ApBiAR6Y2Ag,Other,26.54,Live- ವೇದಾಂತ ಕೇಸರಿ ಪೂಜ್ಯ ಶ್ರೀ ಮಲ್ಲಿಕಾರ್ಜುನ ಮಹಾಶಿವಯೋಗಿಗಳವರ  ಪ್ರವಚನದ ಧ್ವನಿ ಸುರಳಿ (30-06-2023),01:30:26,public,7/1/2023,33.3373185203447,2214,57,1,0,4,2,ಸ್ಥಳ : ಜ್ಞಾನಯೋಗಾಶ್ರಮ ವಿಜಯಪುರ.
qCPK5Af1tU8,Other,26.54,Live- ವೇದಾಂತ ಕೇಸರಿ ಪೂಜ್ಯ ಶ್ರೀ ಮಲ್ಲಿಕಾರ್ಜುನ ಮಹಾಶಿವಯೋಗಿಗಳವರ  ಪ್ರವಚನದ ಧ್ವನಿ ಸುರಳಿ (28-06-2023),48:05,public,6/29/2023,33.3196888213347,2205,63,1,0,4,2,ಸ್ಥಳ : ಜ್ಞಾನಯೋಗಾಶ್ರಮ ವಿಜಯಪುರ.
_ZmYd4D0EFU,Other,26.53,ಎಲ್ಲಿಯತನಕ ಮನುಷ್ಯನಿಗೆ ಸಂತೋಷ ಸಿಗುವುದಿಲ್ಲ?,14:38,public,5/28/2022,53.7565023835538,247803,2.6K,55,0,0,1,
lUDT-_I9_d8,Other,26.53,Live- ವೇದಾಂತ ಕೇಸರಿ ಪೂಜ್ಯ ಶ್ರೀ ಮಲ್ಲಿಕಾರ್ಜುನ ಮಹಾಶಿವಯೋಗಿಗಳವರ  ಪ್ರವಚನದ ಧ್ವನಿ ಸುರಳಿ (29-06-2023),01:10:12,public,6/29/2023,33.2921213069707,2191,50,1,0,4,2,ಸ್ಥಳ : ಜ್ಞಾನಯೋಗಾಶ್ರಮ ವಿಜಯಪುರ.
Iuo9oxAli2o,Other,26.51,Live- ವೇದಾಂತ ಕೇಸರಿ ಪೂಜ್ಯ ಶ್ರೀ ಮಲ್ಲಿಕಾರ್ಜುನ ಮಹಾಶಿವಯೋಗಿಗಳವರ  ಪ್ರವಚನದ ಧ್ವನಿ ಸುರಳಿ (29-06-2023),01:21:32,public,6/30/2023,33.2304467911525,2160,70,0,0,4,2,ಸ್ಥಳ : ಜ್ಞಾನಯೋಗಾಶ್ರಮ ವಿಜಯಪುರ.
lJamHcHFYys,Other,26.5,Live- ವೇದಾಂತ ಕೇಸರಿ ಪೂಜ್ಯ ಶ್ರೀ ಮಲ್ಲಿಕಾರ್ಜುನ ಮಹಾಶಿವಯೋಗಿಗಳವರ  ಪ್ರವಚನದ ಧ್ವನಿ ಸುರಳಿ (28-06-2023),33:40,public,6/29/2023,33.1982675713733,2144,63,1,0,4,2,ಸ್ಥಳ : ಜ್ಞಾನಯೋಗಾಶ್ರಮ ವಿಜಯಪುರ.
m94REGKB9OA,Other,26.49,ನಿಶ್ಚಿಂತನಾಗಿ ಬದುಕಬೇಕಾದರೆ ಆತನ ದೃಷ್ಟಿಕೋನ ಹೇಗಿರಬೇಕು? -,14:46,public,10/25/2023,53.5025982981904,233684,2.6K,119,4,5,1,# https://amzn.eu/d/j5QXHyw #https://www.jnanayogashrama.org/mdsmall/mdsm_index.php #https://instagram.com/jnanayogashrama?igshid=ZDdkNTZiNTM= #https://www.facebook.com/jnanayogashrama?mibextid=ZbWKwL
WydA8RZuhmA,Other,26.47,ಮನುಷ್ಯನಿಗೆ ಎಲ್ಲವೂ ಇದ್ದರು ಸಂತೋಷವೆಂಬುದು ಏಕಿಲ್ಲ?,12:11,public,4/9/2024,53.4753794753778,232219,2.8K,104,2,21,1,ಪೂಜ್ಯರ ಪ್ರವಚನದ ಪುಸ್ತಕಗಳು ಈಗ Amazon & Website ನಲ್ಲಿ ಲಭ್ಯವಿರುತ್ತವೆ. ತಾವು ಕೆಳಗಡೆ ಕೊಟ್ಟಿರುವ ಲಿಂಕ್ ಮುಖಾಂತರ ಖರೀದಿಸಬಹದು? Amazon : https://amzn.in/d/98q8EXK Website : https://www.jnanayogashrama.org/books_kannada.php
_Nomk-c4Xlc,Other,26.43,ನಾವೆಲ್ಲರೂ ಎಂತಹ ಪೂಜೆ ಮಾಡಬೇಕು?,18:43,public,8/1/2022,53.5139368683357,234297,2.6K,87,2,18,1,BOOKS ARE  SALE ON ONLINE (AMAZON & WEBSITE) LINKS ARE  GIVEN BELOW WEBSITE  - https://www.jnanayogashrama.org AMAZON - https://amzn.eu/d/cJtQoa3
flZ8ExdqyP8,Other,26.43,What is Bayala Yoga? Sri Siddheshwar Swamiji talks about Allamaprabhu and explains this unique Yoga,21:11,public,12/20/2020,53.229750086735,219407,3.1K,142,0,5,1,#SiddeshwarSwamiji #Allamaprabhu #Yoga #Bayalu #Advaita
WcV-1n11M-w,Other,26.42,ಯಾವುದನ್ನು ಬಿಟ್ಟರೆ ಜೀವನದಲ್ಲಿ ಶಾಂತಿ ಉಂಟಾಗುತ್ತದೆ?,14:55,public,10/11/2023,53.50839152411,233997,2.4K,97,4,5,1,#https://instagram.com/jnanayogashrama?igshid=ZDdkNTZiNTM= #https://www.facebook.com/jnanayogashrama?mibextid=ZbWKwL # https://amzn.eu/d/j5QXHyw #https://www.jnanayogashrama.org/mdsmall/mdsm_index.php
D2QrOxuuWIc,Other,26.41,Live- ವೇದಾಂತ ಕೇಸರಿ ಪೂಜ್ಯ ಶ್ರೀ ಮಲ್ಲಿಕಾರ್ಜುನ ಮಹಾಶಿವಯೋಗಿಗಳವರ  ಪ್ರವಚನದ ಧ್ವನಿ ಸುರಳಿ (26-06-2023),59:21,public,6/27/2023,32.8821779845172,1993,50,1,0,4,2,ಸ್ಥಳ : ಜ್ಞಾನಯೋಗಾಶ್ರಮ ವಿಜಯಪುರ.
tsSzq7NF7ws,Other,26.31,What happens when we take decisions in a hurry - Two stories on this by Sri Siddheshwar Swamiji,13:57,public,3/21/2021,53.4400659988767,230332,2.5K,63,0,3,1,#SiddheshwarSwamijj #KannadaPravachanas #KannadaMotivational
QrVIcl6l0o0,Other,26.22,Why do we come to this world? - Sri Siddheshwar Swamiji Pravachan,10:45,public,12/8/2020,59.5519523804092,945456,8.3K,230,0,3,0,#SiddeshwarSwamiji #Spirituality #Adhyatma
rhu8WqzpVK0,Other,26.22,ಯೋಗಗುರು ವೈದ್ಯ ಚನ್ನಬಸವಣ್ಣನವರಿಂದ ಆರೋಗ್ಯ-ಆಧ್ಯಾತ್ಮ ಕಾರ್ಯಕ್ರಮ,01:50:55,public,12/19/2024,32.1786544779966,1694,62,9,0,0,2,
23Sx3OgjixQ,Other,26.17,26-12-2024 ರಂದು ನಡೆದ ಜ್ಞಾನರಾಧನೆ ಗೋಷ್ಠಿಯ ಕುರಿತು ಶ್ರೀ ಸಿದ್ಧಣ್ಣ ಲಂಗೋಟಿಯವರಿಂದ ಅನುಭಾವದ ಮಾತುಗಳು,17:40,public,1/7/2025,32.0699939142583,1652,35,3,0,21,2,ಪೂಜ್ಯ ಶ್ರೀ ಸಿದ್ಧೇಶ್ವರ ಮಹಾಸ್ವಾಮಿಗಳವರ ಗುರುನಮನ ಮಹೋತ್ಸವ-2025  26-12-2024 ರಂದು ನಡೆದ ಜ್ಞಾನರಾಧನೆ ಗೋಷ್ಠಿಯ ಕುರಿತು ಶ್ರೀ ಸಿದ್ಧಣ್ಣ ಲಂಗೋಟಿಯವರಿಂದ ಅನುಭಾವದ ಮಾತುಗಳು  ಸ್ಥಳ : ಜ್ಞಾನಯೋಗಾಶ್ರಮ ವಿಜಯಪುರ
CPY9gp8Ffvk,Other,26.17,Those who rule or govern should definitely listen to this talk by Sri Siddheshwar Swamiji,18:29,public,2/28/2021,53.2948090963804,222730,2.3K,56,0,3,1,#Dharma #KannadaPravachana #SiddeshwarSwamiji
hCVr9HT3K54,Other,26.17,ನಮಗೆ ನಾವೇ ವಂಚನೆ ಮಾಡಿಕೊಳ್ಳುತ್ತಿದ್ದೆವೆ  ಹೇಗೆ?,16:44,public,1/13/2022,53.0813591966929,212012,2.9K,81,0,0,1,
R9CDKxh6lV4,Other,26.17,ಗ್ರಾಮ ಸಂಸ್ಕೃತಿ ಗೋಷ್ಠಿಯ ಕುರಿತು ಪೂಜ್ಯ ಶ್ರೀ ಪ್ರಭುಸಾರಂಗ ಶಿವಾಚಾರ್ಯ  ಮಹಾಸ್ವಾಮಿಗಳವರಿಂದ ಸಾನಿಧ್ಯ ನುಡಿಗಳು,16:29,public,1/8/2025,32.0358004172984,1639,29,9,0,24,2,ಪೂಜ್ಯ ಶ್ರೀ ಸಿದ್ಧೇಶ್ವರ ಮಹಾಸ್ವಾಮಿಗಳವರ ಗುರುನಮನ ಮಹೋತ್ಸವ-2025  27-12-2024 ರಂದು ನಡೆದ ಗ್ರಾಮ ಸಂಸ್ಕೃತಿ ಗೋಷ್ಠಿಯ ಕುರಿತು ಪೂಜ್ಯ ಶ್ರೀ ಪ್ರಭುಸಾರಂಗ ಶಿವಾಚಾರ್ಯ  ಮಹಾಸ್ವಾಮಿಗಳವರಿಂದ ಸಾನಿಧ್ಯ ನುಡಿಗಳು ಸ್ಥಳ : ಜ್ಞಾನಯೋಗಾಶ್ರಮ ವಿಜಯಪುರ
sOVLt84Qeoc,Other,26.15,ಆಶ್ರಮದಲ್ಲಿ ನಡೆಯುತ್ತಿರುವ ಸಂಸ್ಕಾರ ಶಿಬಿರ - 2026,03:00,public,4/15/2026,32.0225768044371,1634,62,0,0,0,2,
mpyA81oiOKw,Other,26.15,"ವೇದಾಂತಕೇಸರಿ ಪೂಜ್ಯ ಶ್ರೀ ಮಲ್ಲಿಕಾರ್ಜುನ ಮಹಾಶಿವಯೋಗಿಗಳವರ ಪ್ರವಚನ-ಪರಮಾನುಭವ ಬೋಧೆ (ಸಂಧಿ-4, ಸೂತ್ರ-2)",01:15:05,public,6/26/2026,31.9558458321703,1609,47,8,0,0,2,
_lo2S_Eq0vs,Other,26.14,"ಡಿಸೆಂಬರ 18, 19, 20 ರಂದು ಜ್ಞಾನಯೋಗಾಶ್ರಮದಲ್ಲಿ ಯೋಗಗುರು ಚನ್ನಬಸವ ವೈದ್ಯರಿಂದ ""ಆರೋಗ್ಯ - ಆಧ್ಯಾತ್ಮ"" ಕಾರ್ಯಕ್ರಮ",05:00,public,12/16/2024,31.9369752972261,1602,53,8,0,0,2,
hYXu4I4L6N4,Other,26.1,ನಾವು ಮಾತನಾಡುವ ಮಾತು ಹೇಗಿರಬೇಕು?,12:27,public,6/27/2022,59.3219045883568,896515,9.8K,262,0,0,0,
EaZbxcC_fHs,Other,26.08,ಜಾಗತಿಕ ತಾತ್ವಿಕ ಚಿಂತನೆಗಳ ಕುರಿತು  ಪೂಜ್ಯ ಶ್ರೀ ಅಭಿನವ ಸಿದ್ಧಾರೂಢ ಮಹಾಸ್ವಾಮಿಗಳವರಿಂದ ಸಾನಿಧ್ಯ ನುಡಿಗಳು,16:15,public,1/12/2025,31.7969489131083,1551,37,2,0,24,2,ಪೂಜ್ಯ ಶ್ರೀ ಸಿದ್ಧೇಶ್ವರ ಮಹಾಸ್ವಾಮಿಗಳವರ ಗುರುನಮನ ಮಹೋತ್ಸವ-2025  30-12-2024 ರಂದು ನಡೆದ ಜಾಗತಿಕ ತಾತ್ವಿಕ ಚಿಂತನೆಗಳ ಕುರಿತು  ಪೂಜ್ಯ ಶ್ರೀ ಅಭಿನವ ಸಿದ್ಧಾರೂಢ ಮಹಾಸ್ವಾಮಿಗಳವರಿಂದ ಸಾನಿಧ್ಯ ನುಡಿಗಳು  ಸ್ಥಳ : ಜ್ಞಾನಯೋಗಾಶ್ರಮ ವಿಜಯಪುರ
m0SLNNjcwK4,Other,26.07,ಪರಮ ಪೂಜ್ಯ ಶ್ರೀ ಬಸವಲಿಂಗ ಮಹಾಸ್ವಾಮಿಗಳ ಪ್ರವಚನ - Video 3,50:41,public,8/5/2020,31.7605193638855,1538,36,0,-,-,2,ಶ್ರಾವಣಮಾಸದ ಪ್ರವಚನಗಳು - 2020
J94eoTxUoic,Other,26.07,Sri Siddheshwar Swamiji English discourse -  part - 2,51:55,public,4/12/2026,31.675262139806,1508,63,10,2,21,2,ಪೂಜ್ಯರ ಪ್ರವಚನದ ಪುಸ್ತಕಗಳು ಈಗ Amazon & Website ನಲ್ಲಿ ಲಭ್ಯವಿರುತ್ತವೆ. ತಾವು ಕೆಳಗಡೆ ಕೊಟ್ಟಿರುವ ಲಿಂಕ್ ಮುಖಾಂತರ ಖರೀದಿಸಬಹದು Amazon : https://amzn.in/d/98q8EXK Website : https://www.jnanayogashrama.org/books_kannada.php
6vEBxDiCFPg,Mind,26.04,What is state of mind required to achieve the goals of our life? Talk by Sri Siddheshwar Swamiji,15:10,public,5/5/2021,52.8465225322328,200815,2.9K,87,0,0,1,
Klim70QBPMQ,Life,26.02,"""Dear God, please ensure there is always some pain in my life"" - Sri Siddheshwar Swamiji Pravachan",10:45,public,1/2/2021,53.0062810810183,208366,2.5K,62,0,25,1,"#Mahabharata #KuntiStory #Spirituality #SiddeshwarSwamiji #Dharma This video is an excerpt from the series 'Angave Bhumiyagi' that was held in Arsikere, Karnataka in the year 2012."
jtstIkAg4Jk,Life,25.96,Sangha helps to alleviate misery in life - By Sri Siddheshwar Swamiji,11:12,public,3/6/2021,52.9907993903698,207622,2.2K,57,0,2,1,#SiddeshwaraSwamiji #KannadaPravachana
9UCeSJHe7AY,Success,25.95,Beauty and wealth do not last forever - Watchful talk by Sri Siddheshwar Swamiji,12:41,public,4/14/2021,52.8770837275071,202238,2.3K,81,0,0,1,
SIaruoBLnBw,Other,25.89,Is it right to eat without breaking a sweat? Listen to Sri Siddheshwar Swamiji's talk on Karma Yoga.,11:06,public,1/25/2021,52.8869383375009,202699,2.2K,58,0,4,1,#SiddeshwarSwamiji #KannadaPravachana #Dharma #Karmayoga
Rj2QoyPM1-A,Other,25.87,Live- ವೇದಾಂತ ಕೇಸರಿ ಪೂಜ್ಯ ಶ್ರೀ ಮಲ್ಲಿಕಾರ್ಜುನ ಮಹಾಶಿವಯೋಗಿಗಳವರ  ಪ್ರವಚನದ ಧ್ವನಿ ಸುರಳಿ (27-06-2023),00:06,public,6/27/2023,31.0858313212057,1316,27,2,0,4,2,ಸ್ಥಳ : ಜ್ಞಾನಯೋಗಾಶ್ರಮ ವಿಜಯಪುರ.
g-T3ygvoWh0,Other,25.85,ಜೀವನದಲ್ಲಿ ಯಶಸ್ಸು ಕಾಣಲು ಏನು ಮಾಡಬೇಕು?,32:01,public,6/22/2024,52.6654074414472,192585,2.3K,98,4,9,1,#Siddheshwarswamiji  #Jnanayogi #kannadapravachan #motivationalvideo #SiritualTalks #https://amzn.eu/d/j5QXHyw #https://www.jnanayogashrama.org/mdsmall/mdsm_index.php #https://instagram.com/jnanayogashrama?igshid=ZDdkNTZiNTM= #https://www.facebook.com/jnanayogashrama?mibextid=ZbWKwL
7bbttul6GLk,Other,25.85,How should we maintain and take care of our body? A very important talk by Sri Siddheshwar Swamiji,16:07,public,5/12/2021,52.66446344581,192543,2.4K,87,0,0,1,
o3sR1H24Z8A,Mind,25.78,How should we mould our mind to make our life beautiful? Talk by Sri Siddheshwar Swamiji,17:57,public,8/21/2021,52.689454724031,193658,2.2K,62,0,0,1,
zbJo8E6u04Y,Other,25.78,ಜೀವನದಲ್ಲಿ ಪ್ರತಿಯೊಂದು ಕೆಲಸವನ್ನು ಹೀಗೆ ಮಾಡಬೇಕು.,16:17,public,1/3/2022,52.6176582207161,190472,2.4K,69,0,0,1,
t4El7Xvu0f0,Other,25.77,ಇವೆರಡು ಮಾರ್ಗದಿಂದ ನಮ್ಮ  ಜೀವನ ಸಾರ್ಥಕವಾಗುವುದು.,17:40,public,1/31/2022,52.6559131612732,192163,2.3K,62,0,0,1,
Uj22Q_ZIil0,Other,25.76,Pujya Sri Siddheswar Swamiji's Pravachan on 'A Mother's prayer',08:55,public,12/11/2020,52.6995001595747,194108,2K,66,0,0,1,
WxlEu49cuhk,Other,25.76,ಮನುಷ್ಯ ನಿಶ್ಚಿಂತನಾಗುವುದು ಯಾವಾಗ?,13:56,public,5/9/2022,52.6776158646202,193129,2.1K,66,0,0,1,
hHBJH4_g8Vs,Other,25.75,ಮನುಷ್ಯ ಉತ್ತಮ ಜೀವನ ಕಟ್ಟಿಕೊಳ್ಳಲು ಏನನ್ನು ಮರೆಯಬೇಕು?,15:37,public,12/21/2022,52.6548995080798,192118,2.2K,58,2,18,1,BOOKS ARE  AVAILABLE IN ONLINE (AMEZON & WEBSITE) LINKS ARE  GIVEN BELOW WEBSITE  - https://www.jnanayogashrama.org AMAZON - https://amzn.eu/d/cJtQoa3
iNe-Bn1_MxY,Life,25.72,ಸುಂದರವಾದ ಬದುಕನ್ನು ಕಟ್ಟಿಕೊಳ್ಳಲು ಹೇಗೆ ಕೆಲಸ ಮಾಡಬೇಕು? - How to work to build a beautiful life?,17:52,public,11/15/2023,52.6555302535238,192146,1.9K,68,4,5,1,# https://amzn.eu/d/j5QXHyw #https://www.jnanayogashrama.org/mdsmall/mdsm_index.php #https://instagram.com/jnanayogashrama?igshid=ZDdkNTZiNTM= #https://www.facebook.com/jnanayogashrama?mibextid=ZbWKwL
cANzAX37XEA,Other,25.72,ನಾವು ಇನ್ನೊಬ್ಬರ ಜೊತೆ ವಾದ ಮಾಡಲಿಕ್ಕೆ ಏಕೆ ಹೋಗಬಾರದು?,20:54,public,4/18/2026,52.4577944502199,183565,2.4K,88,2,21,1,ಪೂಜ್ಯರ ಪ್ರವಚನದ ಪುಸ್ತಕಗಳು ಈಗ Amazon & Website ನಲ್ಲಿ ಲಭ್ಯವಿರುತ್ತವೆ. ತಾವು ಕೆಳಗಡೆ ಕೊಟ್ಟಿರುವ ಲಿಂಕ್ ಮುಖಾಂತರ ಖರೀದಿಸಬಹದು Amazon : https://amzn.in/d/98q8EXK Website : https://www.jnanayogashrama.org/books_kannada.php
Azwj-Tp3IIA,Other,25.6,"ನಾವು ಕಾಮ, ಕ್ರೋದಗಳನ್ನು  ಹೇಗೆ ಬಳಸಬೇಕು?",16:31,public,7/11/2023,52.3050328100607,177199,2.4K,73,4,20,1,How should we use all these? #siddheshwarswamiji  #Jnanayogashramavijayapur #https://instagram.com/jnanayogashrama?igshid=ZDdkNTZiNTM= #https://www.facebook.com/jnanayogashrama?mibextid=ZbWKwL #Kathamrutha (Tales told by Siddheshwar Swamiji in Kannada) https://amzn.eu/d/j5QXHyw #https://www.jnanayogashrama.org/mdsmall/mdsm_index.php
Xe0p6AdT13k,Other,25.58,ಮನುಷ್ಯನ ಆತ್ಮ ವಿಶ್ವಾಸ ಹೇಗಿರಬೇಕು?,15:09,public,5/30/2022,52.1866275088865,172417,2.6K,82,0,0,1,
mUQzwkNNsWg,Other,25.57,ಜೀವನದಲ್ಲಿ ಮಾಡಿದರೆ ಎಂತಹ ಕೆಲಸ ಮಾಡಬೇಕು?,14:47,public,1/21/2022,52.4186435679927,181912,1.9K,65,0,0,1,
e-4hLAvLN8Q,Other,25.51,ಕೇವಲ ಒಂದು ಮಾತು ಮನುಷ್ಯನನ್ನು ಹೇಗೆ ಬದಲಾಯಿಸುತ್ತದೆ? - How can just one word change a man?,14:27,public,7/19/2023,52.3501056681833,179054,1.8K,60,4,12,1,#https://instagram.com/jnanayogashrama?igshid=ZDdkNTZiNTM= #https://www.facebook.com/jnanayogashrama?mibextid=ZbWKwL #Kathamrutha (Tales told by Siddheshwar Swamiji in Kannada) https://amzn.eu/d/j5QXHyw #https://www.jnanayogashrama.org/mdsmall/mdsm_index.php
jcIIbt-bzvk,Other,25.48,ಯಾವ ನಾಲ್ಕು ಯೋಗಗಳನ್ನು ದಿನನಿತ್ಯ ಮಾಡಬೇಕು?,17:54,public,3/9/2024,52.1209915285158,169822,2K,98,2,21,1,ಪೂಜ್ಯರ ಪ್ರವಚನದ ಪುಸ್ತಕಗಳು ಈಗ Amazon & Website ನಲ್ಲಿ ಲಭ್ಯವಿರುತ್ತವೆ. ತಾವು ಕೆಳಗಡೆ ಕೊಟ್ಟಿರುವ ಲಿಂಕ್ ಮುಖಾಂತರ ಖರೀದಿಸಬಹದು Amazon : https://amzn.in/d/98q8EXK Website : https://www.jnanayogashrama.org/books_kannada.php
fmJ6AEpBFJc,Other,25.43,ಮನುಷ್ಯನು ತನ್ನ ಮನಸ್ಸನ್ನು ಬಳಸುವ ರೀತಿ ಹೇಗಿರಬೇಕು?,22:07,public,5/18/2024,51.9454221457417,163071,2.2K,104,2,21,1,ಪೂಜ್ಯರ ಪ್ರವಚನದ ಪುಸ್ತಕಗಳು ಈಗ Amazon & Website ನಲ್ಲಿ ಲಭ್ಯವಿರುತ್ತವೆ. ತಾವು ಕೆಳಗಡೆ ಕೊಟ್ಟಿರುವ ಲಿಂಕ್ ಮುಖಾಂತರ ಖರೀದಿಸಬಹದು? Amazon : https://amzn.in/d/98q8EXK Website : https://www.jnanayogashrama.org/books_kannada.php
MMs-zRCxIp4,Other,25.42,ವೇದಮೂರ್ತಿ ಜ್ಞಾನಜ್ಯೋತಿ ಗುರುವೇ ಮಲ್ಲಿಕಾರ್ಜುನ,08:45,public,1/9/2024,59.4009319185893,913035,3.6K,320,0,26,0,"ಸಾಹಿತ್ಯ : ಪೂಜ್ಯ ಶ್ರೀ ನಿತ್ಯಾನಂದ ಸ್ವಾಮಿಗಳು, ಜುಗೂಳ  ಸಂಗೀತ ಮತ್ತು ಧ್ವನಿ ಮುದ್ರಣ : ಶ್ರೀ ವಿರೇಶ ವಾಲಿ, ಸ್ಪಾಟ್ ಲೈಟ್ ರೆಕಾರ್ಡಿಂಗ್ ಸ್ಟುಡಿಯೋ, ವಿಜಯಪುರ  ಗಾಯಕಿಯರು : ಕವಿತಾ ಹೆಗಡೆ                          ದೀಪ್ತಿ ಭಟ್"
sdq9d1uOEms,Other,25.41,ದೇವರು ಎಂದರೆ ಏನು?,15:26,public,6/12/2023,52.2015377404818,173012,1.7K,65,0,0,1,
foL8vogl0l8,Happiness,25.39,ಸುಖ ಜೀವನಕ್ಕಾಗಿ ಎಂತಹ ವಿದ್ಯೆ ಅವಶ್ಯ? - What education is necessary for a happy life?,30:16,public,9/26/2023,59.1937184053288,870352,6.8K,251,4,5,0,#https://instagram.com/jnanayogashrama?igshid=ZDdkNTZiNTM= #https://www.facebook.com/jnanayogashrama?mibextid=ZbWKwL # https://amzn.eu/d/j5QXHyw #https://www.jnanayogashrama.org/mdsmall/mdsm_index.php
9JT_NLUMH_Y,Other,25.37,Live- ವೇದಾಂತ ಕೇಸರಿ ಪೂಜ್ಯ ಶ್ರೀ ಮಲ್ಲಿಕಾರ್ಜುನ ಮಹಾಶಿವಯೋಗಿಗಳವರ  ಕಪ್ರವಚನದ ಧ್ವನಿ ಸುರಳಿ (26-06-2023),08:09,public,6/26/2023,29.4172316164549,895,20,1,0,4,2,ಸ್ಥಳ : ಜ್ಞಾನಯೋಗಾಶ್ರಮ ವಿಜಯಪುರ.
RuhZRfCzEz8,Other,25.34,What is Atman or Soul? Listen to this beautiful explanation by Sri Siddheshwar Swamiji.,12:35,public,1/12/2021,51.7793676892223,156933,2.3K,100,0,20,1,#SiddeshwarSwamiji #KannadaPravachana #Atman #Dharma The Pravachan is an excerpt taken from the series of Pravachans held at Karatagi in 2014
HwfhodTAgP0,Other,25.32,Copy of Live- ವೇದಾಂತ ಕೇಸರಿ ಪೂಜ್ಯ ಶ್ರೀ ಮಲ್ಲಿಕಾರ್ಜುನ ಮಹಾಶಿವಯೋಗಿಗಳವರ  ಕಪ್ರವಚನದ ಧ್ವನಿ ಸುರಳಿ (26-06-2023),53:40,public,6/26/2023,29.2646625064904,864,19,0,0,4,2,ಸ್ಥಳ : ಜ್ಞಾನಯೋಗಾಶ್ರಮ ವಿಜಯಪುರ.
gio4X5Fpohs,Other,25.31,ಆಧ್ಯಾತ್ಮಿಕ ಜೀವನವನ್ನು ಸಾಗಿಸುವುದು ಹೇಗೆ?,23:52,public,7/13/2023,51.9776554304044,164290,1.8K,68,4,20,1,How to lead a spiritual life? #siddheshwarswamiji  #Jnanayogashramavijayapur #https://instagram.com/jnanayogashrama?igshid=ZDdkNTZiNTM= #https://www.facebook.com/jnanayogashrama?mibextid=ZbWKwL #Kathamrutha (Tales told by Siddheshwar Swamiji in Kannada) https://amzn.eu/d/j5QXHyw #https://www.jnanayogashrama.org/mdsmall/mdsm_index.php
eoTgaBSCGQw,Other,25.29,ನಾವು ನಿಶ್ಚಿಂತರಾಗಿಬೇಕಾದರೆ ನಮ್ಮಲ್ಲಿ ಯಾವ ಗುಣ ಇರಬೇಕು?,18:01,public,6/24/2024,51.8388045402039,159103,1.9K,89,2,21,1,ಪೂಜ್ಯರ ಪ್ರವಚನದ ಪುಸ್ತಕಗಳು ಈಗ Amazon & Website ನಲ್ಲಿ ಲಭ್ಯವಿರುತ್ತವೆ. ತಾವು ಕೆಳಗಡೆ ಕೊಟ್ಟಿರುವ ಲಿಂಕ್ ಮುಖಾಂತರ ಖರೀದಿಸಬಹದು? Amazon : https://amzn.in/d/98q8EXK Website : https://www.jnanayogashrama.org/books_kannada.php
8GyOdJO2C7Q,Other,25.28,ಕೆಲಸ ಮಾಡಿ ನಾನೇ ಮಾಡಿದೆ ಅಂತ ಏಕೆ  ಹೇಳಬಾರದು?,17:09,public,7/6/2024,51.8063386639832,157914,2K,86,2,21,1,ಪೂಜ್ಯರ ಪ್ರವಚನದ ಪುಸ್ತಕಗಳು ಈಗ Amazon & Website ನಲ್ಲಿ ಲಭ್ಯವಿರುತ್ತವೆ. ತಾವು ಕೆಳಗಡೆ ಕೊಟ್ಟಿರುವ ಲಿಂಕ್ ಮುಖಾಂತರ ಖರೀದಿಸಬಹದು? Amazon : https://amzn.in/d/98q8EXK Website : https://www.jnanayogashrama.org/books_kannada.php
ShhGuHZ0ico,Other,25.23,ಜೀವನದಲ್ಲಿ ಸಮಾಧಾನ ಪಡೆಯಲು ನಾವೇನು ಮಾಡಬೇಕು?,17:41,public,8/17/2021,51.7934377607952,157444,1.9K,75,0,0,1,
jyt2qEnoyWo,Mind,25.19,Mind is the instrument that points us to the 'right' path - Dharmic talk by Sri Siddheshwar Swamiji,12:26,public,2/3/2021,51.8675711538543,160164,1.8K,45,0,0,1,
vgrdCAD2h5s,Other,25.16,ಇದ ಕಂಡು ಕೇಳಿ ನೀನೇತಕೆ ಇಚ್ಛಿಸುವೆ ಎಲೆ ಹುಚ್ಚು ಮನವೆ? by Sri Siddheshwar Swamiji 01-01-2021,44:10,public,1/1/2021,51.7676029789267,156507,1.6K,69,0,4,1,#KannadaPravachana #SiddeshwarSwamiji #Adhyaatma #Vachanagalu
Yp8n6Un7BXU,Other,25.11,Sankara Jayanti - Story of an ordinary man opening the eyes of Sankara - Sri Siddheshwar Swamiji,13:01,public,5/20/2021,51.2279100605205,138159,2.4K,127,0,0,1,
p33ZM-do-FA,Other,25.08,ಇದನ್ನು ತಿಳಿದುಕೊಂಡರೆ ನಮಗೆ ಶಾಂತಿ ಉಂಟಾಗುತ್ತದೆ?,17:05,public,3/16/2024,51.4932478305908,146894,1.9K,81,2,21,1,ಪೂಜ್ಯರ ಪ್ರವಚನದ ಪುಸ್ತಕಗಳು ಈಗ Amazon & Website ನಲ್ಲಿ ಲಭ್ಯವಿರುತ್ತವೆ. ತಾವು ಕೆಳಗಡೆ ಕೊಟ್ಟಿರುವ ಲಿಂಕ್ ಮುಖಾಂತರ ಖರೀದಿಸಬಹದು? Amazon : https://amzn.in/d/98q8EXK Website : https://www.jnanayogashrama.org/books_kannada.php
KZe6aahm5Dw,Other,25.06,An interesting story about interesting ascetics by Sri Siddheshwar Swamiji,24:57,public,10/11/2021,51.4448338788224,145260,2K,77,0,0,1,
DI-PBdyOW-4,Other,25.04,"ದೇವರು ಎಲ್ಲಿದ್ದಾನೆ, ಹೇಗಿದ್ದಾನೆ ಮತ್ತು ಏನು ಮಾಡುತ್ತಿದ್ದಾನೆ ?",08:18,public,5/4/2022,51.5250402907811,147977,2K,47,0,0,1,
gGejTk2QJsc,Other,25.04,ಆನಂದದ ಜೀವನ ಸಾಗಿಸಬೇಕಾದರೆ ನಾವೇನು  ಮಾಡಬೇಕು?,15:05,public,6/27/2023,51.6434411937798,152081,1.5K,52,0,0,1,
NYZoHK9Sd2c,Other,25.03,Story of how King Bhartruhari became a Jnani (Self-Realized) - Narrated by Sri Siddheshwar Swamiji,13:30,public,1/4/2021,51.5613311767778,149223,1.8K,46,0,16,1,"#Dharma #SiddeshwarSwamiji #KannadaPravachana This is an excerpt from the Pravachans held in Kodekalli, Karnataka in 2013."
1boCiwTaToY,Mind,25.03,Our mind is like a bottomless pot - The story of a barber - Narrated by Sri Siddheshwar Swamiji,13:49,public,12/27/2020,51.5254497485047,147991,1.7K,65,0,22,1,#Spirituality #KannadaPravachana #Adhyaatma This video is an excerpt from the Angave Bhumiyagi series that was held in Arsikere in the year 2012.
_my4Kj-nLPE,Other,25.01,Know what happens when desire turns into infatuation - Talk by Sri Siddheshwar Swamiji,15:04,public,5/26/2021,51.5798541347657,149863,1.7K,41,0,0,1,
8o4QWY9RPps,Peace,24.98,How should we keep our mind to attain a state of peace - Soothing talk by Sri Siddheshwar Swamiji,13:00,public,5/31/2021,51.4063162662636,143973,1.9K,58,0,0,1,
IMhZwkiHahY,Other,24.94,How can we accept death? What is the knowledge required to understand it? By Sri Siddheshwar Swamiji,07:48,public,6/2/2021,51.3257571336345,141318,1.8K,65,0,0,1,
Q9rvtpu95-4,Other,24.9,ಬಂದ ಕಷ್ಟಗಳನ್ನು ಎದುರಿಸಿ ಬದುಕುವುದು ಹೇಗೆ?,19:52,public,1/19/2023,58.8955241072727,812406,7.4K,220,2,18,0,BOOKS ARE  AVAILABLE IN ONLINE (AMEZON & WEBSITE) LINKS ARE  GIVEN BELOW WEBSITE  - https://www.jnanayogashrama.org AMAZON - https://amzn.eu/d/cJtQoa3
bsAtnYWRy_I,Other,24.84,ಮನುಷ್ಯನು ಯಾವುದಕ್ಕಾಗಿ ಚಟಕ್ಕೆ ಬೀಳುತ್ತಿದ್ದಾನೆ.,14:06,public,9/13/2021,51.1205480384862,134774,1.8K,68,0,0,1,
ZIp2mT9bOnw,Other,24.83,ನಮ್ಮ ಮನಸ್ಸು ಎಷ್ಟು ಗಟ್ಟಿಯಾಗಿರಬೇಕು?,10:36,public,12/4/2021,51.0248919084959,131828,2.1K,64,0,0,1,
ZB3fde04UXg,Other,24.83,ಹೀಗೆ ಮಾಡಿದರೆ ಜೀವನ ಪೂರ್ತಿ ನೆಮ್ಮದಿಯಾಗಿರಬಹುದು.,14:41,public,1/24/2022,51.1148280305865,134596,1.8K,66,0,0,1,
VrfR9KAnHF8,Other,24.81,ನಾವು ಏನನ್ನು ತಿಳಿದುಕೊಂಡು ಬದುಕಬೇಕಾಗಿದೆ ?,17:14,public,8/8/2022,51.1746412300308,136469,1.6K,56,2,18,1,BOOKS ARE  AVAILABLE IN ONLINE (AMEZON & WEBSITE) LINKS ARE  GIVEN BELOW WEBSITE  - https://www.jnanayogashrama.org AMAZON - https://amzn.eu/d/cJtQoa3
1cwTvH5f5go,Other,24.8,ಜೀವನದ ಏಳಿಗೆಗಾಗಿ ನಮ್ಮ ಪ್ರಯತ್ನ ಹೇಗಿರಬೇಕು?,20:10,public,2/29/2024,51.1313888641407,135112,1.7K,54,2,21,1,ಪೂಜ್ಯರ ಪ್ರವಚನದ ಪುಸ್ತಕಗಳು ಈಗ Amazon & Website ನಲ್ಲಿ ಲಭ್ಯವಿರುತ್ತವೆ. ತಾವು ಕೆಳಗಡೆ ಕೊಟ್ಟಿರುವ ಲಿಂಕ್ ಮುಖಾಂತರ ಖರೀದಿಸಬಹದು Amazon : https://amzn.in/d/98q8EXK Website : https://www.jnanayogashrama.org/books_kannada.php
3cxPsmXTCsw,Other,24.76,Basava Jayanti special: Sri Siddheshwar Swamiji's Pravachan on Lord Basaveshwara,45:46,public,5/14/2021,50.9410547754227,129299,1.7K,84,0,5,1,Pravachana recorded at Basavana Bagewadi.
vpKIr8ffWR4,Other,24.74,"Don’t look only for mistakes, look for something good also - Sri Siddheshwar Swamiji",13:09,public,7/17/2021,51.0395099560663,132274,1.6K,57,0,0,1,
feN57RmPZIY,Life,24.73,ಡಾಂಬಿಕ ಜೀವನ ನಡೆಸುವುದರಿಂದ ಏನಾಗುತ್ತದೆ? - What happens to living a hypocritical life?,17:29,public,8/23/2023,50.9923654960038,130841,1.6K,62,4,5,1,#https://instagram.com/jnanayogashrama?igshid=ZDdkNTZiNTM= #https://www.facebook.com/jnanayogashrama?mibextid=ZbWKwL # https://amzn.eu/d/j5QXHyw #https://www.jnanayogashrama.org/mdsmall/mdsm_index.php
WHKQbiotwMA,Other,24.72,ಮನಸ್ಸನ್ನು ಪರಮ ಶಾಂತಿಯ ಕಡೆಗೆ ತರುವುದು ಹೇಗೆ?,34:46,public,1/6/2026,50.8533417938944,126705,1.5K,99,2,21,1,ಪೂಜ್ಯರ ಪ್ರವಚನದ ಪುಸ್ತಕಗಳು ಈಗ Amazon & Website ನಲ್ಲಿ ಲಭ್ಯವಿರುತ್ತವೆ. ತಾವು ಕೆಳಗಡೆ ಕೊಟ್ಟಿರುವ ಲಿಂಕ್ ಮುಖಾಂತರ ಖರೀದಿಸಬಹದು Amazon : https://amzn.in/d/98q8EXK Website : https://www.jnanayogashrama.org/books_kannada.php
L-EtLlNu8Sw,Other,24.71,ನಮ್ಮ ಬದುಕು ಸುಂದರವಾಗಲು ಮಾಡಬೇಕಾದ ಎರಡು ಕೆಲಸಗಳು,22:52,public,6/25/2023,51.0303056863101,131993,1.4K,58,0,0,1,
Ts069ZOxygc,Other,24.71,Bhagvad Gita lecture by Sri Siddheshwar Swamiji - Series I (Part -2),36:57,public,7/1/2021,50.9543567510112,129697,1.5K,72,0,0,1,
cWtIyHNXGSQ,Other,24.68,ಯಾವುದು ಧರ್ಮ?,13:20,public,6/15/2022,51.037448066977,132211,1.4K,45,0,0,1,
KdOCvElTpOg,Life,24.68,Pujya Sri Siddheshwar Swamiji's Pravachana on 'The ideals of a family life',12:22,public,12/14/2020,50.9249912144019,128820,1.4K,70,0,0,1,
2mLEk5aqXco,Other,24.67,ನಾವು ಕಂಡ ಕನಸನ್ನು ಪೂರೈಸಲು ಸಾಧ್ಯವಾಗುತ್ತಿಲ್ಲ ಏಕೆ? - Why are we unable to fulfill our dreams?,18:45,public,11/13/2023,50.902556951437,128154,1.6K,58,4,5,1,# https://amzn.eu/d/j5QXHyw #https://www.jnanayogashrama.org/mdsmall/mdsm_index.php #https://instagram.com/jnanayogashrama?igshid=ZDdkNTZiNTM= #https://www.facebook.com/jnanayogashrama?mibextid=ZbWKwL
i9FoRrbaiI8,Other,24.65,ಜೀವನ ಪೂರ್ತಿ ನೆಮ್ಮದಿಯಾಗಿರಲು ಯಾವ ವೃತ ಮಾಡಬೇಕು?,23:10,public,4/23/2025,50.8506082303897,126625,1.5K,65,0,0,1,
ERvy_evVaFA,Other,24.65,ಮನುಷ್ಯನ ಅತಿಯಾದ ವಿದ್ಯೆಯಿಂದ ಜಗತ್ತು ಏನಾಗುತ್ತದೆ?,15:05,public,6/22/2023,50.8978262124102,128014,1.4K,62,0,0,1,
a2bNXfZzyRs,Other,24.64,ಬದುಕಿನಲ್ಲಿ ನಿಶ್ಚಿಂತೆಯಿಂದ ಇರುವುದು ಹೇಗೆ?,25:49,public,2/19/2026,50.7430152359999,123516,1.5K,85,2,21,1,ಪೂಜ್ಯರ ಪ್ರವಚನದ ಪುಸ್ತಕಗಳು ಈಗ Amazon & Website ನಲ್ಲಿ ಲಭ್ಯವಿರುತ್ತವೆ. ತಾವು ಕೆಳಗಡೆ ಕೊಟ್ಟಿರುವ ಲಿಂಕ್ ಮುಖಾಂತರ ಖರೀದಿಸಬಹದು Amazon : https://amzn.in/d/98q8EXK Website : https://www.jnanayogashrama.org/books_kannada.php
W_kxpLAM-6E,Other,24.62,ಒಕ್ಕಲುತನ ಮಾಡಿ  ಶ್ರೇಷ್ಠನಾದ ರಾಜ ಯಾರು?,15:00,public,3/4/2022,50.9037388286892,128189,1.4K,46,0,0,1,
n2ywhx4-QgI,Other,24.62,ನಮ್ಮೆಲ್ಲರನ್ನೂ ಯಾವುದು ಆಳುತ್ತಿದೆ? - What is ruling us all?,16:13,public,1/6/2024,50.8728706362409,127278,1.4K,56,4,4,1,#https://amzn.eu/d/j5QXHyw #https://www.jnanayogashrama.org/mdsmall/mdsm_index.php #https://instagram.com/jnanayogashrama?igshid=ZDdkNTZiNTM= #https://www.facebook.com/jnanayogashrama?mibextid=ZbWKwL
V4ogZ-RhBj0,Other,24.6,Bhagvad Gita lecture by Sri Siddheshwar Swamiji - Series I (Part -3),45:00,public,7/8/2021,50.8308411048421,126048,1.3K,62,0,0,1,
vnr5wrC3ZqU,Other,24.59,ನಾವು ಧ್ಯಾನಕ್ಕೆ ಕುಳಿತಾಗ ಏನನ್ನು ತೆಗೆದು ಇಡಬೇಕು?,17:18,public,2/7/2024,50.4241398535525,114743,2.1K,96,4,5,1,#https://amzn.eu/d/j5QXHyw #https://www.jnanayogashrama.org/mdsmall/mdsm_index.php #https://instagram.com/jnanayogashrama?igshid=ZDdkNTZiNTM= #https://www.facebook.com/jnanayogashrama?mibextid=ZbWKwL ​
Blr0G0f_r98,Mind,24.54,Our mind is capable of extraordinary things - Listen to Sri Siddheshwar Swamiji to know more,17:53,public,8/28/2021,50.7215522484358,122905,1.4K,54,0,0,1,
Za0DD4PtHO4,Other,24.53,ತಪ್ಪು ತಿಳುವಳಿಕೆಯಿಂದ ನಮ್ಮ ಜೀವನ ಏನಾಗುತ್ತದೆ?,18:00,public,2/27/2024,50.577111809287,118871,1.7K,59,2,21,1,ಪೂಜ್ಯರ ಪ್ರವಚನದ ಪುಸ್ತಕಗಳು ಈಗ Amazon & Website ನಲ್ಲಿ ಲಭ್ಯವಿರುತ್ತವೆ. ತಾವು ಕೆಳಗಡೆ ಕೊಟ್ಟಿರುವ ಲಿಂಕ್ ಮುಖಾಂತರ ಖರೀದಿಸಬಹದು Amazon : https://amzn.in/d/98q8EXK Website : https://www.jnanayogashrama.org/books_kannada.php
K4LEGR0I8uM,Other,24.47,ಕಷ್ಟಪಟ್ಟು ಕೆಲಸ ಮಾಡಿದರೂ ಕೂಡ ನಾವೇಕೆ ಕತ್ತಲೆ ಕಡೆಗೆ ಹೋಗುತ್ತಿದ್ದೇವೆ?,28:31,public,4/11/2024,50.5398868737892,117853,1.5K,56,2,21,1,ಪೂಜ್ಯರ ಪ್ರವಚನದ ಪುಸ್ತಕಗಳು ಈಗ Amazon & Website ನಲ್ಲಿ ಲಭ್ಯವಿರುತ್ತವೆ. ತಾವು ಕೆಳಗಡೆ ಕೊಟ್ಟಿರುವ ಲಿಂಕ್ ಮುಖಾಂತರ ಖರೀದಿಸಬಹದು? Amazon : https://amzn.in/d/98q8EXK Website : https://www.jnanayogashrama.org/books_kannada.php
Nsyw_5DwLEU,Life,24.47,What are those things that end up ruining our life? Talk by Sri Siddheshwar Swamiji,13:22,public,3/31/2021,50.6622330976596,121232,1.4K,35,0,0,1,
IXmXLfWqVf4,Other,24.43,ದೇವರನ್ನು ನಾವು ಎಲ್ಲೆಲ್ಲಿ ನೋಡಬಹುದು? - Where can we see God?,20:44,public,8/21/2023,50.5161345549399,117208,1.3K,55,4,5,1,#https://instagram.com/jnanayogashrama?igshid=ZDdkNTZiNTM= #https://www.facebook.com/jnanayogashrama?mibextid=ZbWKwL # https://amzn.eu/d/j5QXHyw #https://www.jnanayogashrama.org/mdsmall/mdsm_index.php
lBraVrPkKWM,Other,24.43,ನಮ್ಮನ್ನು ಎಲ್ಲರೂ ಮೆಚ್ಚುವ ಹಾಗೆ ಮಾಡುವುದು ಹೇಗೆ?,18:36,public,6/10/2024,50.441944654844,115216,1.5K,57,2,21,1,ಪೂಜ್ಯರ ಪ್ರವಚನದ ಪುಸ್ತಕಗಳು ಈಗ Amazon & Website ನಲ್ಲಿ ಲಭ್ಯವಿರುತ್ತವೆ. ತಾವು ಕೆಳಗಡೆ ಕೊಟ್ಟಿರುವ ಲಿಂಕ್ ಮುಖಾಂತರ ಖರೀದಿಸಬಹದು? Amazon : https://amzn.in/d/98q8EXK Website : https://www.jnanayogashrama.org/books_kannada.php
kvzGAcFWRn8,Other,24.42,The story of how young Siddhartha became the great Buddha - Narrated by Sri Siddheshwar Swamiji,20:28,public,6/22/2021,50.3673017030765,113246,1.7K,58,0,0,1,
XTKLzsm_B04,Life,24.42,It is important to have the company of these to overcome the misery of life- Sri Siddheshwar Swamiji,12:06,public,6/4/2021,50.456457935917,115603,1.6K,45,0,0,1,
iZVPbYgximU,Other,24.41,ಮನುಷ್ಯನೇ ಜೀವನದಲ್ಲಿ ಈ 5 ಕೆಲಸಗಳನ್ನು  ಮಾಡಬೇಡ,24:44,public,8/13/2022,58.5645942948423,752604,7.7K,216,0,0,0,
Cv46QZ3_bi8,Other,24.37,ಕೆಲಸಗಳನ್ನು ನಿಧಾನವಾಗಿ ಏಕೆ ಮಾಡಬೇಕು? - Why do things slowly?,10:09,public,8/7/2023,50.4882020069904,116454,1.2K,42,4,14,1,#siddheshwarswamiji  #Jnanayogashramavijayapur #https://instagram.com/jnanayogashrama?igshid=ZDdkNTZiNTM= #https://www.facebook.com/jnanayogashrama?mibextid=ZbWKwL #Kathamrutha (Tales told by Siddheshwar Swamiji in Kannada) https://amzn.eu/d/j5QXHyw #https://www.jnanayogashrama.org/mdsmall/mdsm_index.php
cUoUN5I1v5U,Other,24.34,“Surender even the feeling of surrender” - Enlightening story narrated by Sri Siddheshwar Swamiji,12:39,public,1/20/2021,50.262783589542,110544,1.6K,49,0,4,1,#KannadaPravachana #SiddeshwarSwamiji #Dharma #MotivationalTalk
CoVdugzMooc,Other,24.33,ನಮ್ಮ ಮನಸ್ಸು ಏನೆಲ್ಲಾ ಮಾಡಿಸುತ್ತದೆ?,15:06,public,6/8/2022,50.3149713210959,111885,1.5K,42,0,0,1,
jSDqaxUCmhA,Other,24.32,ಏನನ್ನು ತಿಳಿದುಕೊಂಡರೆ ಜೀವನ ಕೆಡುವುದಿಲ್ಲ?,19:29,public,2/19/2024,50.1923655927364,108760,1.5K,63,4,5,1,#https://amzn.eu/d/j5QXHyw #https://www.jnanayogashrama.org/mdsmall/mdsm_index.php #https://instagram.com/jnanayogashrama?igshid=ZDdkNTZiNTM= #https://www.facebook.com/jnanayogashrama?mibextid=ZbWKwL ​
9dwtaslpdkA,Other,24.32,How does one overcome the suffering of Samsara? By Pujya Sri Siddheshwar Swamiji,14:43,public,2/14/2021,50.3645108575653,113173,1.3K,38,0,0,1,
Tp_N4Gzx_74,Other,24.32,ನಾವು ಮಾಡಿದ ಪಾಪವನ್ನು ಕಳೆದುಕೊಳ್ಳುವುದು ಹೇಗೆ? - How can we lose the sin we have committed?,18:11,public,9/16/2023,58.5526852435486,750536,6.7K,256,4,5,0,#https://instagram.com/jnanayogashrama?igshid=ZDdkNTZiNTM= #https://www.facebook.com/jnanayogashrama?mibextid=ZbWKwL # https://amzn.eu/d/j5QXHyw #https://www.jnanayogashrama.org/mdsmall/mdsm_index.php
yap4YABxDqs,Other,24.31,ತಲೆಯಲ್ಲಿರುವ ಭಾರವನ್ನು ಇಳಿಸಿಕೊಳ್ಳಲು ಯಾವ ಯೋಗ ಮಾಡಬೇಕು?,11:29,public,10/18/2023,50.1647395935705,108068,1.4K,72,4,5,1,#https://instagram.com/jnanayogashrama?igshid=ZDdkNTZiNTM= #https://www.facebook.com/jnanayogashrama?mibextid=ZbWKwL # https://amzn.eu/d/j5QXHyw #https://www.jnanayogashrama.org/mdsmall/mdsm_index.php
NKSvrSU7o2s,Other,24.31,ಕಾರ ಹುಣ್ಣಿಮೆಯ ಮಹತ್ವ,05:48,public,6/14/2022,50.2398578592009,109960,1.5K,49,0,9,1,"# ಪೂಜ್ಯ ಶ್ರೀ ಅದೃಶ್ಯ ಕಾಢಸಿದ್ಧೇಶ್ವರ ಸ್ವಾಮಿಗಳು, ಸಿದ್ಧಗಿರಿ ಮಠ, ಕಣ್ಣೇರಿ"
3xVrWpHbDqM,Other,24.3,What is the nature of pleasure? Explained by Pujya Sri Siddheshwar Swamiji,12:48,public,12/18/2020,50.2853158860811,111121,1.3K,49,0,4,1,#SiddeshwarSwamiji #Spirituality #Meditation #Yoga
bDxzq-6jtp4,Other,24.3,ಎಲ್ಲಾ ದೇವರುಗಳು ಒಂದೇ ಅದು ಹೇಗೆ? - How is it that all gods are the same?,16:42,public,7/26/2023,50.1889817101584,108675,1.3K,68,4,14,1,#siddheshwarswamiji  #Jnanayogashramavijayapur #https://instagram.com/jnanayogashrama?igshid=ZDdkNTZiNTM= #https://www.facebook.com/jnanayogashrama?mibextid=ZbWKwL #Kathamrutha (Tales told by Siddheshwar Swamiji in Kannada) https://amzn.eu/d/j5QXHyw #https://www.jnanayogashrama.org/mdsmall/mdsm_index.php
akEss_uAQLM,Life,24.29,What have we achieved in all our life? Inspirational talk by Sri Siddheshwar Swamiji,13:40,public,4/21/2021,50.2882750210332,111197,1.4K,37,0,0,1,
gv1dd_2jRoE,Other,24.27,Kena Upanishad Pravachan - Part 1 by Pujya Sri Siddheshwar Swamiji (Kannada),36:15,public,12/31/2020,50.2173244335884,109389,1.2K,55,0,0,1,
dC8ZwPZT9kA,Other,24.26,"Sri Siddheshwar Swamiji’s Pravachana - 25-06-21 at Nippani, Belagavi.",55:02,public,6/25/2021,50.0343973252069,104862,1.3K,83,0,1,1,#SiddheshwarSwamiji
nJd0k-ZSq7A,Mind,24.26,How is out mind both your friend and enemy? Listen to Sri Siddheshwar’s talk to know more.,15:02,public,10/2/2021,50.22321575611,109538,1.4K,38,0,0,1,
QVdzyq8p3c4,Other,24.25,LIVE - ಪೂಜ್ಯ ಶ್ರೀ ಸಿದ್ಧೇಶ್ವರ ಸ್ವಾಮೀಜಿಯವರ ಆಧ್ಯಾತ್ಮಿಕ  ಪ್ರವಚನ (04-10-2022),52:46,public,10/4/2022,50.1016849063787,106505,1.2K,72,0,4,1,ಸ್ಥಳ :-  ಜ್ಞಾನಯೋಗಾಶ್ರಮ ವಿಜಯಪುರ.
vCCurOA-_k8,Life,24.22,ನಮ್ಮ ಜೀವನದ ಚಕ್ರವು ಹೇಗೆ ತಿರುಗುತ್ತಿದೆ? - How is our cycle of life turning?,13:29,public,9/6/2023,50.0527665392937,105308,1.4K,53,4,5,1,#https://instagram.com/jnanayogashrama?igshid=ZDdkNTZiNTM= #https://www.facebook.com/jnanayogashrama?mibextid=ZbWKwL # https://amzn.eu/d/j5QXHyw #https://www.jnanayogashrama.org/mdsmall/mdsm_index.php
OBsD_V0ggDI,Other,24.21,ನಾವು ಸುಖವಾಗಿರಬೇಕಾದರೆ ದೇವರ ಬಗ್ಗೆ ನಮ್ಮ ಅಭಿಪ್ರಾಯ ಹೇಗಿರಬೇಕು?,21:47,public,4/5/2024,49.9306386073843,102378,1.4K,78,2,21,1,ಪೂಜ್ಯರ ಪ್ರವಚನದ ಪುಸ್ತಕಗಳು ಈಗ Amazon & Website ನಲ್ಲಿ ಲಭ್ಯವಿರುತ್ತವೆ. ತಾವು ಕೆಳಗಡೆ ಕೊಟ್ಟಿರುವ ಲಿಂಕ್ ಮುಖಾಂತರ ಖರೀದಿಸಬಹದು? Amazon : https://amzn.in/d/98q8EXK Website : https://www.jnanayogashrama.org/books_kannada.php
OILSwJhsC7s,Other,24.21,Who Am I? (Naanu Yaaru) by Sri Siddheshwar Swamiji,12:07,public,12/4/2020,50.020506960435,104526,1.4K,60,0,0,1,
EA3dpnY_7ls,Other,24.19,ನೆಮ್ಮದಿಯ ಜೀವನಕ್ಕಾಗಿ ಯಾವುದರಿಂದ ದೂರವಿರಬೇಕು?,11:12,public,12/6/2021,50.0421499093433,105050,1.4K,42,0,0,1,
MX4uDaVw3Jc,Life,24.17,The 2 most important things to be in everyone’s life - By Sri Siddheshwar Swamij,13:54,public,5/29/2021,50.0495184760959,105229,1.2K,49,0,0,1,
KYzTGuTimdI,Other,24.16,ಸುಖ-ದುಃಖ ಎಂಬ ತೆರೆಗಳ ಮಧ್ಯೆ ಸಂತೋಷದಿಂದ ಬದುಕುವುದು ಹೇಗೆ?,32:30,public,4/19/2024,58.4759173649864,737341,6.6K,243,2,21,0,ಪೂಜ್ಯರ ಪ್ರವಚನದ ಪುಸ್ತಕಗಳು ಈಗ Amazon & Website ನಲ್ಲಿ ಲಭ್ಯವಿರುತ್ತವೆ. ತಾವು ಕೆಳಗಡೆ ಕೊಟ್ಟಿರುವ ಲಿಂಕ್ ಮುಖಾಂತರ ಖರೀದಿಸಬಹದು? Amazon : https://amzn.in/d/98q8EXK Website : https://www.jnanayogashrama.org/books_kannada.php
kGGHNOFWwNw,Other,24.12,ಮನೆಗೆ ಬಂದ ಅತಿಥಿಗಳನ್ನು ಸತ್ಕರಿಸುವುದು ಹೇಗೆ?,13:03,public,2/28/2022,58.5920019701571,757385,6.5K,145,0,0,0,
r8tCueSRfls,Other,24.1,ಎಂತಹ ಕೆಲಸ ಮಾಡುವವರಿಗೆ ದೇವರ ಆಶೀರ್ವಾದ ಸದಾ ಇರುತ್ತದೆ?,17:16,public,2/25/2026,49.8288781422428,99999,1.2K,62,2,21,1,ಪೂಜ್ಯರ ಪ್ರವಚನದ ಪುಸ್ತಕಗಳು ಈಗ Amazon & Website ನಲ್ಲಿ ಲಭ್ಯವಿರುತ್ತವೆ. ತಾವು ಕೆಳಗಡೆ ಕೊಟ್ಟಿರುವ ಲಿಂಕ್ ಮುಖಾಂತರ ಖರೀದಿಸಬಹದು Amazon : https://amzn.in/d/98q8EXK Website : https://www.jnanayogashrama.org/books_kannada.php
SlVNnlgJnwY,Other,24.08,ಈ ಎರಡು ವಿದ್ಯೆಗಳಲ್ಲಿ ಶ್ರೇಷ್ಠ ವಿದ್ಯೆ ಯಾವುದು?,18:16,public,7/15/2023,49.8020473149599,99381,1.2K,61,4,23,1,Which of these two vidyas is the superior vidya? #siddheshwarswamiji  #Jnanayogashramavijayapur #https://instagram.com/jnanayogashrama?igshid=ZDdkNTZiNTM= #https://www.facebook.com/jnanayogashrama?mibextid=ZbWKwL #Kathamrutha (Tales told by Siddheshwar Swamiji in Kannada) https://amzn.eu/d/j5QXHyw #https://www.jnanayogashrama.org/mdsmall/mdsm_index.php
UYomqt0si_M,Other,24.05,Why do we fail to become Self Realized? An excerpt from Sri Siddheshwar Swamiji's lecture (Kannada).,09:33,public,12/3/2020,49.8329014311003,100092,1.2K,36,0,0,1,
E-zMwzPjrnY,Other,24.05,"ರಾಗ, ಕ್ರೋದ, ಭಯ ಎಂದರೆ ಏನು? - What is raga, anger, fear?",16:41,public,8/30/2023,49.7577483477622,98369,1.2K,53,4,5,1,#https://instagram.com/jnanayogashrama?igshid=ZDdkNTZiNTM= #https://www.facebook.com/jnanayogashrama?mibextid=ZbWKwL # https://amzn.eu/d/j5QXHyw #https://www.jnanayogashrama.org/mdsmall/mdsm_index.php
ut5c1zveeek,Other,24.02,Sri Siddheshwar Swamiji's Pravachan on 'what is Bhaavayoga'?,17:54,public,12/12/2020,49.738080411356,97923,1.1K,54,0,0,1,
BQYSAMfO3CY,Life,24.01,What are those things that have to be protected in our life? Talk by Sri Siddheshwar Swamiji,19:36,public,4/6/2021,49.7761445537969,98788,1.1K,40,0,0,1,
j6qz-URidJw,Other,24.01,Gurupornima Japayoga | Pranav mantap Pooja,37:45,public,7/5/2020,49.7404223173085,97976,965,55,-,-,1,
e_E1mvGwfS8,Mind,24,There are latent powers hidden in the mind - Revealing talk by Sri Siddheshwar Swamiji,10:40,public,2/19/2021,49.5392395980361,93526,1.5K,55,0,2,1,#SiddheshwarSwamiji #KannnadaPravachana
-zgGWgCjrj0,Other,23.99,"Live-Sri Siddheshwar Swamiji’s Pravachana 12-07-2021 at Nippani, Belagavi.",43:48,public,7/12/2021,49.5613496201903,94005,1.2K,70,0,1,1,#Siddheshwarswamiji
UqtWncZid4o,Other,23.99,ಮನುಷ್ಯನೇ ಏಕೆ ದ್ವೇಷ ಮಾಡುವೆ?,13:20,public,6/29/2022,49.5231052316923,93178,1.4K,64,0,0,1,
3PvmEOMZKDE,Other,23.99,ಈ ಜಗತ್ತಿನಲ್ಲಿ ಯಾವುದು ಪರಿಪೂರ್ಣವಾಗಿ ಇರುವುದು?,14:16,public,2/2/2023,49.6875322731533,96786,1.2K,43,0,0,1,
MOtRgvSWpx0,Other,23.99,ಯಾವ ಮಾತುಗಳನ್ನು ಇಟ್ಟುಕೊಂಡು ಹೋದರೆ ಜೀವನದಲ್ಲಿ  ಆರಾಮವಾಗಿರುತ್ತೇವೆ?,20:37,public,12/27/2022,58.3108481571134,709749,7.5K,214,2,18,0,BOOKS ARE  AVAILABLE IN ONLINE (AMEZON & WEBSITE) LINKS ARE  GIVEN BELOW WEBSITE  - https://www.jnanayogashrama.org AMAZON - https://amzn.eu/d/cJtQoa3
sCiocb0-jZs,Other,23.98,How do we make sure we do not become deluded to all things of the world? By Sri Siddheshwar Swamiji,12:11,public,8/10/2021,49.6384677791255,95695,1.3K,42,0,0,1,
geFfuN3lag4,Relationships,23.98,ಪ್ರೀತಿಸಿದರೆ ಏನನ್ನು ಪ್ರೀತಿಸಬೇಕು? - If you love what you should love,10:48,public,8/16/2023,49.7268836287846,97670,1.1K,36,4,5,1,#https://instagram.com/jnanayogashrama?igshid=ZDdkNTZiNTM= #https://www.facebook.com/jnanayogashrama?mibextid=ZbWKwL # https://amzn.eu/d/j5QXHyw #https://www.jnanayogashrama.org/mdsmall/mdsm_index.php
yZEIYWBrj3Y,Other,23.97,ಜಗತ್ತಿನಲ್ಲಿ ನಾವು ಚೆನ್ನಾಗಿ ಇರಬೇಕಾದರೆ ಮೊದಲು ಏನನ್ನು ತಿಳಿಯಬೇಕು?,24:12,public,1/6/2025,49.6024982186187,94903,1.1K,56,4,9,1,#siddheshwarswamiji   #Jnanayogi #kannadapravachan #motivationalvideo #SiritualTalks #https://amzn.eu/d/j5QXHyw #https://www.jnanayogashrama.org/mdsmall/mdsm_index.php #https://instagram.com/jnanayogashrama?igshid=ZDdkNTZiNTM= #https://www.facebook.com/jnanayogashrama?mibextid=ZbWKwL
ahGsismc254,Other,23.97,ಮನುಷ್ಯನಿಗೆ ಶ್ರದ್ಧೆ ಎಂಬುದು ಎಷ್ಟು ಮುಖ್ಯ,12:32,public,6/11/2022,49.5932761186044,94701,1.3K,45,0,0,1,
aD09BK3njIA,Life,23.96,"All our life, we must be engaged in an active life - Kannada Pravachana by Sri Siddheshwar Swamiji",41:34,public,1/2/2021,49.7004365450496,97075,1K,37,0,4,1,#KannadaPravachana #KarmaYoga #SiddeshwarSwamiji #Dharma
ZciuM2D4Tq0,Other,23.95,ಜಗತ್ತಿನಲ್ಲಿ ನಮಗೆ ಕಾಣಿಸುವ 8 ತರಹದ ಜನ ಯಾರು? - Who are the 8 types of people we see in the world?,31:48,public,9/20/2023,49.5463603661657,93680,1.2K,55,4,5,1,#https://instagram.com/jnanayogashrama?igshid=ZDdkNTZiNTM= #https://www.facebook.com/jnanayogashrama?mibextid=ZbWKwL # https://amzn.eu/d/j5QXHyw #https://www.jnanayogashrama.org/mdsmall/mdsm_index.php
umKIBLAchSc,Other,23.94,"Live-ಪೂಜ್ಯ ಶ್ರೀ ಸಿದ್ಧೇಶ್ವರ ಸ್ವಾಮೀಜಿಯವರ ಆಧ್ಯಾತ್ಮಿಕ ಪ್ರವಚನ (13-12-2021) ಚನ್ನಬಸವಾಶ್ರಮ, ಭಾಲ್ಕಿ.",56:02,public,12/13/2021,49.508588624608,92866,1.2K,56,0,9,1,"Live-ಪೂಜ್ಯ ಶ್ರೀ ಸಿದ್ಧೇಶ್ವರ ಸ್ವಾಮೀಜಿಯವರ ಆಧ್ಯಾತ್ಮಿಕ ಪ್ರವಚನ (13-12-2021) ಚನ್ನಬಸವಾಶ್ರಮ, ಭಾಲ್ಕಿ."
qWRu24vOHwk,Other,23.92,ಧರ್ಮ ಎಂದರೆ ಏನು? - What is religion?,13:05,public,10/16/2023,49.4793615993614,92241,1.2K,51,4,5,1,#https://instagram.com/jnanayogashrama?igshid=ZDdkNTZiNTM= #https://www.facebook.com/jnanayogashrama?mibextid=ZbWKwL # https://amzn.eu/d/j5QXHyw #https://www.jnanayogashrama.org/mdsmall/mdsm_index.php
dYDb-iDJvqg,Other,23.92,ಜೀವನದಲ್ಲಿ ನೀತಿಮಾರ್ಗ ಎಷ್ಟು ಅವಶ್ಯ.,12:14,public,6/19/2023,49.5833014592849,94483,1.1K,38,0,0,1,
DsvHpbhDcU4,Other,23.91,"#ಪೂಜ್ಯ ಶ್ರೀ ಸಿದ್ಧೇಶ್ವರ ಸ್ವಾಮೀಜಿಯವರ ಆಧ್ಯಾತ್ಮಿಕ ಪ್ರವಚನ (26-11-2021) ಚನ್ನಬಸವಾಶ್ರಮ, ಬಾಲ್ಕಿ.",55:57,public,11/26/2021,49.4191669645551,90967,1.3K,53,0,9,1,"#ಪೂಜ್ಯ ಶ್ರೀ ಸಿದ್ಧೇಶ್ವರ ಸ್ವಾಮೀಜಿಯವರ ಆಧ್ಯಾತ್ಮಿಕ ಪ್ರವಚನ (26-11-2021) ಚನ್ನಬಸವಾಶ್ರಮ, ಬಾಲ್ಕಿ."
lD5az9JoUIU,Other,23.89,'This world is God's festival' - Sri Siddheshwar Swamiji on Rabindranath Tagore,14:07,public,12/13/2020,49.4948648129597,92572,1.1K,45,0,0,1,
kY-obrQ86II,Other,23.88,Bhagvad Gita lecture by Sri Siddheshwar Swamiji - Series I (Part -4),45:16,public,7/14/2021,49.4815194498747,92287,1K,49,0,0,1,
sZs2B9I8erg,Life,23.88,How does one achieve the target set in life? Inspiring Talk by Pujya Sri Siddheshwar Swamiji,14:12,public,3/17/2021,49.4346972793637,91294,1.3K,36,0,3,1,#KannadaMotivational #SiddheshwarSwamiji #KannadaPravachana
XdGHE2AoGrI,Other,23.88,Bhagvad Gita lecture by Sri Siddheshwar Swamiji - Series I (Part -5),45:51,public,7/21/2021,49.5230123314031,93176,1K,40,0,0,1,
i8fc_gOFSgA,Other,23.87,ಕುಳಿತಲ್ಲೇ ಶ್ರೀಮಂತವಾಗುವುದು ಹೇಗೆ?,09:18,public,4/27/2022,49.4706724072787,92056,1.1K,38,0,0,1,
BaYgKiI362s,Other,23.87,ಜೀವನದಲ್ಲಿ ಆಗುವ ಕೆಲವು ಬದಲಾವಣೆಗಳಿಂದ ತಾಪ ಮಾಡಿಕೊಳ್ಳಬಾರದು ಏಕೆ?,18:53,public,10/30/2023,49.340426070463,89327,1.2K,58,4,4,1,#https://amzn.eu/d/j5QXHyw #https://www.jnanayogashrama.org/mdsmall/mdsm_index.php #https://instagram.com/jnanayogashrama?igshid=ZDdkNTZiNTM= #https://www.facebook.com/jnanayogashrama?mibextid=ZbWKwL
20PkdabZdt4,Other,23.87,Pujya Sri Siddheshwar Swamiji talks on the importance of food and narrates the story of King Midas.,11:52,public,12/21/2020,49.4370670409855,91344,1.2K,38,0,3,1,#SiddeshwarSwamiji #Spirituality #MidasTouch
13KmaPc3Lo8,Other,23.87,ಏಕೆ ಬಲ್ಲವರ ಮಾತಿನ ಮೇಲೆ ವಿಶ್ವಾಸ ಇಡಬೇಕು?,13:42,public,6/17/2023,49.4049652586842,90669,1.1K,53,0,0,1,
cgEOrENDDm4,Other,23.84,ಗುರು ಶಿಷ್ಯರು ಎಂದರೆ ಹೇಗಿರಬೇಕು?,12:52,public,6/29/2023,49.2093856757409,86663,1.4K,59,0,0,1,
BzmMMj8KnLQ,Other,23.83,Kena Upanishad Pravachan - Introduction by Pujya Sri Siddheshwar Swamiji (Kannada),34:52,public,12/24/2020,49.3554202338697,89637,1K,51,0,3,1,#Upanishad #KenaUpanishad #SiddeshwarSwamiji
EDL4I6ap6P4,Other,23.83,One must cultivate a vision in the work that they undertake -- By Sri Siddheshwar Swamiji,10:05,public,3/5/2021,49.3894714175745,90345,1.2K,30,0,2,1,#KannadaPravachana #SiddeshwarSwamiji
xbL04XLwUrw,Life,23.83,ಇವೆರಡನ್ನೂ ನೆನಪಿನಲ್ಲಿಟ್ಟರೆ ಬದುಕು ಸುಂದರವಾಗುತ್ತದೆ? - Remembering these two makes life beautiful?,12:52,public,7/28/2023,49.374114221895,90025,1K,48,4,14,1,#siddheshwarswamiji  #Jnanayogashramavijayapur #https://instagram.com/jnanayogashrama?igshid=ZDdkNTZiNTM= #https://www.facebook.com/jnanayogashrama?mibextid=ZbWKwL #Kathamrutha (Tales told by Siddheshwar Swamiji in Kannada) https://amzn.eu/d/j5QXHyw #https://www.jnanayogashrama.org/mdsmall/mdsm_index.php
0itU49kGAlw,Other,23.82,LIVE - ಶ್ರೀ  ಸಿದ್ಧೇಶ್ವರ ಮಹಾಸ್ವಾಮಿಗಳವರ ಗುರುನಮನ ಮಹೋತ್ಸವ 02-01-2024,03:17:08,public,1/2/2024,49.2367667376107,87213,1.1K,66,0,5,1,02-01-2024  ಸ್ಥಳ : ಜ್ಞಾನಯೋಗಾಶ್ರಮ ವಿಜಯಪುರ.
qhH7OizqQE4,Other,23.82,ಬದುಕಿದರೆ ನಾವು ಯಾರ ಹಾಗೆ ಬದುಕಬೇಕು?,08:01,public,7/17/2023,49.4018136011671,90603,1K,36,0,0,1,
Bn0NWmNFGiI,Other,23.79,Is there a limit to our desires? Pujya Sri Siddheshwar Swamiji explains about the nature of desire.,14:24,public,12/29/2020,49.3028584391922,88555,1.1K,37,0,23,1,"#NitiShastra #Adhyatma #Spirituality #SiddeshwarSwamiji This video is an excerpt from the #NitiShastra series that was held in Jnanayogashrama, Vijayapur in the year 2017."
JShTIJNVmyM,Other,23.72,Pujya Sri Siddheshwar Swamiji on 'How to give up the attachment to material things?',14:53,public,12/10/2020,49.194076515778,86357,1K,33,0,0,1,
U1gGYqulHF4,Other,23.72,ನಮ್ಮ ಜೀವನವನ್ನು ಇನ್ನೊಬ್ಬರಿಗೆ ಹೋಲಿಸಿದರೆ ಏನಾಗುತ್ತದೆ ?,09:31,public,5/16/2022,49.1169628646018,84832,1.2K,36,0,0,1,
BIeZGkc0IFg,Other,23.72,ದೇವರು ಏಕೆ ಕಾಣುವುದಿಲ್ಲ? ಶಿಷ್ಯನ ಪ್ರಶ್ನೆಗೆ ಗುರುವಿನ ಉತ್ತರ?,21:59,public,1/28/2026,49.0688400421653,83894,1K,59,2,21,1,ಪೂಜ್ಯರ ಪ್ರವಚನದ ಪುಸ್ತಕಗಳು ಈಗ Amazon & Website ನಲ್ಲಿ ಲಭ್ಯವಿರುತ್ತವೆ. ತಾವು ಕೆಳಗಡೆ ಕೊಟ್ಟಿರುವ ಲಿಂಕ್ ಮುಖಾಂತರ ಖರೀದಿಸಬಹದು Amazon : https://amzn.in/d/98q8EXK Website : https://www.jnanayogashrama.org/books_kannada.php
6yz9joAPokM,Happiness,23.71,How to be happy and contended with whatever we already possess? By Sri Siddheshwar Swamiji,15:09,public,5/10/2021,49.0791972146564,84095,1.1K,45,0,0,1,
auzzVXsxqOw,Other,23.7,ಮನಸ್ಸಿನಲ್ಲಿ ದೇವರನ್ನು ಕಾಣುವುದು ಹೇಗೆ ?,09:19,public,1/1/2022,49.0128134442014,82815,1.1K,52,0,7,1,audio credit : relaxing music copyright free
5l61swg-FzI,Other,23.69,"Live-ಪೂಜ್ಯ ಶ್ರೀ ಸಿದ್ಧೇಶ್ವರ ಸ್ವಾಮೀಜಿಯವರ ಆಧ್ಯಾತ್ಮಿಕ ಪ್ರವಚನ (16-11-2021) ಚನ್ನಬಸವಾಶ್ರಮ, ಭಾಲ್ಕಿ.",54:22,public,11/16/2021,48.9073812961962,80822,1.3K,55,0,9,1,"Live-ಪೂಜ್ಯ ಶ್ರೀ ಸಿದ್ಧೇಶ್ವರ ಸ್ವಾಮೀಜಿಯವರ ಆಧ್ಯಾತ್ಮಿಕ ಪ್ರವಚನ (16-11-2021) ಚನ್ನಬಸವಾಶ್ರಮ, ಭಾಲ್ಕಿ."
JMPI5rb1reo,Life,23.69,"If we forget the wisdom of the Wise, life tends to fall apart - Sri Siddheshwar Swamiji's wise words",17:46,public,2/7/2021,58.3332977376038,713440,6.2K,153,0,3,0,#KannadaPravachana #Dharma #SiddheshwarSwamiji
ROfIuS11gkQ,Peace,23.69,ಇನ್ನೊಬ್ಬರ  ಶಾಂತಿಗಾಗಿ ಮನುಷ್ಯನ ಮಾತು ಹೇಗಿರಬೇಕು? - How should a man speak for the peace of another?,11:21,public,9/18/2023,49.0311186736264,83166,1K,51,4,5,1,#https://instagram.com/jnanayogashrama?igshid=ZDdkNTZiNTM= #https://www.facebook.com/jnanayogashrama?mibextid=ZbWKwL # https://amzn.eu/d/j5QXHyw #https://www.jnanayogashrama.org/mdsmall/mdsm_index.php
cjhF7McCNIM,Other,23.67,ಸಂತ ಏಕನಾಥರ  ಜೀವನ  ಹೇಗಿತ್ತು?,11:58,public,1/26/2022,48.9491097884082,81605,1.3K,40,0,0,1,
bu9ovY4r-5o,Other,23.66,ಚಿಂತೆ ಎಂಬುದು ನಮ್ಮ ಜೀವನದ ಮೆರಗನ್ನು ಹೇಗೆ ಹಾಳು ಮಾಡುತ್ತದೆ?,19:23,public,11/5/2024,48.9453425216834,81534,1.1K,50,2,21,1,ಪೂಜ್ಯರ ಪ್ರವಚನದ ಪುಸ್ತಕಗಳು ಈಗ Amazon & Website ನಲ್ಲಿ ಲಭ್ಯವಿರುತ್ತವೆ. ತಾವು ಕೆಳಗಡೆ ಕೊಟ್ಟಿರುವ ಲಿಂಕ್ ಮುಖಾಂತರ ಖರೀದಿಸಬಹದು? Amazon : https://amzn.in/d/98q8EXK Website : https://www.jnanayogashrama.org/books_kannada.php
2uyjG-YOqVs,Other,23.66,ದೇಹವೆಂಬ ವೀಣೆಯನ್ನು ಹೇಗೆ ಬಾರಿಸಬೇಕು?,15:37,public,7/9/2023,49.0245564697357,83040,913,48,4,27,1,How to play the body harp? Spiritual discourse by Sri Siddheshwar Swamiji #siddheshwar swamiji  #Jnanayogashramavijayapur #https://instagram.com/jnanayogashrama?igshid=ZDdkNTZiNTM= #https://www.facebook.com/jnanayogashrama?mibextid=ZbWKwL #Kathamrutha (Tales told by Siddheshwar Swamiji in Kannada) https://amzn.eu/d/j5QXHyw #https://www.jnanayogashrama.org/mdsmall/mdsm_index.php
byAqPlYGtVA,Other,23.66,ನೀತಿಯ 4 ಉದ್ದೇಶಗಳು,18:53,public,1/30/2023,48.9822368918112,82232,1K,48,0,0,1,
0sEL18OaPdw,Other,23.66,ಪ್ರತಿದಿನ ಹೊಸಬರಾಗಿ ಬದುಕುವುದು ಹೇಗೆ?,29:13,public,1/31/2026,48.8381788250777,79540,1.1K,72,2,21,1,ಪೂಜ್ಯರ ಪ್ರವಚನದ ಪುಸ್ತಕಗಳು ಈಗ Amazon & Website ನಲ್ಲಿ ಲಭ್ಯವಿರುತ್ತವೆ. ತಾವು ಕೆಳಗಡೆ ಕೊಟ್ಟಿರುವ ಲಿಂಕ್ ಮುಖಾಂತರ ಖರೀದಿಸಬಹದು Amazon : https://amzn.in/d/98q8EXK Website : https://www.jnanayogashrama.org/books_kannada.php
4SwXYTbvVn8,Other,23.66,ಜಗತ್ತಿನಲ್ಲಿರುವ ಪ್ರತಿಯೊಂದು ವಸ್ತುವನ್ನು ಹೇಗೆ ನೋಡಿದರೆ  ಒಳ್ಳೆಯದು? -,17:58,public,9/30/2023,49.0131792633828,82822,979,45,4,5,1,#https://instagram.com/jnanayogashrama?igshid=ZDdkNTZiNTM= #https://www.facebook.com/jnanayogashrama?mibextid=ZbWKwL # https://amzn.eu/d/j5QXHyw #https://www.jnanayogashrama.org/mdsmall/mdsm_index.php
vnhX59jDhQI,Other,23.64,ಸಂತೋಷವೆಂಬುದು ಯಾವುದರಿಂದ ಸಿಗುತ್ತದೆ?,14:28,public,1/5/2022,48.9695338080367,81991,1.1K,36,0,0,1,
DouZSy0MdRI,Other,23.63,ಜನಕ್ಕಿಂತ ಹೆಚ್ಚು ನಮ್ಮ ಮನಕ್ಕೆ ಅಂಜಿ ಬದುಕಬೇಕು ಏಕೆ?,32:58,public,4/16/2026,48.928375770155,81215,979,46,2,21,1,ಪೂಜ್ಯರ ಪ್ರವಚನದ ಪುಸ್ತಕಗಳು ಈಗ Amazon & Website ನಲ್ಲಿ ಲಭ್ಯವಿರುತ್ತವೆ. ತಾವು ಕೆಳಗಡೆ ಕೊಟ್ಟಿರುವ ಲಿಂಕ್ ಮುಖಾಂತರ ಖರೀದಿಸಬಹದು Amazon : https://amzn.in/d/98q8EXK Website : https://www.jnanayogashrama.org/books_kannada.php
OuEHeSOCPfA,Other,23.62,"Live- ಪೂಜ್ಯ ಶ್ರೀ ಸಿದ್ಧೇಶ್ವರ ಸ್ವಾಮಿಜೀಯವರ ಆಧ್ಯಾತ್ಮಿಕ ಪ್ರವಚನ (11-11-2021) ಚನ್ನಬಸವಾಶ್ರಮ, ಭಾಲ್ಕಿ.",53:12,public,11/11/2021,48.7014768347136,77067,1.2K,70,0,10,1,"Live- ಪೂಜ್ಯ ಶ್ರೀ ಸಿದ್ಧೇಶ್ವರ ಸ್ವಾಮಿಜೀಯವರ ಆಧ್ಯಾತ್ಮಿಕ ಪ್ರವಚನ (11-11-2021) ಚನ್ನಬಸವಾಶ್ರಮ, ಭಾಲ್ಕಿ."
vp9QQZFOCyo,Other,23.62,The story of how a young man became a monk - Narrated by Sri Siddheshwar Swamiji,17:06,public,3/19/2021,48.8515982440302,79787,1.1K,48,0,3,1,#KannadaPravachana #SiddheshwarSwamiji #KannadaMotivational
DDn9TEtw9J8,Other,23.61,ಮನಸ್ಸೆಂಬುದು ಬಡವಾದರೆ ನಮ್ಮ ಜೀವನ ಏನಾಗುತ್ತದೆ?,13:32,public,1/14/2023,58.326157645048,712264,5.9K,141,2,18,0,BOOKS ARE  AVAILABLE IN ONLINE (AMEZON & WEBSITE) LINKS ARE  GIVEN BELOW WEBSITE  - https://www.jnanayogashrama.org AMAZON - https://amzn.eu/d/cJtQoa3
GVRGw9qlry4,Mind,23.58,How to keep the mind clean and clear? Important talk by Sri Siddheshwar Swamiji,18:00,public,8/7/2021,48.7099487025192,77218,1.2K,53,0,0,1,
NKd8-_rMvas,Other,23.58,ತ್ಯಾಗದ ಪ್ರಕಾರಗಳು ಯಾವವು?,14:46,public,2/11/2022,48.8467133941093,79697,1K,40,0,0,1,
3XLVhxYg1RY,Other,23.58,Pujya Sri Siddheshwar Swamiji briefly explains 'What is Spirituality?' (Kannada Pravachan),05:48,public,11/29/2020,48.7597143302792,78111,1.1K,49,-,-,1,
uz4rCqc02mQ,Other,23.58,ಅಂದುಕೊಂಡ ಕೆಲಸವನ್ನು ಯಾವಾಗ ಮಾಡಿದರೆ ಒಳ್ಳೆಯದು? - When is it good to do what you think?,29:45,public,9/2/2023,58.185453811305,689481,6.1K,208,4,5,0,#https://instagram.com/jnanayogashrama?igshid=ZDdkNTZiNTM= #https://www.facebook.com/jnanayogashrama?mibextid=ZbWKwL # https://amzn.eu/d/j5QXHyw #https://www.jnanayogashrama.org/mdsmall/mdsm_index.php
lNtKiJwXzws,Other,23.58,ಬರೀ ಇನ್ನೊಬ್ಬರ ತಪ್ಪು ಹುಡುಕಾಡುವವರಿಗೆ ಒಂದು ಕಿವಿ ಮಾತು!,31:24,public,7/7/2026,48.695182336276,76955,1.1K,63,2,21,1,ಪೂಜ್ಯರ ಪ್ರವಚನದ ಪುಸ್ತಕಗಳು ಈಗ Amazon & Website ನಲ್ಲಿ ಲಭ್ಯವಿರುತ್ತವೆ. ತಾವು ಕೆಳಗಡೆ ಕೊಟ್ಟಿರುವ ಲಿಂಕ್ ಮುಖಾಂತರ ಖರೀದಿಸಬಹದು Amazon : https://amzn.in/d/98q8EXK Website : https://www.jnanayogashrama.org/books_kannada.php
Rl--7I1UcXM,Life,23.56,What are the reasons for which we cry all our life? Eye-opening talk by Sri Siddheshwar Swamiji,17:26,public,4/17/2021,48.7451726610196,77849,1.1K,41,0,0,1,
7DkXtCwZ7TI,Other,23.55,ಸಿದ್ಧಿಗಳಲ್ಲಿ ಶ್ರೇಷ್ಠವಾದ ಸಿದ್ಧಿ ಯಾವುದು? - Which siddhi is the greatest of siddhis?,16:09,public,11/11/2023,48.6982745285518,77010,1K,55,4,5,1,#https://instagram.com/jnanayogashrama?igshid=ZDdkNTZiNTM= #https://www.facebook.com/jnanayogashrama?mibextid=ZbWKwL # https://amzn.eu/d/j5QXHyw #https://www.jnanayogashrama.org/mdsmall/mdsm_index.php
2xL3l1o7-a4,Other,23.55,"ಪೂಜ್ಯ ಶ್ರೀ ಸಿದ್ಧೇಶ್ವರ ಸ್ವಾಮಿಜೀಯವರ ಆಧ್ಯಾತ್ಮಿಕ ಪ್ರವಚನ (14-11-2021) ಚನ್ನಬಸವಾಶ್ರಮ, ಭಾಲ್ಕಿ.",52:00,public,11/14/2021,48.5138822936363,73798,1.2K,77,0,10,1,"Live- ಪೂಜ್ಯ ಶ್ರೀ ಸಿದ್ಧೇಶ್ವರ ಸ್ವಾಮಿಜೀಯವರ ಆಧ್ಯಾತ್ಮಿಕ ಪ್ರವಚನ (14-11-2021) ಚನ್ನಬಸವಾಶ್ರಮ, ಭಾಲ್ಕಿ."
yurBgZzwMeI,Other,23.54,ಕಾಮ ಪುರುಷಾರ್ಥದ ಸಾಧನೆ ಯಾವಾಗ ಆಗುತ್ತದೆ?,19:12,public,3/28/2024,48.6937198032737,76929,1.3K,30,2,21,1,ಪೂಜ್ಯರ ಪ್ರವಚನದ ಪುಸ್ತಕಗಳು ಈಗ Amazon & Website ನಲ್ಲಿ ಲಭ್ಯವಿರುತ್ತವೆ. ತಾವು ಕೆಳಗಡೆ ಕೊಟ್ಟಿರುವ ಲಿಂಕ್ ಮುಖಾಂತರ ಖರೀದಿಸಬಹದು? Amazon : https://amzn.in/d/98q8EXK Website : https://www.jnanayogashrama.org/books_kannada.php
fPPM-lqHswE,Other,23.54,ಸಾಕ್ರೇಟಿಸಿನ ಬಗ್ಗೆ ಒಂದು ಸಣ್ಣ ಕಥೆ. 'Socrates on criticism' as told by Sri Siddeshwar Swamiji (Kannada),03:57,public,11/21/2020,48.613541497985,75517,1.3K,43,0,0,1,
VkQlrc8CSko,Other,23.53,The importance and practice of Omkara and Namasmarana explained by Sri Siddheshwar Swamiji,09:04,public,2/17/2021,48.6080933614405,75422,1.2K,48,0,4,1,#SiddheshwarSwamiji #KannadaPravachana #Adhyatma #Dharma
YJmrpRee5fA,Other,23.52,ಪೂಜ್ಯ ಶ್ರೀ ಸಿದ್ಧೇಶ್ವರ ಮಹಾಸ್ವಾಮೀಜಿಯವರ ಕಠೋಪನಿಷತ್ತು ಪ್ರವಚನಗಳು - Kannada Video 3,41:18,public,7/3/2020,48.7068087520399,77162,942,42,-,-,1,ಪೂಜ್ಯ ಶ್ರೀ ಸಿದ್ಧೇಶ್ವರ ಮಹಾಸ್ವಾಮೀಜಿಯವರ ಕಠೋಪನಿಷತ್ತು ಪ್ರವಚನಗಳು - Kannada Video 3
sUj0WRxtP8Y,Other,23.5,ಮನುಷ್ಯ ಸವಿಯಾದ ಜೀವನ ಸಾಗಿಸಬೇಕಾದರೆ ಏನು ಮಾಡಬೇಕು?,39:13,public,8/1/2024,58.1603093416155,685487,5.7K,218,2,21,0,ಪೂಜ್ಯರ ಪ್ರವಚನದ ಪುಸ್ತಕಗಳು ಈಗ Amazon & Website ನಲ್ಲಿ ಲಭ್ಯವಿರುತ್ತವೆ. ತಾವು ಕೆಳಗಡೆ ಕೊಟ್ಟಿರುವ ಲಿಂಕ್ ಮುಖಾಂತರ ಖರೀದಿಸಬಹದು? Amazon : https://amzn.in/d/98q8EXK Website : https://www.jnanayogashrama.org/books_kannada.php
Pk2jQXKVi2g,Other,23.5,ಮನುಷ್ಯನು ತನ್ನ ಜೀವನದಲ್ಲಿ ದುಡಿಮೆಗೆ ಎಷ್ಟು ಮಹತ್ವ ಕೊಡಬೇಕು?,22:28,public,10/28/2024,48.5223778709545,73943,1.2K,52,2,21,1,ಪೂಜ್ಯರ ಪ್ರವಚನದ ಪುಸ್ತಕಗಳು ಈಗ Amazon & Website ನಲ್ಲಿ ಲಭ್ಯವಿರುತ್ತವೆ. ತಾವು ಕೆಳಗಡೆ ಕೊಟ್ಟಿರುವ ಲಿಂಕ್ ಮುಖಾಂತರ ಖರೀದಿಸಬಹದು? Amazon : https://amzn.in/d/98q8EXK Website : https://www.jnanayogashrama.org/books_kannada.php
7G4sDvSSVP8,Other,23.47,ನಮ್ಮ ಜೀವನ ಸಾರ್ಥಕವಾಗಲು ನಾವು ಏನನ್ನು ಬಯಸಬೇಕು?,18:46,public,1/15/2024,48.5849629276465,75020,945,44,4,4,1,#https://amzn.eu/d/j5QXHyw #https://www.jnanayogashrama.org/mdsmall/mdsm_index.php #https://instagram.com/jnanayogashrama?igshid=ZDdkNTZiNTM= #https://www.facebook.com/jnanayogashrama?mibextid=ZbWKwL
fuYS6HTBgQ4,Other,23.46,Sri Siddheshwar Swamiji's Pravachan on Narada Bhakti Sutra - Kannada (Part -1),43:24,public,11/22/2020,48.5643755407666,74664,981,41,-,-,1,#NaradaBhaktiSutra #KannadaPravachana #SiddeshwarSwamiji
jM63ouA6pLQ,Life,23.46,What is the kind of water that we must drink in our life? Story narrated by Sri Siddheshwar Swamiji,10:29,public,9/6/2021,48.67533981903,76603,888,25,0,0,1,
ov3JbssPePM,Other,23.45,How should a person work in this world? As explained by Pujya Sri Siddheshwar Swamiji. (Kannada),12:14,public,11/30/2020,48.5918804865874,75140,901,35,-,-,1,
LzD7l8VuOwc,Other,23.45,Pujya Sri Siddheshwar Swamiji talks about the greatness of Sharane Muktayakka,10:32,public,12/19/2020,48.5936081501548,75170,973,32,0,4,1,#Vachanas #Sharana #SiddeshwarSwamiji #muktayakka
P4IxfXr8qvw,Other,23.45,ಪ್ರತಿದಿನ ಬದಲಾಗುವ ಜಗತ್ತಿನಲ್ಲಿ ಚಿಂತಾಮುಕ್ತರಾಗಿ ಬದುಕುವುದು ಹೇಗೆ?,21:42,public,3/16/2025,48.3853123202029,71638,1.1K,61,4,9,1,#siddheshwarswamiji   #Jnanayogi #kannadapravachan #motivationalvideo #SiritualTalks #https://amzn.eu/d/j5QXHyw #https://www.jnanayogashrama.org/mdsmall/mdsm_index.php #https://instagram.com/jnanayogashrama?igshid=ZDdkNTZiNTM= #https://www.facebook.com/jnanayogashrama?mibextid=ZbWKwL
-UwZ4q9c6zc,Other,23.45,"""We are all caught up in our own worlds"" - Liberating talk by Sri Siddheshwar Swamiji",12:40,public,2/10/2021,48.5323170128225,74113,972,42,0,0,1,
kNv6toeKxIs,Other,23.44,ಏನನ್ನು ಕಡಿಮೆ ಮಾಡಿಕೊಂಡರೆ ಭಕ್ತಿ ಮಾರ್ಗದಲ್ಲಿ ಸಾಗಲು ಸಾಧ್ಯವಾಗುವುದು?,23:47,public,3/30/2024,48.4596466292019,72879,1.1K,41,2,21,1,ಪೂಜ್ಯರ ಪ್ರವಚನದ ಪುಸ್ತಕಗಳು ಈಗ Amazon & Website ನಲ್ಲಿ ಲಭ್ಯವಿರುತ್ತವೆ. ತಾವು ಕೆಳಗಡೆ ಕೊಟ್ಟಿರುವ ಲಿಂಕ್ ಮುಖಾಂತರ ಖರೀದಿಸಬಹದು? Amazon : https://amzn.in/d/98q8EXK Website : https://www.jnanayogashrama.org/books_kannada.php
eWNF-CQxO4g,Other,23.43,ಈ ಜಗತ್ತಿನಲ್ಲಿ ನಾಶ ಮಾಡಲು ಬಾರದ ವಸ್ತು ಯಾವುದು? - What is indestructible in this world?,12:07,public,9/13/2023,48.5424664354161,74287,870,36,4,5,1,#https://instagram.com/jnanayogashrama?igshid=ZDdkNTZiNTM= #https://www.facebook.com/jnanayogashrama?mibextid=ZbWKwL # https://amzn.eu/d/j5QXHyw #https://www.jnanayogashrama.org/mdsmall/mdsm_index.php
-r3XNkMMHN4,Other,23.43,ಮನಸ್ಸಿನಲ್ಲಿ ಏಳುವ ಹಳೆಯ ಅನುಭವದ ವಾಸನೆಯನ್ನು ನಿಯಂತ್ರಿಸುವುದು ಹೇಗೆ?,20:52,public,5/1/2024,48.3806577823002,71561,1.1K,53,2,21,1,ಪೂಜ್ಯರ ಪ್ರವಚನದ ಪುಸ್ತಕಗಳು ಈಗ Amazon & Website ನಲ್ಲಿ ಲಭ್ಯವಿರುತ್ತವೆ. ತಾವು ಕೆಳಗಡೆ ಕೊಟ್ಟಿರುವ ಲಿಂಕ್ ಮುಖಾಂತರ ಖರೀದಿಸಬಹದು? Amazon : https://amzn.in/d/98q8EXK Website : https://www.jnanayogashrama.org/books_kannada.php
nuJdyGmF9Xw,Other,23.42,Bhagvad Gita lecture by Sri Siddheshwar Swamiji - Series I (Part -6),45:05,public,7/28/2021,48.4994896959312,73553,933,38,0,0,1,
wwMF88sKVI0,Other,23.42,Sri Siddheshwar Swamiji's Pravachan on Narada Bhakti Sutra - Kannada (Part -2),46:12,public,11/22/2020,48.4775445282805,73181,851,49,-,-,1,#NaradaBhaktiSutra #SiddeshwarSwamiji #KannadaPravachana
kRM52XC8gkE,Life,23.4,"""Life can be very unstable and unsteady"" - An eye-opening story narrated by Sri Siddheshwar Swamiji.",10:25,public,2/1/2021,48.4813870648544,73246,928,32,0,0,1,
tObugVRiOqw,Other,23.4,ನಮ್ಮ ಹತ್ತಿರ ಇರುವ ಸಂಪತ್ತನ್ನು ಉಳಿಸಿಕೊಳ್ಳಲು  ಏನು ಮಾಡಬೇಕು?,13:47,public,10/4/2023,48.4040008897389,71948,1K,43,4,5,1,#https://instagram.com/jnanayogashrama?igshid=ZDdkNTZiNTM= #https://www.facebook.com/jnanayogashrama?mibextid=ZbWKwL # https://amzn.eu/d/j5QXHyw #https://www.jnanayogashrama.org/mdsmall/mdsm_index.php
pLoS07FDiuU,Other,23.39,Learn from our sages on how to pray for the whole world? Talk by Sri Siddheshwar Swamiji,14:37,public,5/18/2021,48.3001389085616,70242,1K,57,0,0,1,
webn15hpWS0,Life,23.38,Our life rests on the ability to lead an active lifestyle - Talk by Pujya Sri Siddheshwar Swamiji,11:24,public,1/9/2021,48.4153554173767,72137,1K,29,-,-,1,#SiddeshwarSwamiji #Dharma #KannadaPravachanas
cqg_avI7wSA,Other,23.38,How to rid the feeling that we're small and insignificant? Talk by Sri Siddheshwar Swamiji,15:48,public,7/19/2021,48.3767247269121,71496,947,39,0,0,1,
F2B50lEA3r8,Other,23.38,ಭಕ್ತಿ ಮಾರ್ಗದಲ್ಲಿ ಸಾಗಲು ಏನು ಮಾಡಬೇಕು?- What should be done to move on the path of devotion?,17:34,public,10/28/2023,48.3965351427466,71824,947,37,4,5,1,# https://amzn.eu/d/j5QXHyw #https://www.jnanayogashrama.org/mdsmall/mdsm_index.php #https://instagram.com/jnanayogashrama?igshid=ZDdkNTZiNTM= #https://www.facebook.com/jnanayogashrama?mibextid=ZbWKwL
fys3YW8fBqQ,Success,23.36,What is 'Real' Wealth? by Sri Siddheshwar Swamiji (English Pravachan),11:30,public,11/26/2020,48.2231143978441,69003,1.2K,43,-,-,1,
z7GmPtZT-qs,Mind,23.36,Our life starts changing upon having this kind of mind - Important talk by Sri Siddheshwar Swamiji,11:23,public,7/10/2021,48.3263083767254,70668,1K,39,0,0,1,
QtmJwMnF2Rg,Other,23.36,ಮನುಷ್ಯನು ಯಾವಾಗ ನಿರ್ಭಯದಿಂದ ಬದುಕಲು ಸಾಧ್ಯವಾಗುತ್ತದೆ?,09:23,public,4/7/2024,48.1673089070434,68119,1.1K,61,4,10,1,#Siddheshwarswamiji  #Jnanayogi #kannadapravachan #motivationalvideo #SiritualTalks #https://amzn.eu/d/j5QXHyw #https://www.jnanayogashrama.org/mdsmall/mdsm_index.php #https://instagram.com/jnanayogashrama?igshid=ZDdkNTZiNTM= #https://www.facebook.com/jnanayogashrama?mibextid=ZbWKwL ​
SKO6aCTr1Uk,Other,23.34,Live: - ಪೂಜ್ಯ ಶ್ರೀ ಸಿದ್ಧೇಶ್ವರ ಸ್ವಾಮೀಜಿಯವರ ದರ್ಶನ,15:08,public,12/27/2022,48.0483355146615,66272,740,102,0,2,1,ಜ್ಞಾನಯೋಗಾಶ್ರಮ ವಿಜಯಪುರ.
ur-paXYUM1w,Other,23.34,ನಾವೆಲ್ಲಾ ದೇವರನ್ನು ಎಲ್ಲೆಲ್ಲಿ ನೋಡಬೇಕು?,12:30,public,2/17/2022,48.3271044928176,70681,993,29,0,0,1,
PhWZ2kQMPEQ,Other,23.33,Bhagvad Gita lecture by Sri Siddheshwar Swamiji - Series I (Part -7),46:57,public,8/4/2021,48.1931547273043,68527,895,55,0,0,1,
4W9K6qE-ePE,Other,23.33,ಈ ಜಗತ್ತಿನಲ್ಲಿ ನಾವೇನು ಮಾಡಬೇಕಾಗಿದೆ?,17:21,public,12/5/2022,48.3517117372415,71084,896,25,0,0,1,
WhT2aLdMCyM,Other,23.32,Bhagvad Gita lecture by Sri Siddheshwar Swamiji - Series I (Part -13),44:04,public,9/15/2021,48.2256852830534,69044,897,46,0,0,1,
OakFqG4PetI,Other,23.32,ನಮ್ಮ ದುಃಖಕ್ಕೆ ಕಾರಣವಾದರೂ ಏನು?,13:21,public,2/23/2022,48.267420278524,69713,1K,29,0,0,1,
xHAWLtKdTxQ,Life,23.31,What does it take to lead a wonderful life? Listen to this wisdomous talk by Sri Siddheshwar Swamiji,18:53,public,4/19/2021,48.2285052295892,69089,954,38,0,0,1,
v1_-cRsILP4,Other,23.3,ಈ ಪ್ರಪಂಚದಲ್ಲಿ ನಾವು ಹೇಗೆ ಸಿಲುಕಿದ್ದೇವೆ?,15:17,public,5/31/2023,48.2034373920882,68690,999,32,4,13,1,#Jnanayogashramavijayapur #https://instagram.com/jnanayogashrama?igshid=ZDdkNTZiNTM= #https://www.facebook.com/jnanayogashrama?mibextid=ZbWKwL #Kathamrutha (Tales told by Siddheshwar Swamiji in Kannada) https://amzn.eu/d/j5QXHyw #https://www.jnanayogashrama.org/mdsmall/mdsm_index.php
8zoq1_yAOBQ,Other,23.29,"Live-ಪೂಜ್ಯ ಶ್ರೀ ಸಿದ್ಧೇಶ್ವರ ಸ್ವಾಮೀಜಿಯವರ ಆಧ್ಯಾತ್ಮಿಕ ಪ್ರವಚನ (19-12-2021) ಚನ್ನಬಸವಾಶ್ರಮ, ಭಾಲ್ಕಿ.",01:02:40,public,12/19/2021,48.0402951793191,66149,955,63,0,9,1,"Live-ಪೂಜ್ಯ ಶ್ರೀ ಸಿದ್ಧೇಶ್ವರ ಸ್ವಾಮೀಜಿಯವರ ಆಧ್ಯಾತ್ಮಿಕ ಪ್ರವಚನ (19-12-2021) ಚನ್ನಬಸವಾಶ್ರಮ, ಭಾಲ್ಕಿ."
8Higf5CZ_kA,Other,23.29,ಮನುಷ್ಯನಿಗೆ ಅಹಂ ಎಂಬುದು ಎಷ್ಟಿರಬೇಕು?,22:11,public,4/20/2026,48.1708020386741,68174,964,36,2,21,1,ಪೂಜ್ಯರ ಪ್ರವಚನದ ಪುಸ್ತಕಗಳು ಈಗ Amazon & Website ನಲ್ಲಿ ಲಭ್ಯವಿರುತ್ತವೆ. ತಾವು ಕೆಳಗಡೆ ಕೊಟ್ಟಿರುವ ಲಿಂಕ್ ಮುಖಾಂತರ ಖರೀದಿಸಬಹದು Amazon : https://amzn.in/d/98q8EXK Website : https://www.jnanayogashrama.org/books_kannada.php
TrQhSm3BfbU,Other,23.29,ಜೀವನದಲ್ಲಿ ಏನೇ ನಿರ್ಧಾರ  ತೆಗೆದುಕೊಳ್ಳುವಾಗ ನಮ್ಮ ಆಯ್ಕೆ ಹೇಗಿರಬೇಕು?,10:33,public,9/28/2023,48.2137585445411,68854,966,30,0,11,1,What should be our choice while making any decision in life?
if1CE8HdOMQ,Other,23.29,Live: - ಪೂಜ್ಯ ಶ್ರೀ ಸಿದ್ಧೇಶ್ವರ ಸ್ವಾಮೀಜಿಯವರ ದರ್ಶನದ ಸಮಯ (28-12-2022),26:47,public,12/28/2022,57.7675476700552,626020,4.5K,458,0,4,0,ಸ್ಥಳ : ಜ್ಞಾನಯೋಗಾಶ್ರಮ ವಿಜಯಪುರ.
pMPrgmzblaQ,Other,23.26,ಮನುಷ್ಯನ ಆಸೆ ಎಂಬುದು ಎಷ್ಟರ ಮಟ್ಟಿಗೆ ಇರಬೇಕು? - To what extent should the desire of man be?,15:49,public,9/11/2023,48.1727696530592,68205,867,32,4,5,1,#https://instagram.com/jnanayogashrama?igshid=ZDdkNTZiNTM= #https://www.facebook.com/jnanayogashrama?mibextid=ZbWKwL # https://amzn.eu/d/j5QXHyw #https://www.jnanayogashrama.org/mdsmall/mdsm_index.php
fn1wH2Sx8dc,Other,23.26,How did a farmer become a Jnani in a minute? Listen to Sri Siddheshwar Swamiji’s talk to know!,13:20,public,6/8/2021,48.0905788238641,66922,1K,37,0,0,1,
1Isf7tAfFvM,Other,23.24,ದೇವರು ಇರುವ ನಿಜವಾದ ಸ್ಥಳ ಯಾವುದು?,21:42,public,1/14/2025,48.0079177138784,65656,956,46,2,21,1,ಪೂಜ್ಯರ ಪ್ರವಚನದ ಪುಸ್ತಕಗಳು ಈಗ Amazon & Website ನಲ್ಲಿ ಲಭ್ಯವಿರುತ್ತವೆ. ತಾವು ಕೆಳಗಡೆ ಕೊಟ್ಟಿರುವ ಲಿಂಕ್ ಮುಖಾಂತರ ಖರೀದಿಸಬಹದು? Amazon : https://amzn.in/d/98q8EXK Website : https://www.jnanayogashrama.org/books_kannada.php
TyeoMCj83qA,Other,23.23,ಎಂತಹ ತಪಸ್ಸು ಮಾಡಿದರೆ ಗ್ರಹಸ್ಥನಾದವನು ಖುಷಿಯಾಗಿರಬಲ್ಲ!,41:29,public,7/9/2026,47.8771531436026,63702,1K,62,2,21,1,ಪೂಜ್ಯರ ಪ್ರವಚನದ ಪುಸ್ತಕಗಳು ಈಗ Amazon & Website ನಲ್ಲಿ ಲಭ್ಯವಿರುತ್ತವೆ. ತಾವು ಕೆಳಗಡೆ ಕೊಟ್ಟಿರುವ ಲಿಂಕ್ ಮುಖಾಂತರ ಖರೀದಿಸಬಹದು Amazon : https://amzn.in/d/98q8EXK Website : https://www.jnanayogashrama.org/books_kannada.php
K7M9gAy6i8o,Other,23.22,"#ಪೂಜ್ಯ ಶ್ರೀ ಸಿದ್ಧೇಶ್ವರ ಸ್ವಾಮೀಜಿಯವರ ಆಧ್ಯಾತ್ಮಿಕ ಪ್ರವಚನ (30-11-2021) ಚನ್ನಬಸವಾಶ್ರಮ, ಭಾಲ್ಕಿ.",50:58,public,11/30/2021,47.8810241452178,63759,1K,59,0,9,1,"#ಪೂಜ್ಯ ಶ್ರೀ ಸಿದ್ಧೇಶ್ವರ ಸ್ವಾಮೀಜಿಯವರ ಆಧ್ಯಾತ್ಮಿಕ ಪ್ರವಚನ (30-11-2021) ಚನ್ನಬಸವಾಶ್ರಮ, ಭಾಲ್ಕಿ."
mcLw8ll3cVc,Other,23.2,"Live- ಪೂಜ್ಯ ಶ್ರೀ ಸಿದ್ಧೇಶ್ವರ ಸ್ವಾಮಿಜೀಯವರ ಆಧ್ಯಾತ್ಮಿಕ ಪ್ರವಚನ (10-11-2021) ಚನ್ನಬಸವಾಶ್ರಮ, ಭಾಲ್ಕಿ.",54:47,public,11/10/2021,47.8427738469692,63198,1.1K,47,0,10,1,"Live- ಪೂಜ್ಯ ಶ್ರೀ ಸಿದ್ಧೇಶ್ವರ ಸ್ವಾಮಿಜೀಯವರ ಆಧ್ಯಾತ್ಮಿಕ ಪ್ರವಚನ (10-11-2021) ಚನ್ನಬಸವಾಶ್ರಮ, ಭಾಲ್ಕಿ."
bIdYL9PY5wc,Other,23.2,What can go wrong with hatred? Please listen to Sri Siddheshwar Swamiji’s advice on this.,11:03,public,5/3/2021,47.9780185505674,65204,1K,28,0,0,1,
pZRmoOnFTzw,Other,23.2,ನಾವು ಪೂರ್ವ ಜನ್ಮದ ಜ್ಞಾನವನ್ನು ಏಕೆ ಮಾಡಿಕೊಳ್ಳಬೇಕು? - Why do we need knowledge of pre-birth?,17:54,public,10/21/2023,47.9675181623171,65046,886,42,4,5,1,#https://instagram.com/jnanayogashrama?igshid=ZDdkNTZiNTM= #https://www.facebook.com/jnanayogashrama?mibextid=ZbWKwL # https://amzn.eu/d/j5QXHyw #https://www.jnanayogashrama.org/mdsmall/mdsm_index.php
TAwRLJzRsDU,Life,23.2,How should we all maintain our life? Important talk by Sri Siddheshwar Swamiji,12:51,public,7/4/2021,47.9700458998001,65084,956,34,0,0,1,
eAk7NgpiMnA,Other,23.19,ನಾವು ಅತ್ಮ ಜ್ಞಾನಿ ಆಗುವುದು ಯಾವಾಗ? - ನಾವು ಆತ್ಮ ಜ್ಞಾನಿ ಆಗುವುದು ಯಾವಾಗ?,11:02,public,9/9/2023,47.9995376859438,65529,788,34,4,5,1,#https://instagram.com/jnanayogashrama?igshid=ZDdkNTZiNTM= #https://www.facebook.com/jnanayogashrama?mibextid=ZbWKwL # https://amzn.eu/d/j5QXHyw #https://www.jnanayogashrama.org/mdsmall/mdsm_index.php
w8h0mycAkdM,Other,23.18,Bhagvad Gita lecture by Sri Siddheshwar Swamiji - Series I (Part -12),45:43,public,9/8/2021,47.9134180677589,64238,866,41,0,0,1,
RXP1GaaV5p0,Other,23.18,ಮನುಷ್ಯನ ಜೀವನದಲ್ಲಿ ನೀತಿಗೆ ಏಕಿಷ್ಟು ಬೆಲೆ?,24:46,public,5/10/2024,47.8258937789584,62952,977,50,2,21,1,ಪೂಜ್ಯರ ಪ್ರವಚನದ ಪುಸ್ತಕಗಳು ಈಗ Amazon & Website ನಲ್ಲಿ ಲಭ್ಯವಿರುತ್ತವೆ. ತಾವು ಕೆಳಗಡೆ ಕೊಟ್ಟಿರುವ ಲಿಂಕ್ ಮುಖಾಂತರ ಖರೀದಿಸಬಹದು? Amazon : https://amzn.in/d/98q8EXK Website : https://www.jnanayogashrama.org/books_kannada.php
3bnyPghLZhs,Other,23.17,ಇರುವುದರಷ್ಟರಲ್ಲಿಯೇ ನಮ್ಮ ಜೀವನವನ್ನು ಸಾಗಿಸುವುದು ಹೇಗೆ? - How can we live our lives as long as there is?,14:37,public,11/4/2023,47.8438694607137,63214,915,46,4,5,1,# https://amzn.eu/d/j5QXHyw #https://www.jnanayogashrama.org/mdsmall/mdsm_index.php #https://instagram.com/jnanayogashrama?igshid=ZDdkNTZiNTM= #https://www.facebook.com/jnanayogashrama?mibextid=ZbWKwL
a_XMKMtoon8,Life,23.17,Man should build his life in this manner - Talk by Sri Siddheshwar Swamiji,11:37,public,3/26/2021,47.9252599894825,64414,952,29,0,0,1,
pQfqKBdkixo,Other,23.16,Sri Siddheshwar Swamiji's Pravachan on Narada Bhakti Sutra - Kannada (Part -5),47:41,public,12/6/2020,47.8793946717654,63735,790,43,0,0,1,
DCpXx65o-9Q,Other,23.16,Live-ಪೂಜ್ಯ ಶ್ರೀ ಸಿದ್ಧೇಶ್ವರ ಸ್ವಾಮೀಜಿಯವರ ಆಧ್ಯಾತ್ಮಿಕ ಪ್ರವಚನ(08-03--2022)  ನಿಪ್ಪಾಣಿ.,50:31,public,3/8/2022,47.6853056387215,60940,995,68,0,8,1,Live-ಪೂಜ್ಯ ಶ್ರೀ ಸಿದ್ಧೇಶ್ವರ ಸ್ವಾಮೀಜಿಯವರ ಆಧ್ಯಾತ್ಮಿಕ ಪ್ರವಚನ (08-03--2022)  ನಿಪ್ಪಾಣಿ.
U4VYD9CK3gM,Other,23.13,Bhagvad Gita lecture by Sri Siddheshwar Swamiji - Series I (Part -17),49:00,public,10/13/2021,47.7743679358445,62207,793,51,0,0,1,
ky1zil9GokY,Mind,23.1,"If at all we have to achieve anything, what way should our mind function? By Sri Siddheshwar Swamiji",17:09,public,10/30/2021,47.7342461876025,61633,905,37,0,0,1,
Zjy6iTgIsX8,Other,23.09,ಜಗತ್ತು ನಮ್ಮ ಜೊತೆ ಹೊಂದಿಕೊಳ್ಳದಿದ್ದರೆ ಏನು ಮಾಡಬೇಕು?,11:11,public,10/29/2022,47.6781264584422,60839,893,43,0,0,1,
EH1sBu5PXL8,Other,23.09,"#ಪೂಜ್ಯ ಶ್ರೀ ಸಿದ್ಧೇಶ್ವರ ಸ್ವಾಮೀಜಿಯವರ ಆಧ್ಯಾತ್ಮಿಕ ಪ್ರವಚನ (25-11-2021) ಚನ್ನಬಸವಾಶ್ರಮ, ಬಾಲ್ಕಿ.",53:16,public,11/25/2021,47.6464961496542,60396,972,41,0,9,1,"#ಪೂಜ್ಯ ಶ್ರೀ ಸಿದ್ಧೇಶ್ವರ ಸ್ವಾಮೀಜಿಯವರ ಆಧ್ಯಾತ್ಮಿಕ ಪ್ರವಚನ (25-11-2021) ಚನ್ನಬಸವಾಶ್ರಮ, ಬಾಲ್ಕಿ."
UdtDtnnFwlg,Other,23.09,ಎಲ್ಲವೂ ನನ್ನದೇ ನನ್ನದೇ ಎಂದು ಏಕೆ ಬಡಿದಾಡಬಾರದು?,29:13,public,9/16/2024,57.9160745695676,647876,5.5K,202,2,21,0,ಪೂಜ್ಯರ ಪ್ರವಚನದ ಪುಸ್ತಕಗಳು ಈಗ Amazon & Website ನಲ್ಲಿ ಲಭ್ಯವಿರುತ್ತವೆ. ತಾವು ಕೆಳಗಡೆ ಕೊಟ್ಟಿರುವ ಲಿಂಕ್ ಮುಖಾಂತರ ಖರೀದಿಸಬಹದು? Amazon : https://amzn.in/d/98q8EXK Website : https://www.jnanayogashrama.org/books_kannada.php
YFlUYxvaSRU,Other,23.09,ನಮ್ಮ ಜೀವನ ಸುಂದರವಾಗಿಡಲು  ಇವೆರಡು ಮಂತ್ರಗಳು.,11:37,public,2/9/2022,47.7417535875075,61740,898,29,0,0,1,
uX-fX4Fu1iU,Other,23.08,Bhagvad Gita lecture by Sri Siddheshwar Swamiji - Series I (Part -11),45:33,public,9/1/2021,47.6752799234589,60799,800,46,0,0,1,
O0gN1xbqKo4,Other,23.08,I should live well and I should certainly help others to live well as well - Sri Siddheshwar Swamiji,12:19,public,4/2/2021,47.7008315915681,61159,867,33,0,0,1,
gEqVKz1nRRw,Other,23.07,ಜೀವನದಲ್ಲಿ ತೃಪ್ತಿಯಿಂದ ಇರುವುದು ಹೇಗೆ?,34:30,public,6/28/2026,47.5377195894395,58897,990,53,2,21,1,ಪೂಜ್ಯರ ಪ್ರವಚನದ ಪುಸ್ತಕಗಳು ಈಗ Amazon & Website ನಲ್ಲಿ ಲಭ್ಯವಿರುತ್ತವೆ. ತಾವು ಕೆಳಗಡೆ ಕೊಟ್ಟಿರುವ ಲಿಂಕ್ ಮುಖಾಂತರ ಖರೀದಿಸಬಹದು Amazon : https://amzn.in/d/98q8EXK Website : https://www.jnanayogashrama.org/books_kannada.php
_HO46t0DcBI,Other,23.07,"Live-ಪೂಜ್ಯ ಶ್ರೀ ಸಿದ್ಧೇಶ್ವರ ಸ್ವಾಮೀಜಿಯವರ ಆಧ್ಯಾತ್ಮಿಕ ಪ್ರವಚನ (17-12-2021) ಚನ್ನಬಸವಾಶ್ರಮ, ಭಾಲ್ಕಿ.",55:47,public,12/17/2021,47.5776579238235,59443,952,48,0,9,1,"Live-ಪೂಜ್ಯ ಶ್ರೀ ಸಿದ್ಧೇಶ್ವರ ಸ್ವಾಮೀಜಿಯವರ ಆಧ್ಯಾತ್ಮಿಕ ಪ್ರವಚನ (17-12-2021) ಚನ್ನಬಸವಾಶ್ರಮ, ಭಾಲ್ಕಿ."
E7K0tLe5QKo,Other,23.06,Bhagvad Gita lecture by Sri Siddheshwar Swamiji - Series I (Part -10),44:28,public,8/25/2021,47.6525831189877,60481,765,43,0,0,1,
uDnOZSQuEx8,Other,23.06,ಸಾಮಾನ್ಯ ಮನುಷ್ಯನು ಸಂತನಾಗಿ ಜೀವಿಸುವುದು ಹೇಗೆ?,46:45,public,2/4/2026,47.4855996313669,58192,859,67,2,21,1,ಪೂಜ್ಯರ ಪ್ರವಚನದ ಪುಸ್ತಕಗಳು ಈಗ Amazon & Website ನಲ್ಲಿ ಲಭ್ಯವಿರುತ್ತವೆ. ತಾವು ಕೆಳಗಡೆ ಕೊಟ್ಟಿರುವ ಲಿಂಕ್ ಮುಖಾಂತರ ಖರೀದಿಸಬಹದು Amazon : https://amzn.in/d/98q8EXK Website : https://www.jnanayogashrama.org/books_kannada.php
xxyRDJ2V8o4,Other,23.06,ನಾವು ತ್ಯಾಗಿ ಆಗಬೇಕಾದರೆ ಏನು ಮಾಡಬೇಕು?-What should we do if we are to become a sacrifice?,19:42,public,8/5/2023,47.6431267345887,60349,815,38,4,14,1,#siddheshwarswamiji  #Jnanayogashramavijayapur #https://instagram.com/jnanayogashrama?igshid=ZDdkNTZiNTM= #https://www.facebook.com/jnanayogashrama?mibextid=ZbWKwL #Kathamrutha (Tales told by Siddheshwar Swamiji in Kannada) https://amzn.eu/d/j5QXHyw #https://www.jnanayogashrama.org/mdsmall/mdsm_index.php
Z72D3VYX7Ik,Other,23.04,Bhagvad Gita lecture by Sri Siddheshwar Swamiji - Series I (Part -9),40:32,public,8/19/2021,47.5562716443435,59150,841,43,0,0,1,
MaDhppizNYs,Life,23.04,ನಮ್ಮ ಜೀವನದ ಉದ್ದೇಶಗಳನ್ನು ಈಡೇರಿಸುವುದು ಹೇಗೆ?-How to fulfill our life goals?,14:00,public,8/9/2023,47.6847374248409,60932,754,26,4,14,1,#siddheshwarswamiji  #Jnanayogashramavijayapur #https://instagram.com/jnanayogashrama?igshid=ZDdkNTZiNTM= #https://www.facebook.com/jnanayogashrama?mibextid=ZbWKwL #Kathamrutha (Tales told by Siddheshwar Swamiji in Kannada) https://amzn.eu/d/j5QXHyw #https://www.jnanayogashrama.org/mdsmall/mdsm_index.php
Bg1bDEv2zYg,Other,23.02,ದೇವರ ಹತ್ತಿರ ದಿನನಿತ್ಯ ಏನನ್ನು ಪ್ರಾರ್ಥಿಸಬೇಕು?,33:36,public,4/15/2024,57.7145283833881,618398,5.9K,267,2,21,0,ಪೂಜ್ಯರ ಪ್ರವಚನದ ಪುಸ್ತಕಗಳು ಈಗ Amazon & Website ನಲ್ಲಿ ಲಭ್ಯವಿರುತ್ತವೆ. ತಾವು ಕೆಳಗಡೆ ಕೊಟ್ಟಿರುವ ಲಿಂಕ್ ಮುಖಾಂತರ ಖರೀದಿಸಬಹದು? Amazon : https://amzn.in/d/98q8EXK Website : https://www.jnanayogashrama.org/books_kannada.php
gBj1Arg9NwE,Other,23.01,ಯಾವುದಕ್ಕೆ ಹೆಚ್ಚು ಮಹತ್ವ ಕೊಟ್ಟರೆ ನಮ್ಮ ಜೀವನ ಸುಖವಾಗಿರುತ್ತದೆ?,25:28,public,1/16/2026,47.5083730277431,58499,812,44,2,21,1,ಪೂಜ್ಯರ ಪ್ರವಚನದ ಪುಸ್ತಕಗಳು ಈಗ Amazon & Website ನಲ್ಲಿ ಲಭ್ಯವಿರುತ್ತವೆ. ತಾವು ಕೆಳಗಡೆ ಕೊಟ್ಟಿರುವ ಲಿಂಕ್ ಮುಖಾಂತರ ಖರೀದಿಸಬಹದು Amazon : https://amzn.in/d/98q8EXK Website : https://www.jnanayogashrama.org/books_kannada.php
YwG800zQD80,Mind,23,How should the relationship of our mind be with the world? Talk by Sri Siddheshwar Swamiji.,15:01,public,8/15/2021,47.5198256339154,58654,843,33,0,0,1,
CRM5Eug0D14,Other,23,"Live-ಪೂಜ್ಯ ಶ್ರೀ ಸಿದ್ಧೇಶ್ವರ ಸ್ವಾಮೀಜಿಯವರ ಆಧ್ಯಾತ್ಮಿಕ ಪ್ರವಚನ (03-12-2021) ಚನ್ನಬಸವಾಶ್ರಮ, ಭಾಲ್ಕಿ.",53:04,public,12/3/2021,47.4267417387866,57406,961,43,0,9,1,"Live-ಪೂಜ್ಯ ಶ್ರೀ ಸಿದ್ಧೇಶ್ವರ ಸ್ವಾಮೀಜಿಯವರ ಆಧ್ಯಾತ್ಮಿಕ ಪ್ರವಚನ (03-12-2021) ಚನ್ನಬಸವಾಶ್ರಮ, ಭಾಲ್ಕಿ."
QxbrZaf0ffI,Other,22.99,ಜಗತ್ತಿನಲ್ಲಿ ನಮಗೆ ಕಾಣುವ ಆ ಮೂರು ಜನಗಳು ಯಾರು?,10:34,public,5/22/2023,47.5285977613802,58773,804,30,0,0,1,
gPdeGEr-bX4,Other,22.99,"Live-Sri Siddheshwar Swamiji’s Pravachana 14-07-2021 at Nippani, Belagavi.",22:50,public,7/14/2021,47.5436678388583,58978,765,29,0,8,1,"Live-Sri Siddheshwar Swamiji’s Pravachana 14-07-2021 at Nippani, Belagavi."
OY0ZUTUU0Tw,Other,22.98,Bhagvad Gita lecture by Sri Siddheshwar Swamiji - Series I (Part -18),46:58,public,10/20/2021,47.4432967823905,57626,727,48,0,0,1,
ZsBC8tSLkv8,Other,22.98,ಯಾವ ಎರಡು ಭಾವಗಳನ್ನು ಮನಸ್ಸಿನಿಂದ ತೆಗೆದು ಹಾಕಿದರೆ ಮನುಷ್ಯ ಮುಕ್ತನಾಗುತ್ತಾನೆ?,26:46,public,12/5/2023,57.8784139840405,642263,5.4K,180,4,4,0,#https://amzn.eu/d/j5QXHyw #https://www.jnanayogashrama.org/mdsmall/mdsm_index.php #https://instagram.com/jnanayogashrama?igshid=ZDdkNTZiNTM= #https://www.facebook.com/jnanayogashrama?mibextid=ZbWKwL
jBT4d7RgU1U,Other,22.97,ಜಗತ್ತು ಯಾರ ಮೇಲೆ ನಿಂತಿದೆ?,10:39,public,6/25/2022,47.3952635166869,56990,895,40,0,0,1,
Q7MwMTskt-s,Other,22.97,ಜಗತ್ತು ಶಾಂತಿಯಿಂದ ಇರಬೇಕಾದರೆ ನಮ್ಮ ಹತ್ತಿರ ಏನಿರಬೇಕು?,26:18,public,8/14/2024,47.3747097363806,56720,938,40,4,9,1,#Siddheshwarswamiji  #Jnanayogi #kannadapravachan #motivationalvideo #SiritualTalks #https://amzn.eu/d/j5QXHyw #https://www.jnanayogashrama.org/mdsmall/mdsm_index.php #https://instagram.com/jnanayogashrama?igshid=ZDdkNTZiNTM= #https://www.facebook.com/jnanayogashrama?mibextid=ZbWKwL
PGTTGW2cA3M,Other,22.97,ನಾವು ಸಿಲುಕಿಕೊಂಡಿರುವ ವಸ್ತುಗಳಿಂದ ಬಿಡಿಸಿಕೊಳ್ಳುವುದು ಹೇಗೆ?,11:21,public,8/26/2023,47.4114095711783,57203,833,40,4,17,1,How do we break free from the things we are stuck with? #https://instagram.com/jnanayogashrama?igshid=ZDdkNTZiNTM= #https://www.facebook.com/jnanayogashrama?mibextid=ZbWKwL # https://amzn.eu/d/j5QXHyw #https://www.jnanayogashrama.org/mdsmall/mdsm_index.php
Ij-gQZDsR7k,Other,22.96,"Sri Siddheshwar Swamiji’s Pravachana - 05-07-2021 at Nippani, Belagavi.",59:51,public,7/5/2021,47.4033819744237,57097,728,44,0,1,1,#ShriSiddheshwarswamiji
SODvSf5WAmk,Other,22.96,ಏನಾದರೂ ಸಾಧಿಸಬೇಕಾದರೆ ನಮ್ಮ ಇಚ್ಛೆ ಹೇಗಿರಬೇಕು?,10:08,public,9/11/2022,47.3853794356947,56860,929,32,0,0,1,
Gs8Dia7RrVQ,Other,22.96,Pujya Shri Siddheshwar Swamiji Pravachana on Patanjali Yogasutra (Part -6) Kannada,44:48,public,11/18/2020,47.4603872688851,57854,710,37,0,0,1,
TCjWhXRlU08,Other,22.95,LIVE-ಪೂಜ್ಯ ಶ್ರೀ ಸಿದ್ದೇಶ್ವರ ಸ್ವಾಮೀಜಿಯವರ ಆಧ್ಯಾತ್ಮಿಕ ಪ್ರವಚನ (23-08-2022),56:04,public,8/23/2022,47.2500795201596,55110,935,53,0,4,1,ಸ್ಥಳ :-  ಜ್ಞಾನಯೋಗಾಶ್ರಮ ವಿಜಯಪುರ
ImVMJ1JsP04,Other,22.95,ಇಂತಹ ಕರ್ಮ ಮಾಡಿದರೆ ಮಾತ್ರ ಬದುಕು ಸುಂದರವಾಗುವುದು,16:42,public,3/11/2024,47.2657581648099,55310,994,45,4,10,1,#Siddheshwarswamiji  #Jnanayogi #kannadapravachan #motivationalvideo #SiritualTalks #https://amzn.eu/d/j5QXHyw #https://www.jnanayogashrama.org/mdsmall/mdsm_index.php #https://instagram.com/jnanayogashrama?igshid=ZDdkNTZiNTM= #https://www.facebook.com/jnanayogashrama?mibextid=ZbWKwL ​
D97nHvvhkIU,Other,22.94,ಯಾರಿಂದಲೂ ಅತಿಯಾದ ನಿರೀಕ್ಷೆ ಪಡಬಾರದು ಏಕೆ ?,15:11,public,8/3/2022,57.6696436768135,612018,6.7K,203,0,0,0,
wCXIjl3N3a0,Other,22.94,ನಾವೇಕೆ ಸಂತರ ಮಾತನ್ನು ಕೇಳಬೇಕು?,19:11,public,11/1/2021,47.3813432857457,56807,907,28,0,0,1,
2bihkYgUksA,Other,22.93,ಮನಸ್ಸು ಸ್ವಚ್ಛವಾಗಿರಲು ಯಾವ ಗುಣ ಬೇಕು?,33:33,public,7/3/2026,47.2763092330402,55445,855,44,2,21,1,ಪೂಜ್ಯರ ಪ್ರವಚನದ ಪುಸ್ತಕಗಳು ಈಗ Amazon & Website ನಲ್ಲಿ ಲಭ್ಯವಿರುತ್ತವೆ. ತಾವು ಕೆಳಗಡೆ ಕೊಟ್ಟಿರುವ ಲಿಂಕ್ ಮುಖಾಂತರ ಖರೀದಿಸಬಹದು Amazon : https://amzn.in/d/98q8EXK Website : https://www.jnanayogashrama.org/books_kannada.php
GzVyWej6pgU,Other,22.93,ನಾವು ಸಾಧನೆಯನ್ನು ಸುಲಭವಾಗಿ ಮಾಡುವುದು ಹೇಗೆ?,32:30,public,10/7/2024,47.2408811123059,54993,935,46,4,9,1,#Siddheshwarswamiji  #Jnanayogi #kannadapravachan #motivationalvideo #SiritualTalks #https://amzn.eu/d/j5QXHyw #https://www.jnanayogashrama.org/mdsmall/mdsm_index.php #https://instagram.com/jnanayogashrama?igshid=ZDdkNTZiNTM= #https://www.facebook.com/jnanayogashrama?mibextid=ZbWKwL
yuCQXr1VNV8,Other,22.92,Sri Siddheshwar Swamiji's Pravachan on Patanjali Yogasutra - Kannada (Part 8),44:31,public,11/22/2020,47.4647988377146,57913,620,21,0,0,1,
Jdk5pES2rP0,Other,22.91,ಇಡೀ ಜಗತ್ತಿನಲ್ಲಿ ಶ್ರೇಷ್ಠ ಧರ್ಮ ಎಂದರೆ ಯಾವುದು?,23:20,public,6/17/2024,47.2078578142965,54575,921,44,4,9,1,#Siddheshwarswamiji  #Jnanayogi #kannadapravachan #motivationalvideo #SiritualTalks #https://amzn.eu/d/j5QXHyw #https://www.jnanayogashrama.org/mdsmall/mdsm_index.php #https://instagram.com/jnanayogashrama?igshid=ZDdkNTZiNTM= #https://www.facebook.com/jnanayogashrama?mibextid=ZbWKwL
OQiJhSavAnw,Other,22.91,ನಮ್ಮ ಬದುಕು ಹಾಳಾಗಬಾರದು ಎಂದರೆ ನಾವು ಏನನ್ನು ಬಿಡಬೇಕು?,25:09,public,2/16/2026,47.2974898793553,55717,804,34,2,21,1,ಪೂಜ್ಯರ ಪ್ರವಚನದ ಪುಸ್ತಕಗಳು ಈಗ Amazon & Website ನಲ್ಲಿ ಲಭ್ಯವಿರುತ್ತವೆ. ತಾವು ಕೆಳಗಡೆ ಕೊಟ್ಟಿರುವ ಲಿಂಕ್ ಮುಖಾಂತರ ಖರೀದಿಸಬಹದು Amazon : https://amzn.in/d/98q8EXK Website : https://www.jnanayogashrama.org/books_kannada.php
2P-fY9lIBss,Other,22.9,The story of how Tulasidas became a great Saint - Narrated by Sri Siddheshwar Swamiji,10:44,public,2/8/2021,47.2872239810957,55585,895,26,0,4,1,#SiddeshwarSwamiji #KannadaPravachana #Adhyatma #Dharma
Y3FdtCT7B4U,Other,22.9,ನಾವು ಹೇಗೆ ನೋಡಿದರೆ ಮಾತ್ರ ನಮಗೆ ದೇವರು ಕಾಣಿಸುತ್ತಾನೆ?,21:49,public,4/21/2024,47.1898179743138,54348,936,40,2,21,1,ಪೂಜ್ಯರ ಪ್ರವಚನದ ಪುಸ್ತಕಗಳು ಈಗ Amazon & Website ನಲ್ಲಿ ಲಭ್ಯವಿರುತ್ತವೆ. ತಾವು ಕೆಳಗಡೆ ಕೊಟ್ಟಿರುವ ಲಿಂಕ್ ಮುಖಾಂತರ ಖರೀದಿಸಬಹದು? Amazon : https://amzn.in/d/98q8EXK Website : https://www.jnanayogashrama.org/books_kannada.php
fZAv1fqE-tM,Life,22.9,ನಾವು ಮಾಡುವ ಅತಿಯಾದ ಸಂಗ್ರಹದಿಂದ ಜೀವನ ಏನಾಗುತ್ತದೆ?-What will become of life from our over-accumulation?​,15:00,public,11/30/2023,47.3036222366928,55796,763,32,4,4,1,#https://amzn.eu/d/j5QXHyw #https://www.jnanayogashrama.org/mdsmall/mdsm_index.php #https://instagram.com/jnanayogashrama?igshid=ZDdkNTZiNTM= #https://www.facebook.com/jnanayogashrama?mibextid=ZbWKwL
789lCPW-XCc,Other,22.89,ಪ್ರಪಂಚ ಮಾಡಿದರೆ ಹೇಗೆ ಮಾಡಬೇಕು?,18:33,public,2/21/2024,47.2644276864745,55293,759,36,4,5,1,#https://amzn.eu/d/j5QXHyw #https://www.jnanayogashrama.org/mdsmall/mdsm_index.php #https://instagram.com/jnanayogashrama?igshid=ZDdkNTZiNTM= #https://www.facebook.com/jnanayogashrama?mibextid=ZbWKwL ​
-Xkz8PTrVJQ,Other,22.85,ಸಂತರಿಗೂ ಮತ್ತು ಮನುಷ್ಯನಿಗೂ ಇರುವ ವ್ಯತ್ಯಾಸವೇನು?,24:36,public,6/30/2024,47.118921429051,53465,908,33,2,21,1,ಪೂಜ್ಯರ ಪ್ರವಚನದ ಪುಸ್ತಕಗಳು ಈಗ Amazon & Website ನಲ್ಲಿ ಲಭ್ಯವಿರುತ್ತವೆ. ತಾವು ಕೆಳಗಡೆ ಕೊಟ್ಟಿರುವ ಲಿಂಕ್ ಮುಖಾಂತರ ಖರೀದಿಸಬಹದು? Amazon : https://amzn.in/d/98q8EXK Website : https://www.jnanayogashrama.org/books_kannada.php
pTrAkXzdfts,Other,22.85,What is Karma Yoga? Pujya Sri Siddheshwar Swamiji's Pravachan in Vijayapur.,41:30,public,1/3/2021,47.1830435718954,54263,735,32,0,4,1,#SiddeshwarSwamiji #KannadaPravachana #Spirituality #Karmayoga
nKvGcCVvyYU,Other,22.84,ಏನೇ ಪ್ರೀತಿಸಿದರು ಹೇಗೆ ಪ್ರೀತಿಸಬೇಕು?,25:02,public,11/14/2024,47.0745763234981,52920,939,34,4,9,1,#siddheshwarswamiji   #Jnanayogi #kannadapravachan #motivationalvideo #SiritualTalks #https://amzn.eu/d/j5QXHyw #https://www.jnanayogashrama.org/mdsmall/mdsm_index.php #https://instagram.com/jnanayogashrama?igshid=ZDdkNTZiNTM= #https://www.facebook.com/jnanayogashrama?mibextid=ZbWKwL
EjKCicD9jaI,Other,22.82,"ನಾವು ಕಟ್ಟಿದರೆ ಮನೆಯನ್ನು ಯಾವುದರಿಂದ ಕಟ್ಟಬೇಕು? - If we build a house, what should we build it with?",14:09,public,10/9/2023,47.0387701704819,52484,724,43,4,5,1,#https://instagram.com/jnanayogashrama?igshid=ZDdkNTZiNTM= #https://www.facebook.com/jnanayogashrama?mibextid=ZbWKwL # https://amzn.eu/d/j5QXHyw #https://www.jnanayogashrama.org/mdsmall/mdsm_index.php
8UbcwnfCqS0,Other,22.8,ನಾವು ಯಾವುದನ್ನು ತಿಳಿದುಕೊಂಡರೆ ಮುಂದೆ ತಿಳಿದುಕೊಳ್ಳುವುದೇ ಉಳಿಯುದಿಲ್ಲ?,25:22,public,3/18/2025,46.8753284938244,50539,893,51,4,9,1,#siddheshwarswamiji   #Jnanayogi #kannadapravachan #motivationalvideo #SiritualTalks #https://amzn.eu/d/j5QXHyw #https://www.jnanayogashrama.org/mdsmall/mdsm_index.php #https://instagram.com/jnanayogashrama?igshid=ZDdkNTZiNTM= #https://www.facebook.com/jnanayogashrama?mibextid=ZbWKwL
zXdt1Y2Z1mI,Other,22.79,ಮನುಷ್ಯನಿಗೆ ನಿಜವಾದ ಸಂಪತ್ತಿನ ಬೆಲೆ ಯಾವಾಗ ತಿಳಿಯುತ್ತದೆ?,15:05,public,5/13/2024,46.898048601308,50805,845,45,4,10,1,#Siddheshwarswamiji  #Jnanayogi #kannadapravachan #motivationalvideo #SiritualTalks #https://amzn.eu/d/j5QXHyw #https://www.jnanayogashrama.org/mdsmall/mdsm_index.php #https://instagram.com/jnanayogashrama?igshid=ZDdkNTZiNTM= #https://www.facebook.com/jnanayogashrama?mibextid=ZbWKwL ​
0ZuV2YOUPgg,Other,22.79,ಮಾತೆಂಬುದು ಜ್ಯೋತಿರ್ಲಿಂಗ ಭಾಗ-2 | Kannada Pravachana by Sri Siddheshwar Swamiji in Vijayapur 31-12-2020,42:09,public,12/31/2020,46.9988384700208,52002,666,40,0,0,1,
sg-yQDIoDJM,Other,22.77,ತಾಯಂದಿರು ಮಕ್ಕಳಿಗೆ ಎಂತಹ  ಸಂಸ್ಕಾರ ಕಲಿಸಬೇಕು?,19:05,public,3/13/2026,57.8304996505216,635192,5K,144,2,21,0,ಪೂಜ್ಯರ ಪ್ರವಚನದ ಪುಸ್ತಕಗಳು ಈಗ Amazon & Website ನಲ್ಲಿ ಲಭ್ಯವಿರುತ್ತವೆ. ತಾವು ಕೆಳಗಡೆ ಕೊಟ್ಟಿರುವ ಲಿಂಕ್ ಮುಖಾಂತರ ಖರೀದಿಸಬಹದು Amazon : https://amzn.in/d/98q8EXK Website : https://www.jnanayogashrama.org/books_kannada.php
rg0AqkhmX6U,Other,22.77,ಎಂತಹ ಸತ್ಯ ಇಡೀ ಜಗತ್ತಿಗೆ ಹುಚ್ಚು ಹಿಡಿಸಿದೆ?-What truth has made the whole world mad?,12:54,public,12/2/2023,46.927593697751,51153,892,30,4,4,1,#https://amzn.eu/d/j5QXHyw #https://www.jnanayogashrama.org/mdsmall/mdsm_index.php #https://instagram.com/jnanayogashrama?igshid=ZDdkNTZiNTM= #https://www.facebook.com/jnanayogashrama?mibextid=ZbWKwL
KfR8_Qz9mbk,Other,22.76,ಸ್ತುತಿ ಹಾಗೂ ನಿಂದನೆ ಮಾಡುವವರ ಮಧ್ಯೆ ಆರಾಮವಾಗಿರುವುದು ಹೇಗೆ?,20:50,public,5/28/2026,46.8502495266679,50247,858,39,2,21,1,ಪೂಜ್ಯರ ಪ್ರವಚನದ ಪುಸ್ತಕಗಳು ಈಗ Amazon & Website ನಲ್ಲಿ ಲಭ್ಯವಿರುತ್ತವೆ. ತಾವು ಕೆಳಗಡೆ ಕೊಟ್ಟಿರುವ ಲಿಂಕ್ ಮುಖಾಂತರ ಖರೀದಿಸಬಹದು Amazon : https://amzn.in/d/98q8EXK Website : https://www.jnanayogashrama.org/books_kannada.php
KdRaEjAT8GQ,Other,22.76,What is Dharmic path and why should we follow it? Listen to Sri Siddheswar Swamiji's Pravachan on it,12:15,public,1/1/2021,46.9514724995069,51436,779,29,0,24,1,"#Dharma #KannadaPravachana #SiddeshwarSwamiji #Spirituality #Adhyatma This video is an excerpt from the #NitiShastra series that was held in Jnanayogashrama, Vijayapur in the year 2017."
OFnUuETcCF0,Other,22.76,"#ಪೂಜ್ಯ ಶ್ರೀ ಸಿದ್ಧೇಶ್ವರ ಸ್ವಾಮೀಜಿಯವರ ಆಧ್ಯಾತ್ಮಿಕ ಪ್ರವಚನ (19-11-2021) ಚನ್ನಬಸವಾಶ್ರಮ, ಭಾಲ್ಕಿ.",01:00,public,11/19/2021,46.8437844862959,50172,938,37,0,9,1,"#ಪೂಜ್ಯ ಶ್ರೀ ಸಿದ್ಧೇಶ್ವರ ಸ್ವಾಮೀಜಿಯವರ ಆಧ್ಯಾತ್ಮಿಕ ಪ್ರವಚನ (19-11-2021) ಚನ್ನಬಸವಾಶ್ರಮ, ಭಾಲ್ಕಿ."
5f9a8t59R30,Other,22.76,"Live-ಪೂಜ್ಯ ಶ್ರೀ ಸಿದ್ಧೇಶ್ವರ ಸ್ವಾಮೀಜಿಯವರ ಆಧ್ಯಾತ್ಮಿಕ ಪ್ರವಚನ (08-12-2021) ಚನ್ನಬಸವಾಶ್ರಮ, ಭಾಲ್ಕಿ.",54:22,public,12/8/2021,46.7834986932453,49478,873,52,0,9,1,"Live-ಪೂಜ್ಯ ಶ್ರೀ ಸಿದ್ಧೇಶ್ವರ ಸ್ವಾಮೀಜಿಯವರ ಆಧ್ಯಾತ್ಮಿಕ ಪ್ರವಚನ (08-12-2021) ಚನ್ನಬಸವಾಶ್ರಮ, ಭಾಲ್ಕಿ."
6w1LniRH2yg,Other,22.76,ನಿಜವಾಗಲೂ ಈ ಜಗತ್ತಿನಲ್ಲಿ ಯಾರು ದೊಡ್ಡವರು? ಯಾರು ಸಣ್ಣವರು?,09:41,public,11/25/2023,47.0070703280136,52101,629,30,4,4,1,#https://amzn.eu/d/j5QXHyw #https://www.jnanayogashrama.org/mdsmall/mdsm_index.php #https://instagram.com/jnanayogashrama?igshid=ZDdkNTZiNTM= #https://www.facebook.com/jnanayogashrama?mibextid=ZbWKwL
kBMoSnxlmRs,Other,22.74,Sri Siddheshwar Swamiji's Pravachan on Narada Bhakti Sutra - Kannada (Part -6),42:33,public,12/17/2020,46.931230424465,51196,676,29,0,3,1,#SiddeshwarSwamiji #NaradaBhaktiSutras #KannadaPravachans
PujO_HyiTUs,Other,22.73,ಧರ್ಮದ ಮೂರು ಲಕ್ಷಣಗಳು,14:14,public,12/29/2021,46.8149625032738,49839,748,39,0,0,1,
nN8h69r-5Wc,Other,22.73,How to overcome excess attachment and infatuation - Talk by Sri Siddheshwar Swamiji,06:31,public,3/27/2021,46.8699299015742,50476,785,29,1,11,1,Please like and follow the official page of Jnanayogashrama here: https://m.facebook.com/jnanayogashrama/
xfDnsOgP2kc,Relationships,22.7,ಪ್ರೇಮ ಎಂದರೆ ಹೇಗಿರಬೇಕು? - What should love be?,14:03,public,7/31/2023,46.7941575004848,49600,727,33,4,14,1,#siddheshwarswamiji  #Jnanayogashramavijayapur #https://instagram.com/jnanayogashrama?igshid=ZDdkNTZiNTM= #https://www.facebook.com/jnanayogashrama?mibextid=ZbWKwL #Kathamrutha (Tales told by Siddheshwar Swamiji in Kannada) https://amzn.eu/d/j5QXHyw #https://www.jnanayogashrama.org/mdsmall/mdsm_index.php
xvHHP16xncE,Other,22.7,Bhagvad Gita lecture by Sri Siddheshwar Swamiji - Series I (Part -19),36:11,public,10/27/2021,46.7570883204449,49177,741,36,0,0,1,
V7PBuCiuzW8,Life,22.69,Two types of life - Story of a frog and a bumblebee as told by Pujya Sri Siddheshwar Swamiji,14:03,public,12/7/2020,46.8396417866518,50124,601,30,0,0,1,
vUXGcz6og84,Happiness,22.68,In order to be happy in life who should we look to learn from? Talk by Sri Siddheshwar Swamiji,12:15,public,10/4/2021,46.7640355596453,49256,778,25,0,0,1,
6BuCDzMWru0,Other,22.68,ನಮ್ಮ ಬದುಕು ಶ್ರೀಮಂತ ಆಗಬೇಕಾದರೆ ಮೊದಲು ನಮ್ಮ ಹತ್ತಿರ ಏನಿರಬೇಕು?,26:24,public,4/8/2025,46.7568242813325,49174,745,30,4,9,1,#siddheshwarswamiji   #jnanayogi  #kannadapravachan #motivationalvideo #SiritualTalks #https://amzn.eu/d/j5QXHyw #https://www.jnanayogashrama.org/mdsmall/mdsm_index.php #https://instagram.com/jnanayogashrama?igshid=ZDdkNTZiNTM= #https://www.facebook.com/jnanayogashrama?mibextid=ZbWKwL
lmNt97uqLv0,Other,22.68,ನಮ್ಮ ಬಡತನ ನಿವಾರಣೆ ಆಗುವುದು ಯಾವಾಗ?,20:01,public,7/28/2025,46.741835684983,49004,710,34,2,21,1,ಪೂಜ್ಯರ ಪ್ರವಚನದ ಪುಸ್ತಕಗಳು ಈಗ Amazon & Website ನಲ್ಲಿ ಲಭ್ಯವಿರುತ್ತವೆ. ತಾವು ಕೆಳಗಡೆ ಕೊಟ್ಟಿರುವ ಲಿಂಕ್ ಮುಖಾಂತರ ಖರೀದಿಸಬಹದು? Amazon : https://amzn.in/d/98q8EXK Website : https://www.jnanayogashrama.org/books_kannada.php
igejzISOo_c,Success,22.66,"The whole world is ruined for sake of wealth, desires and land - Talk by Sri Siddheshwar Swamiji",18:46,public,3/24/2021,46.7081428785669,48624,761,28,0,0,1,
UkNnvNdLaSE,Other,22.65,Sri Siddheshwar Swamiji's Pravachan on Patanjali Yogasutra - Kannada (Part 9),42:48,public,11/22/2020,46.7315782970611,48888,575,29,0,0,1,
wjrO6TrQ4bk,Other,22.65,ದೇವರು ನಮಗೆ ನೀಡಿದ ಈ ಶರೀರವನ್ನು ಇಟ್ಟುಕೊಳ್ಳುವುದು ಹೇಗೆ?,31:00,public,2/27/2026,46.689410025568,48414,684,32,2,21,1,ಪೂಜ್ಯರ ಪ್ರವಚನದ ಪುಸ್ತಕಗಳು ಈಗ Amazon & Website ನಲ್ಲಿ ಲಭ್ಯವಿರುತ್ತವೆ. ತಾವು ಕೆಳಗಡೆ ಕೊಟ್ಟಿರುವ ಲಿಂಕ್ ಮುಖಾಂತರ ಖರೀದಿಸಬಹದು Amazon : https://amzn.in/d/98q8EXK Website : https://www.jnanayogashrama.org/books_kannada.php
9Clz0HSV8uE,Other,22.64,ಜಗತ್ತಿನಲ್ಲಿ  ಪವಿತ್ರವಾಗಿ ಇರುವುದು  ಎಂದರೆ ಯಾವುದು ? - What does it mean to be holy in the world?,10:24,public,11/1/2023,46.6741857248477,48244,666,31,4,5,1,# https://amzn.eu/d/j5QXHyw #https://www.jnanayogashrama.org/mdsmall/mdsm_index.php #https://instagram.com/jnanayogashrama?igshid=ZDdkNTZiNTM= #https://www.facebook.com/jnanayogashrama?mibextid=ZbWKwL
-iJmOn8GSKI,Other,22.63,"Live-ಪೂಜ್ಯ ಶ್ರೀ ಸಿದ್ಧೇಶ್ವರ ಸ್ವಾಮೀಜಿಯವರ ಆಧ್ಯಾತ್ಮಿಕ ಪ್ರವಚನ (07-12-2021) ಚನ್ನಬಸವಾಶ್ರಮ, ಭಾಲ್ಕಿ.",52:51,public,12/7/2021,46.5371103410106,46740,860,36,0,9,1,"Live-ಪೂಜ್ಯ ಶ್ರೀ ಸಿದ್ಧೇಶ್ವರ ಸ್ವಾಮೀಜಿಯವರ ಆಧ್ಯಾತ್ಮಿಕ ಪ್ರವಚನ (07-12-2021) ಚನ್ನಬಸವಾಶ್ರಮ, ಭಾಲ್ಕಿ."
GziUEcYQHpk,Other,22.63,ಸಮಾಜದ ಅಭ್ಯುದಯಕ್ಕಾಗಿ  ನಾವೇನು ಮಾಡಬೇಕು?,22:11,public,1/27/2024,46.6717628119323,48217,685,25,4,5,1,#https://amzn.eu/d/j5QXHyw #https://www.jnanayogashrama.org/mdsmall/mdsm_index.php #https://instagram.com/jnanayogashrama?igshid=ZDdkNTZiNTM= #https://www.facebook.com/jnanayogashrama?mibextid=ZbWKwL ​
FRHZH1-RkIs,Other,22.63,ಜಗತ್ತಿನ ಎಲ್ಲ ಸಮಸ್ಯೆಗಳನ್ನು ಯಾವುದರಿಂದ ಪರಿಹರಿಸಬಹುದು? - What can solve all the world's problems?,09:22,public,11/9/2023,46.6571967812762,48055,663,27,4,5,1,# https://amzn.eu/d/j5QXHyw #https://www.jnanayogashrama.org/mdsmall/mdsm_index.php #https://instagram.com/jnanayogashrama?igshid=ZDdkNTZiNTM= #https://www.facebook.com/jnanayogashrama?mibextid=ZbWKwL
ZFqOh1Vv0x8,Other,22.63,ನಾವು ಜೀವನದಲ್ಲಿ ಯಾವುದಕ್ಕೆ ಹೆಚ್ಚು ಮಹತ್ವ ಕೊಡಬೇಕು?,17:44,public,3/27/2023,57.6514947302677,609457,5.5K,155,0,0,0,
zshU51g6U1I,Other,22.63,ಪ್ರಣವ ಮಂಟಪದಲ್ಲಿ ಪೂಜ್ಯ ಶ್ರೀ ಸಿದ್ದೇಶ್ವರ ಸ್ವಾಮಿಗಳು ಹಾಗು ಆಶ್ರಮದ ಪುಜ್ಯರು ಸೇರಿ ಪ್ರಾರ್ಥನೆ ಸಲ್ಲಿಸಿದರು,10:58,public,12/30/2022,57.4951993806823,587841,4.7K,305,0,0,0,
XrFjHxF_nYA,Other,22.62,ಪೂಜ್ಯ ಶ್ರೀ ಸಿದ್ಧೇಶ್ವರ ಮಹಾಸ್ವಾಮೀಜಿಯವರ ಕಠೋಪನಿಷತ್ತು ಪ್ರವಚನಗಳು - Kannada Video 2,42:19,public,7/2/2020,46.6544939803208,48025,673,25,-,-,1,ಪೂಜ್ಯ ಶ್ರೀ ಸಿದ್ಧೇಶ್ವರ ಮಹಾಸ್ವಾಮೀಜಿಯವರ ಕಠೋಪನಿಷತ್ತು ಪ್ರವಚನಗಳು - Kannada Video 2
d-H_TOjbXbc,Other,22.6,What ever becomes empty gets filled and what gets filled becomes empty - Sri Siddheshwar Swamiji,11:09,public,2/22/2021,57.6376245201181,607507,5.7K,132,0,2,0,#KannadaPravachana #SiddeshwarSwamiji
hB_5Srcm6U4,Other,22.6,ನಾವೆಲ್ಲಾ ಎಂತಹ ಯುದ್ಧವನ್ನು ಗೆಲ್ಲಬೇಕಾಗಿದೆ.,16:03,public,2/25/2022,46.524405626408,46603,821,28,0,0,1,
1K5tdKHPEAQ,Other,22.6,ನಾವು ಆನಂದವಾಗಿರಬೇಕೆಂದರೆ ನಮ್ಮ ಸುತ್ತಲಿರುವ ಪರಿಸರ ಹೇಗಿರಬೇಕು?,31:55,public,4/10/2026,46.5179927522957,46534,682,35,2,21,1,ಪೂಜ್ಯರ ಪ್ರವಚನದ ಪುಸ್ತಕಗಳು ಈಗ Amazon & Website ನಲ್ಲಿ ಲಭ್ಯವಿರುತ್ತವೆ. ತಾವು ಕೆಳಗಡೆ ಕೊಟ್ಟಿರುವ ಲಿಂಕ್ ಮುಖಾಂತರ ಖರೀದಿಸಬಹದು Amazon : https://amzn.in/d/98q8EXK Website : https://www.jnanayogashrama.org/books_kannada.php
j8K7G0WugBc,Other,22.6,ನಮ್ಮ ಮನಸ್ಸಿಗೆ ಶಾಂತಿ ಸಿಗಬೇಕಾದರೆ ಏನು ಮಾಡಬೇಕು?,19:43,public,6/27/2025,46.4712365599317,46034,741,43,4,9,1,#siddheshwarswamiji   #jnanayogi  #kannadapravachan #motivationalvideo #SiritualTalks #https://amzn.eu/d/j5QXHyw #https://www.jnanayogashrama.org/mdsmall/mdsm_index.php #https://instagram.com/jnanayogashrama?igshid=ZDdkNTZiNTM= #https://www.facebook.com/jnanayogashrama?mibextid=ZbWKwL
4Dlu-zBQN3g,Other,22.6,LIVE - ಪೂಜ್ಯ ಶ್ರೀ ಸಿದ್ಧೇಶ್ವರ ಸ್ವಾಮೀಜಿಯವರ ಆಧ್ಯಾತ್ಮಿಕ  ಪ್ರವಚನ ಕಾಖಂಡಕಿ (16-10-2022) #jnanayogashrama,59:43,public,10/16/2022,46.3554685181829,44819,844,52,0,11,1,"ಸ್ಥಳ :- ಶ್ರೀ ಗುರುದೇವಾಶ್ರಮ, ಕಾಖಂಡಕಿ. # jnanayogashram vijayapura # Siddheshwara Swamiji"
tNezKKr-GnE,Other,22.6,ನಮ್ಮ ಜೀವನದ ಸುಖವು ಎಲ್ಲಿದೆ ?,09:08,public,10/19/2022,46.6931630881579,48456,571,16,0,0,1,
zm2jZ5cIdRk,Other,22.59,ಇರುವುದೆಲ್ಲವೂ ಯಾವುದಕ್ಕಾಗಿ?,12:48,public,1/11/2022,46.4653092862978,45971,721,39,0,0,1,
5GWX58A39qw,Other,22.59,ನಮಗೆ ಸಹಾಯ ಮಾಡಿದವರನ್ನು ಯಾವತ್ತಿಗೂ ಮರೆಬಾರದು ಏಕೆ?,08:25,public,5/27/2023,46.583988525995,47249,684,21,0,0,1,
TOcKC8BLd5g,Other,22.57,ಹೇಗೆ ಬದುಕಿದರೆ ಮಾತ್ರ ನಾವು ಸಂತೋಷವಾಗಿರಬಹುದು?,24:44,public,7/17/2026,46.3749314448987,45021,838,38,2,21,1,ಪೂಜ್ಯರ ಪ್ರವಚನದ ಪುಸ್ತಕಗಳು ಈಗ Amazon & Website ನಲ್ಲಿ ಲಭ್ಯವಿರುತ್ತವೆ. ತಾವು ಕೆಳಗಡೆ ಕೊಟ್ಟಿರುವ ಲಿಂಕ್ ಮುಖಾಂತರ ಖರೀದಿಸಬಹದು Amazon : https://amzn.in/d/98q8EXK Website : https://www.jnanayogashrama.org/books_kannada.php
G_-QAxoltd4,Other,22.57,Why each word is important and should be thought well before speaking? By Sri Siddheshwar Swamiji,07:43,public,12/27/2021,46.5804145874741,47210,517,22,0,0,1,
LWyMuLfyi9Q,Other,22.56,ಇಡೀ ಜಗತ್ತಿನಲ್ಲಿ ಅತ್ಯಂತ ಬೆಲೆಬಾಳುವ ವಸ್ತು ಯಾವುದು?,21:43,public,1/18/2025,46.3791593107278,45065,722,38,4,9,1,#siddheshwarswamiji   #Jnanayogi #kannadapravachan #motivationalvideo #SiritualTalks #https://amzn.eu/d/j5QXHyw #https://www.jnanayogashrama.org/mdsmall/mdsm_index.php #https://instagram.com/jnanayogashrama?igshid=ZDdkNTZiNTM= #https://www.facebook.com/jnanayogashrama?mibextid=ZbWKwL
B3DSElBz-dg,Other,22.54,ಮನಸ್ಸಿನ ಕೆಲವು ಸಂಗತಿಗಳನ್ನು ಹೇಗೆ ಬಳಸಬೇಕು?,20:38,public,6/8/2024,46.2947866174145,44195,830,39,4,9,1,#Siddheshwarswamiji  #Jnanayogi #kannadapravachan #motivationalvideo #SiritualTalks #https://amzn.eu/d/j5QXHyw #https://www.jnanayogashrama.org/mdsmall/mdsm_index.php #https://instagram.com/jnanayogashrama?igshid=ZDdkNTZiNTM= #https://www.facebook.com/jnanayogashrama?mibextid=ZbWKwL
9EDYHfXsPc4,Other,22.53,"#ಪೂಜ್ಯ ಶ್ರೀ ಸಿದ್ಧೇಶ್ವರ ಸ್ವಾಮೀಜಿಯವರ ಆಧ್ಯಾತ್ಮಿಕ ಪ್ರವಚನ (10-12-2021) ಚನ್ನಬಸವಾಶ್ರಮ, ಭಾಲ್ಕಿ.",52:01,public,12/10/2021,46.3235804341895,44490,776,31,0,9,1,"#ಪೂಜ್ಯ ಶ್ರೀ ಸಿದ್ಧೇಶ್ವರ ಸ್ವಾಮೀಜಿಯವರ ಆಧ್ಯಾತ್ಮಿಕ ಪ್ರವಚನ (10-12-2021) ಚನ್ನಬಸವಾಶ್ರಮ, ಭಾಲ್ಕಿ."
9XpWGAtsav8,Other,22.51,ಏನು ಮಾಡುವುದರಿಂದ ನಮ್ಮ ದೇಹ ಸ್ವಚ್ಛವಾಗುತ್ತದೆ?,13:14,public,11/8/2021,46.2444520340666,43684,810,32,0,0,1,
2zC4KtPF-5I,Other,22.48,ಕಲಿತವರ ಕೆಲವು ಮನಸ್ಸುಗಳು ಹೇಗಿರುತ್ತವೆ?,12:28,public,11/20/2021,46.1886101464251,43124,753,35,0,0,1,
_o4CheUBj_E,Success,22.48,Where can we find the real wealth and richness in life? Important talk by Sri Siddheshwar Swamiji,13:29,public,8/30/2021,46.3250394212664,44505,616,21,0,0,1,
CgJ8BgGAXqU,Other,22.47,ನಾವು ಭಕ್ತಿಯನ್ನು ಹೇಗೆ ಮಾಡಿದರೆ ಜೀವನದಲ್ಲಿ ಸಂತೋಷವಾಗಿರಬಹುದು?,25:34,public,7/1/2025,46.1965316268458,43203,636,35,4,9,1,#siddheshwarswamiji   #jnanayogi  #kannadapravachan #motivationalvideo #SiritualTalks #https://amzn.eu/d/j5QXHyw #https://www.jnanayogashrama.org/mdsmall/mdsm_index.php #https://instagram.com/jnanayogashrama?igshid=ZDdkNTZiNTM= #https://www.facebook.com/jnanayogashrama?mibextid=ZbWKwL
m0gxJJGjNZI,Life,22.47,ನಮ್ಮ ಜೀವನವನ್ನು ಸರಿಯಾಗಿ ನಡೆಸುವುದು ಹೇಗೆ? - How to live our life properly?,12:38,public,8/11/2023,46.2492051251887,43732,599,30,4,14,1,#siddheshwarswamiji  #Jnanayogashramavijayapur #https://instagram.com/jnanayogashrama?igshid=ZDdkNTZiNTM= #https://www.facebook.com/jnanayogashrama?mibextid=ZbWKwL #Kathamrutha (Tales told by Siddheshwar Swamiji in Kannada) https://amzn.eu/d/j5QXHyw #https://www.jnanayogashrama.org/mdsmall/mdsm_index.php
SSshky44wc8,Other,22.46,What is the whole world really caught up in? Important talk by Sri Siddheshwar Swamiji,13:15,public,6/12/2021,46.2054384934129,43292,712,25,0,0,1,
QPHSUthreNQ,Other,22.46,ಕಾಲವನ್ನು ಗೆಲ್ಲಲು ನಮ್ಮಲ್ಲಿ  ಎಂತಹ ಪ್ರೇಮ ಇರಬೇಕು?,14:16,public,3/23/2024,46.1518214785595,42759,752,29,4,10,1,#Siddheshwarswamiji  #Jnanayogi #kannadapravachan #motivationalvideo #SiritualTalks #https://amzn.eu/d/j5QXHyw #https://www.jnanayogashrama.org/mdsmall/mdsm_index.php #https://instagram.com/jnanayogashrama?igshid=ZDdkNTZiNTM= #https://www.facebook.com/jnanayogashrama?mibextid=ZbWKwL ​
ZT_j3x532OM,Other,22.46,ನಮಗೆ ಜಗತ್ತಿನ ಜ್ಞಾನ ಯಾವಾಗ ಆಗುತ್ತದೆ?,21:09,public,4/17/2024,46.1237940820111,42483,814,29,4,10,1,#Siddheshwarswamiji  #Jnanayogi #kannadapravachan #motivationalvideo #SiritualTalks #https://amzn.eu/d/j5QXHyw #https://www.jnanayogashrama.org/mdsmall/mdsm_index.php #https://instagram.com/jnanayogashrama?igshid=ZDdkNTZiNTM= #https://www.facebook.com/jnanayogashrama?mibextid=ZbWKwL ​
kvBySnugkw4,Other,22.45,Bhagvad Gita lecture by Sri Siddheshwar Swamiji - Series I (Part -8),32:49,public,8/12/2021,46.153643063234,42777,671,29,0,0,1,
7vpzoU3pcaU,Other,22.43,ನಮ್ಮ ಬದುಕನ್ನು ಸುಂದರ ಮಾಡಿಕೊಳ್ಳಲು ದೇವರಲ್ಲಿ ಎಂತಹ ಪ್ರಾರ್ಥನೆ ಮಾಡಬೇಕು?,23:49,public,2/22/2025,46.0985567667844,42236,639,31,4,9,1,#siddheshwarswamiji   #Jnanayogi #kannadapravachan #motivationalvideo #SiritualTalks #https://amzn.eu/d/j5QXHyw #https://www.jnanayogashrama.org/mdsmall/mdsm_index.php #https://instagram.com/jnanayogashrama?igshid=ZDdkNTZiNTM= #https://www.facebook.com/jnanayogashrama?mibextid=ZbWKwL
f49HgvzniXE,Other,22.43,"#ಪೂಜ್ಯ ಶ್ರೀ ಸಿದ್ಧೇಶ್ವರ ಸ್ವಾಮೀಜಿಯವರ ಆಧ್ಯಾತ್ಮಿಕ ಪ್ರವಚನ (21-11-2021) ಚನ್ನಬಸವಾಶ್ರಮ, ಭಾಲ್ಕಿ.",56:43,public,11/21/2021,46.0127611817942,41407,779,38,0,9,1,"#ಪೂಜ್ಯ ಶ್ರೀ ಸಿದ್ಧೇಶ್ವರ ಸ್ವಾಮೀಜಿಯವರ ಆಧ್ಯಾತ್ಮಿಕ ಪ್ರವಚನ (21-11-2021) ಚನ್ನಬಸವಾಶ್ರಮ, ಭಾಲ್ಕಿ."
1kYA3lo1yco,Other,22.42,ಹಣಕ್ಕಿಂತ ದೊಡ್ಡ ಸಂಪತ್ತು ಯಾವುದು ?,09:32,public,11/5/2022,46.2389993589041,43629,533,13,0,0,1,
mf2NFuoqisI,Other,22.41,ಕಾಣುವ ಜಗತ್ತಿನಲ್ಲಿ ಕಾಣದ ವಸ್ತುವನ್ನು ನೋಡುವುದು ಹೇಗೆ?,19:51,public,5/20/2024,45.9131609250442,40465,711,49,4,10,1,#Siddheshwarswamiji  #Jnanayogi #kannadapravachan #motivationalvideo #SiritualTalks #https://amzn.eu/d/j5QXHyw #https://www.jnanayogashrama.org/mdsmall/mdsm_index.php #https://instagram.com/jnanayogashrama?igshid=ZDdkNTZiNTM= #https://www.facebook.com/jnanayogashrama?mibextid=ZbWKwL ​
ETC9Dh1mhIY,Other,22.41,ಕಷ್ಟದ ಜಗತ್ತಿನಲ್ಲಿ ಸಾಗುವುದು ಹೇಗೆ?,09:10,public,12/9/2021,46.0844950324301,42099,662,24,0,0,1,
7oWetGUxC_g,Other,22.4,ಜೀವನವೆಂಬ ತೋಟವನ್ನು ಹೇಗೆ ಬೆಳೆಸಬೇಕು?,14:49,public,8/24/2022,46.0425526916001,41693,688,26,2,18,1,BOOKS ARE  AVAILABLE IN ONLINE (AMEZON & WEBSITE) LINKS ARE  GIVEN BELOW WEBSITE  - https://www.jnanayogashrama.org AMEZON - https://amzn.eu/d/cJtQoa3
WMm8300O9Yg,Other,22.37,ನಮ್ಮ ಜೀವನದ ಸಂತೋಷಕ್ಕಾಗಿ ನಾವೇನು ಮಾಡಬೇಕು?,10:35,public,1/28/2022,45.8540386030812,39916,653,48,0,0,1,
F15ZQOJhS-A,Other,22.36,ಮಾತೆಂಬುದು ಜ್ಯೊತಿರ್ಲಿಂಗ - Sri Siddheshwara Swamiji Pravachana from 'Baduku Aradhane' series.,10:42,public,11/22/2020,45.9908600445546,41198,554,24,0,0,1,
gWBsp8RYbeg,Other,22.35,What must we do in order to lead pleasant lives? - Informative talk by Sri Siddheshwar Swamiji,10:59,public,6/17/2021,45.9332225996395,40653,674,23,0,0,1,
Tv7ixJ7f078,Other,22.33,ಏನು ಪಾಲಿಸಿದರೆ ಮನೆಯಲ್ಲಿ ಎಲ್ಲರೂ ಆನಂದವಾಗಿ ಇರುತ್ತಾರೆ?,16:21,public,4/6/2025,45.8631371386483,40000,608,28,4,9,1,#siddheshwarswamiji   #jnanayogi  #kannadapravachan #motivationalvideo #SiritualTalks #https://amzn.eu/d/j5QXHyw #https://www.jnanayogashrama.org/mdsmall/mdsm_index.php #https://instagram.com/jnanayogashrama?igshid=ZDdkNTZiNTM= #https://www.facebook.com/jnanayogashrama?mibextid=ZbWKwL
-6zKVwNzdw0,Other,22.33,ಜಗತ್ತನ್ನು ನಾವು ಯಾವ  ದೃಷ್ಟಿಯಿಂದ ನೋಡಬೇಕು?,18:24,public,2/17/2024,45.7788988175855,39229,704,34,0,0,1,
MBWLf_YUZ48,Other,22.32,ಜಗತ್ತಿನಲ್ಲಿರುವ ಜನರು ದುಃಖಿತರಾಗಲು ಏನು ಕಾರಣ?,05:59,public,3/2/2024,45.8672468677025,40038,606,23,4,4,1,#https://amzn.eu/d/j5QXHyw #https://www.jnanayogashrama.org/mdsmall/mdsm_index.php #https://instagram.com/jnanayogashrama?igshid=ZDdkNTZiNTM= #https://www.facebook.com/jnanayogashrama?mibextid=ZbWKwL
5cvsLo_yLIo,Other,22.31,The two fruits of Samsaara. Must listen talk from Sri Siddheshwar Swamiji,12:53,public,5/15/2021,45.7987125636796,39409,647,28,0,0,1,
Iyq1YwfjMtw,Other,22.31,ನಮ್ಮ ಮನಸ್ಸಿನ ಶಾಂತಿಗಾಗಿ ನಮ್ಮ ವಿವೇಕ ಎಂಬುದು ಹೇಗಿರಬೇಕು?,16:32,public,5/8/2024,45.7682942801914,39133,675,29,4,10,1,#Siddheshwarswamiji  #Jnanayogi #kannadapravachan #motivationalvideo #SiritualTalks #https://amzn.eu/d/j5QXHyw #https://www.jnanayogashrama.org/mdsmall/mdsm_index.php #https://instagram.com/jnanayogashrama?igshid=ZDdkNTZiNTM= #https://www.facebook.com/jnanayogashrama?mibextid=ZbWKwL ​
A7XHMs1uyfM,Other,22.3,ನಾಳೆಯ ಬಗ್ಗೆ ನಾವೇಕೆ ಚಿಂತಿಸಬಾರದು?,14:57,public,1/19/2026,45.6935510176591,38463,685,36,2,21,1,ಪೂಜ್ಯರ ಪ್ರವಚನದ ಪುಸ್ತಕಗಳು ಈಗ Amazon & Website ನಲ್ಲಿ ಲಭ್ಯವಿರುತ್ತವೆ. ತಾವು ಕೆಳಗಡೆ ಕೊಟ್ಟಿರುವ ಲಿಂಕ್ ಮುಖಾಂತರ ಖರೀದಿಸಬಹದು Amazon : https://amzn.in/d/98q8EXK Website : https://www.jnanayogashrama.org/books_kannada.php
3K2AK0Ts8WI,Other,22.29,ನಮ್ಮ ಜೀವನವು ಎಂತಹ ಆಟವಾಗಿದೆ?,12:53,public,6/1/2022,45.7063600016703,38577,645,32,0,0,1,
px5IxJmDgBc,Other,22.28,ಜಗತ್ತನ್ನು ಹೇಗೆ ನೋಡಿದರೆ ನಾನು ಸಂತೋಷವಾಗಿರಬಲ್ಲೆ?,24:02,public,6/30/2026,45.6079785900871,37710,685,42,2,21,1,ಪೂಜ್ಯರ ಪ್ರವಚನದ ಪುಸ್ತಕಗಳು ಈಗ Amazon & Website ನಲ್ಲಿ ಲಭ್ಯವಿರುತ್ತವೆ. ತಾವು ಕೆಳಗಡೆ ಕೊಟ್ಟಿರುವ ಲಿಂಕ್ ಮುಖಾಂತರ ಖರೀದಿಸಬಹದು Amazon : https://amzn.in/d/98q8EXK Website : https://www.jnanayogashrama.org/books_kannada.php
JEt_EfqkWpY,Other,22.27,ಜೀವನದಲ್ಲಿಯಾಗುವ ಅತಿಯಾದ ಬದಲಾವಣೆಯನ್ನು ನಿಲ್ಲಿಸುವುದು ಹೇಗೆ?,15:36,public,12/25/2021,45.7389971125467,38869,632,18,0,0,1,
02v8PDxdfV8,Other,22.26,ಇನ್ನೊಬ್ಬರ ಮುಖದಲ್ಲಿ ಪ್ರಸನ್ನತೆ ಮೂಡಬೇಕಾದರೆ ನಾವು ಎಂತಹ ಕೆಲಸ ಮಾಡಬೇಕು?,15:14,public,12/17/2023,45.7384403239076,38864,568,20,4,15,1,- What kind of work should we do to make someone happy?#https://amzn.eu/d/j5QXHyw #https://www.jnanayogashrama.org/mdsmall/mdsm_index.php #https://instagram.com/jnanayogashrama?igshid=ZDdkNTZiNTM= #https://www.facebook.com/jnanayogashrama?mibextid=ZbWKwL
kMGPhDzZ2ms,Other,22.26,ಮನುಷ್ಯನ ಶ್ರೀಮಂತಿಕೆ ಎಂಬುದು ಯಾವುದರಲ್ಲಿ ಅಡಗಿದೆ?,30:39,public,6/7/2025,45.6752833184573,38301,595,31,4,9,1,#siddheshwarswamiji   #jnanayogi  #kannadapravachan #motivationalvideo #SiritualTalks #https://amzn.eu/d/j5QXHyw #https://www.jnanayogashrama.org/mdsmall/mdsm_index.php #https://instagram.com/jnanayogashrama?igshid=ZDdkNTZiNTM= #https://www.facebook.com/jnanayogashrama?mibextid=ZbWKwL
fGGGLCcRZEY,Other,22.26,"O Man, you’re drowned in your own world! Sri Siddheshwar Swamiji warns us about our attachments.",14:16,public,5/27/2021,45.6767520936876,38314,599,26,0,0,1,
4aSCh72cFRs,Other,22.26,Why must we listen to the words of the Enlightened? Important talk by Sri Siddheshwar Swamiji,15:56,public,6/29/2021,45.7630929857426,39086,585,16,0,0,1,
O4sH9I6PQ7M,Other,22.26,Live-ಜ್ಞಾನಯೋಗಾಶ್ರಮ ವಿಜಯಪುರದಲ್ಲಿ ಬಸವ ಜಯಂತಿ ಅಂಗವಾಗಿ ವಿಶೇಷ ಕಾರ್ಯಕ್ರಮ,02:03:02,public,5/5/2022,45.664081648815,38202,646,29,0,4,1,ಸ್ಥಳ : ಜ್ಞಾನಯೋಗಾಶ್ರಮ ವಿಜಯಪುರ.
wlVjrjjPcqg,Other,22.25,ಶಿವರಾತ್ರಿಯ ವಿಶೇಷ,10:19,public,3/1/2022,45.5417089673493,37137,619,43,0,0,1,
4RUoQeK1PfQ,Mind,22.25,How is the mind responsible for every work of yours? Insightful talk by Sri Siddheshwar Swamiji,12:38,public,10/9/2021,45.6394266023796,37985,576,31,0,0,1,
6BLtqhK3SQw,Other,22.24,Live-ಪೂಜ್ಯ ಶ್ರೀ ಸಿದ್ಧೇಶ್ವರ ಸ್ವಾಮೀಜಿಯವರ ಆಧ್ಯಾತ್ಮಿಕ ಪ್ರವಚನ(15-03--2022)  ನಿಪ್ಪಾಣಿ.,50:21,public,3/15/2022,45.5057813303613,36830,661,43,0,7,1,Live-ಪೂಜ್ಯ ಶ್ರೀ ಸಿದ್ಧೇಶ್ವರ ಸ್ವಾಮೀಜಿಯವರ ಆಧ್ಯಾತ್ಮಿಕ ಪ್ರವಚನ(15-03--2022)  ನಿಪ್ಪಾಣಿ.
JTUHs96a2tY,Other,22.24,Sri Siddheshwar Swamiji's Pravachan on Patanjali Yogasutra - Kannada (Part 10),42:55,public,11/22/2020,45.713646436341,38642,491,22,0,0,1,
wKYVQtS7noM,Other,22.23,ನಾನು ಧರ್ಮವಂತ ಎಂದು ಗುರುತಿಸಿಕೊಳ್ಳಲು ಏನು ಮಾಡಬೇಕು?,18:50,public,2/18/2026,45.668724241713,38243,504,22,2,21,1,ಪೂಜ್ಯರ ಪ್ರವಚನದ ಪುಸ್ತಕಗಳು ಈಗ Amazon & Website ನಲ್ಲಿ ಲಭ್ಯವಿರುತ್ತವೆ. ತಾವು ಕೆಳಗಡೆ ಕೊಟ್ಟಿರುವ ಲಿಂಕ್ ಮುಖಾಂತರ ಖರೀದಿಸಬಹದು Amazon : https://amzn.in/d/98q8EXK Website : https://www.jnanayogashrama.org/books_kannada.php
fLc7yBUCdKQ,Other,22.22,Live-ಪೂಜ್ಯ ಶ್ರೀ ಸಿದ್ಧೇಶ್ವರ ಸ್ವಾಮೀಜಿಯವರ ಆಧ್ಯಾತ್ಮಿಕ ಪ್ರವಚನ(09-03--2022)  ನಿಪ್ಪಾಣಿ.,01:08:18,public,3/9/2022,45.3915910331573,35871,653,52,0,8,1,Live-ಪೂಜ್ಯ ಶ್ರೀ ಸಿದ್ಧೇಶ್ವರ ಸ್ವಾಮೀಜಿಯವರ ಆಧ್ಯಾತ್ಮಿಕ ಪ್ರವಚನ (09-03--2022)  ನಿಪ್ಪಾಣಿ.
HJaNtfdkTrw,Other,22.22,ನಿಜವಾದ ಯೋಗಿಗಳು ಯಾರು?,09:53,public,10/31/2022,45.6785591330636,38330,515,17,0,0,1,
V6Z6i8iaoqA,Other,22.2,ಯಾವುದನ್ನು ತಿಳಿದುಕೊಂಡರೆ ಜೀವನ ಸುಂದರವಾಗಿ ನಡೆಯುತ್ತದೆ?,23:51,public,5/11/2023,57.2869018900727,560220,5.2K,191,0,0,0,
fQOUiQnGG30,Other,22.19,ಗುರುಪೂರ್ಣಿಮಾ ಮಹೋತ್ಸವ 03-07-2023,01:49,public,7/3/2023,45.5768784434123,37440,428,24,0,0,1,
pnbvphzhT8M,Other,22.19,ಶ್ರೀ ಗುರುಕರುಣ ತ್ರಿವಿಧಿ -- ಶ್ರೀ ಗುರುವೇ ಸತ್ಕ್ರಿಯೆಯ - Divine Chanting,05:35,public,4/27/2024,57.6100726883736,603652,2.5K,186,0,19,0,"ಸಂಗೀತ ಮತ್ತು ಧ್ವನಿ ಮುದ್ರಣ : ಶ್ರೀ ವಿರೇಶ ವಾಲಿ, ಸ್ಪಾಟ್ ಲೈಟ್ ರೆಕಾರ್ಡಿಂಗ್ ಸ್ಟುಡಿಯೋ, ವಿಜಯಪುರ  ಗಾಯಕಿಯರು : ಕವಿತಾ ಹೆಗಡೆ                          ದೀಪ್ತಿ ಭಟ್"
GmPerd-Eu7I,Other,22.18,The frivolities of all humans - Wisdomous talk by Sri Siddheshwar Swamiji,17:48,public,6/6/2021,45.4479314954815,36341,642,28,0,0,1,
lviL6HbDfVM,Other,22.18,ನಮಗೆ ಜೀವನದಲ್ಲಿ ಯಾವುದನ್ನು ತಿಳಿದುಕೊಳ್ಳುವ ಕುತೂಹಲ ಇರಬೇಕು?,34:14,public,6/7/2026,45.4073683008078,36002,608,36,2,21,1,ಪೂಜ್ಯರ ಪ್ರವಚನದ ಪುಸ್ತಕಗಳು ಈಗ Amazon & Website ನಲ್ಲಿ ಲಭ್ಯವಿರುತ್ತವೆ. ತಾವು ಕೆಳಗಡೆ ಕೊಟ್ಟಿರುವ ಲಿಂಕ್ ಮುಖಾಂತರ ಖರೀದಿಸಬಹದು Amazon : https://amzn.in/d/98q8EXK Website : https://www.jnanayogashrama.org/books_kannada.php
PRbgB9eBQL8,Other,22.18,Sri Siddheshwar Swamiji's Pravachan on Patanjali Yogasutra - Kannada (Part 7),37:57,public,11/22/2020,45.5804605781178,37471,491,15,0,0,1,
uLt-TzBuI-g,Other,22.16,ಯಾವುದರಲ್ಲಿ ಸಂತೋಷವನ್ನು ಪಡೆಯಬೇಕು?,07:17,public,8/23/2021,45.4538822266651,36391,615,18,0,0,1,
YkI3S-rcEbk,Other,22.16,Bhagvad Gita lecture by Sri Siddheshwar Swamiji - Series I (Part -16),41:25,public,10/6/2021,45.369090456101,35685,563,37,0,0,1,
2WyaEUk2L1k,Mind,22.14,O Man! Do you know why mind is superior? Listen to Sri Siddheshwar Swamiji’s explanation.,13:37,public,9/18/2021,45.3661786167025,35661,581,25,0,0,1,
C0iEMryThyA,Other,22.13,What is the nature of seeing God? Important talk by Sri Siddheshwar Swamiji,08:26,public,6/15/2021,45.3459845801135,35495,528,26,0,0,1,
uzZehIKdaeY,Other,22.12,Change is inevitable in this world - By Pujya Sri Siddheshwar Swamiji,12:28,public,12/5/2020,45.2724461902608,34897,562,35,0,0,1,
QHbAOoSRrtU,Other,22.1,ನಮ್ಮ ಜಗತ್ತು ಸವಿಯಾಗುವುದು ಯಾವಾಗ?,13:00,public,4/11/2022,45.1988983680343,34309,569,34,0,0,1,
ozbHR_m-7Uc,Other,22.1,ದೇವರು ಕೊಟ್ಟ ಶರೀರ ಎಂಬ ವಾದ್ಯವನ್ನು ಹೇಗೆ ಬಾರಿಸಬೇಕು?,27:26,public,2/12/2026,45.1796809456795,34157,583,37,2,21,1,ಪೂಜ್ಯರ ಪ್ರವಚನದ ಪುಸ್ತಕಗಳು ಈಗ Amazon & Website ನಲ್ಲಿ ಲಭ್ಯವಿರುತ್ತವೆ. ತಾವು ಕೆಳಗಡೆ ಕೊಟ್ಟಿರುವ ಲಿಂಕ್ ಮುಖಾಂತರ ಖರೀದಿಸಬಹದು Amazon : https://amzn.in/d/98q8EXK Website : https://www.jnanayogashrama.org/books_kannada.php
4CfUCDOKaa8,Other,22.09,ನಮ್ಮ ಜೀವನದ ನೌಕೆಯು ಯಾವುದರ ಮೇಲೆ ಸಾಗುತ್ತಿದೆ?,10:57,public,11/6/2023,45.2640042924996,34829,534,20,4,5,1,#https://instagram.com/jnanayogashrama?igshid=ZDdkNTZiNTM= #https://www.facebook.com/jnanayogashrama?mibextid=ZbWKwL # https://amzn.eu/d/j5QXHyw #https://www.jnanayogashrama.org/mdsmall/mdsm_index.php
PS_RtxvIEoE,Relationships,22.09,Sri Siddheshwar Swamiji explains about Knowledge and its relationship with Guru. (Kannada),07:05,public,12/2/2020,45.3218964649034,35298,457,18,0,0,1,
tMOsCqaSyZ4,Mind,22.05,How should we utilise our mind to become nobler in life? Sri Siddheshwar Swamiji explains.,17:50,public,7/31/2021,45.0789218961495,33371,573,32,0,0,1,
DfaFx-vpBAc,Life,22.05,ಸುಮಧುರ ಜೀವನ ನಡೆಸಲು ಭಾವನೆ ಎಂಬುದು ಎಷ್ಟು ಮುಖ್ಯ - How important is emotion to lead a harmonious life,11:26,public,8/20/2023,45.2473204387341,34695,385,18,0,0,1,
ywQklqEiuGc,Mind,22.03,How is the state of our mind? Listen to Sri Siddheshwar Swamiji’s talk to know more.,10:14,public,9/4/2021,45.1134129299943,33638,521,20,0,0,1,
Z_ZqsAcvy0s,Other,22.02,ನಾವು ಇಲ್ಲಿರೋದು ಯಾವುದಕ್ಕಾಗಿ?,09:51,public,7/2/2022,45.0726920067515,33323,589,19,0,0,1,
ct2AMyAEJ0I,Other,22.01,Is this world an illusion? Knowledgeable talk by Sri Siddheshwar Swamiji,10:39,public,6/13/2021,45.0114759650208,32855,550,23,0,0,1,
wiAmk-b7mIY,Peace,22,When the ‘I' and 'mine' quietens down - that itself is renunciation - Sri Siddheshwar Swamiji,12:25,public,2/24/2021,45.0015847019605,32780,517,25,0,0,1,
pXxn_qPcf-M,Other,22,ರೋಗಿಗೆ ಹಾಲು ಸಿಹಿಯಪ್ಪುದೆ? Talk by Sri Siddheshwar Swamiji,13:22,public,3/8/2021,45.0323709800086,33014,483,23,0,2,1,#KannadaPravachana #SiddeshwarSwamiji
VKJKlKFFf0k,Other,21.99,ಮನುಷ್ಯನಲ್ಲಿರುವ ಅತಿ ದೊಡ್ಡ ಕಸ ಯಾವುದು?,12:04,public,11/17/2021,44.9660540603165,32512,563,23,0,0,1,
WcbDE0JPSJs,Other,21.96,ನಾವು ನಮ್ಮ ಜೀವನದಲ್ಲಿ ನೆಮ್ಮದಿಯಾಗಿ ಬದುಕುವುವದು ಹೇಗೆ?,22:07,public,4/2/2025,44.7801388559214,31145,562,41,4,9,1,#siddheshwarswamiji   #jnanayogi  #kannadapravachan #motivationalvideo #SiritualTalks #https://amzn.eu/d/j5QXHyw #https://www.jnanayogashrama.org/mdsmall/mdsm_index.php #https://instagram.com/jnanayogashrama?igshid=ZDdkNTZiNTM= #https://www.facebook.com/jnanayogashrama?mibextid=ZbWKwL
8favaEVjJJw,Purpose,21.95,What is the meaning of Samsara Yoga? And how does one practice it?  By Sri Siddheshwar Swamiji,12:32,public,6/27/2021,44.8801415899174,31873,538,19,0,0,1,
kg5CWfnTtBU,Other,21.95,ಭಕ್ತನು ಮುಟ್ಟಿದ್ದೆಲ್ಲವೂ ಪವಿತ್ರವಾಗುತ್ತದೆ ಹೇಗೆ?,12:04,public,6/26/2024,44.8301543143295,31507,542,28,4,9,1,#Siddheshwarswamiji  #Jnanayogi #kannadapravachan #motivationalvideo #SiritualTalks #https://amzn.eu/d/j5QXHyw #https://www.jnanayogashrama.org/mdsmall/mdsm_index.php #https://instagram.com/jnanayogashrama?igshid=ZDdkNTZiNTM= #https://www.facebook.com/jnanayogashrama?mibextid=ZbWKwL
ByZ3zVQGBS8,Other,21.93,What kind of dreams do we have? Interesting talk by Sri Siddheshwar Swamiji,11:58,public,6/18/2021,44.8411299061565,31587,504,20,0,0,1,
FNwwMx_94tA,Other,21.91,How to reduce the feelings of me and mine? Enlightening Talk by Sri Siddheshwar Swamiji,10:23,public,5/24/2021,44.7659410982063,31043,484,23,0,0,1,
8HRHmboabW4,Other,21.91,The story about the boy who taught the value of a single glass of water? By Sri Siddheshwar Swamiji,09:01,public,8/2/2021,44.8352339853235,31544,431,16,0,0,1,
h3BVikTww70,Other,21.91,ಇನ್ನೊಬ್ಬರ ನೋಡಿ ಹೊಟ್ಟೆಕಿಚ್ಚು ಪಡಬಾರದು ಏಕೆ?,10:54,public,4/12/2023,57.1463306088929,542317,5.4K,120,4,13,0,#Jnanayogashramavijayapur #https://instagram.com/jnanayogashrama?igshid=ZDdkNTZiNTM= #https://www.facebook.com/jnanayogashrama?mibextid=ZbWKwL #Kathamrutha (Tales told by Siddheshwar Swamiji in Kannada) https://amzn.eu/d/j5QXHyw #https://www.jnanayogashrama.org/mdsmall/mdsm_index.php
4lttinJBoLg,Other,21.9,ಸಮೃದ್ಧ ಜೀವನಕ್ಕಾಗಿ ೩ ಸಂಗತಿಗಳು,09:36,public,6/13/2022,44.7543535530953,30960,498,21,0,0,1,
iY4hRSPdZsU,Other,21.9,ಯೋಗಗಳಲ್ಲಿ ಭಕ್ತಿಯೋಗವೇ ಹೇಗೆ ಶ್ರೇಷ್ಠ?,13:39,public,11/15/2021,44.7034492067767,30598,536,26,0,0,1,
8ySl8ohEIYU,Success,21.9,Constant discontentment can ruin the richness of Life - Excerpt from Sri Siddheshwar Swamiji's talk.,06:50,public,1/10/2021,44.6952373250526,30540,518,27,0,16,1,#Dharma #KannadaPravachana #SiddeshwarSwamiji This is an excerpt from the Pravachan series held at Kodekalli in 2013
WASmZMB1hLM,Other,21.9,ಗಳಿಸಿದರೆ ಸಂಪತ್ತನ್ನು ಹೇಗೆ ಗಳಿಸಬೇಕು?,15:58,public,12/12/2022,57.2305720232852,552976,5K,97,2,18,0,BOOKS ARE  AVAILABLE IN ONLINE (AMEZON & WEBSITE) LINKS ARE  GIVEN BELOW WEBSITE  - https://www.jnanayogashrama.org AMAZON - https://amzn.eu/d/cJtQoa3
t1zgz4DlXCc,Other,21.89,ಏನು ಮಾಡಿದರೆ ಜಗತ್ತು ಸುಂದರವಾಗುತ್ತದೆ? - What makes the world beautiful?,14:15,public,8/13/2023,44.7030248361664,30595,451,25,4,5,1,#https://instagram.com/jnanayogashrama?igshid=ZDdkNTZiNTM= #https://www.facebook.com/jnanayogashrama?mibextid=ZbWKwL # https://amzn.eu/d/j5QXHyw #https://www.jnanayogashrama.org/mdsmall/mdsm_index.php
R87eVWkTrOM,Other,21.89,ಕಾಲ ಎಂಬ ಜಾಲದಿಂದ ಪಾರಾಗುವುದು ಹೇಗೆ?,27:50,public,2/14/2024,57.0831673571698,534460,4.8K,191,4,5,0,#https://amzn.eu/d/j5QXHyw #https://www.jnanayogashrama.org/mdsmall/mdsm_index.php #https://instagram.com/jnanayogashrama?igshid=ZDdkNTZiNTM= #https://www.facebook.com/jnanayogashrama?mibextid=ZbWKwL ​
bNePNqnExzU,Mind,21.88,ಇನ್ನೊಬ್ಬರ ಮನಸ್ಸಿನಲ್ಲಿ  ಏನಿದೆ ಎಂದು ತಿಳಿದುಕೊಳ್ಳುವುದು ಹೇಗೆ? - How to know what is on another's mind? -,23:18,public,10/7/2023,57.0645260436121,532163,5K,183,4,5,0,#https://instagram.com/jnanayogashrama?igshid=ZDdkNTZiNTM= #https://www.facebook.com/jnanayogashrama?mibextid=ZbWKwL # https://amzn.eu/d/j5QXHyw #https://www.jnanayogashrama.org/mdsmall/mdsm_index.php
YL3yEqr4qIA,Other,21.87,ಹೇಗಿದೆ ನಮ್ಮ ಮನಸ್ಸಿನ ಭಾವಸಾಮರ್ಥ್ಯ,17:56,public,9/11/2021,44.5758372739945,29709,552,31,0,0,1,
nfL5inzyS1U,Other,21.86,ನಾವು ಇನ್ನೊಬ್ಬರ ಬಗ್ಗೆ ಏಕೆ ಚಿಂತೆ ಮಾಡಬಾರದು?,11:44,public,1/16/2025,56.7221948723298,491693,6.8K,227,2,21,0,ಪೂಜ್ಯರ ಪ್ರವಚನದ ಪುಸ್ತಕಗಳು ಈಗ Amazon & Website ನಲ್ಲಿ ಲಭ್ಯವಿರುತ್ತವೆ. ತಾವು ಕೆಳಗಡೆ ಕೊಟ್ಟಿರುವ ಲಿಂಕ್ ಮುಖಾಂತರ ಖರೀದಿಸಬಹದು? Amazon : https://amzn.in/d/98q8EXK Website : https://www.jnanayogashrama.org/books_kannada.php
nRPaD7eRmsM,Other,21.85,ಇರುವುದರಲ್ಲಿಯೇ ಸ್ವರ್ಗ ಕಾಣುವುದು ಹೇಗೆ?,12:09,public,4/21/2022,44.5438146058473,29490,547,25,0,0,1,
WCl02lPTGwU,Other,21.85,Live-ಪೂಜ್ಯ ಶ್ರೀ ಸಿದ್ಧೇಶ್ವರ ಸ್ವಾಮೀಜಿಯವರ ಆಧ್ಯಾತ್ಮಿಕ ಪ್ರವಚನ(22-03--2022)  ನಿಪ್ಪಾಣಿ.,56:08,public,3/22/2022,44.4402914806534,28793,528,47,0,7,1,Live-ಪೂಜ್ಯ ಶ್ರೀ ಸಿದ್ಧೇಶ್ವರ ಸ್ವಾಮೀಜಿಯವರ ಆಧ್ಯಾತ್ಮಿಕ ಪ್ರವಚನ(22-03--2022)  ನಿಪ್ಪಾಣಿ.
wrf9lMx4A_c,Other,21.82,Live-Special Program,01:02:19,public,7/3/2022,44.4223666589029,28674,488,38,0,4,1,Place : Jnanayogashrama Vijayapur
8rP1xts52gM,Other,21.81,ಶರೀರದ ಭಾಗಗಳನ್ನು ಹೇಗೆ ಬಳಸಿದರೆ ನಾವು ಆನಂದವನ್ನು ಅನುಭವಿಸಬಹುದು?,27:58,public,3/9/2026,44.4853021173525,29094,466,24,2,21,1,ಪೂಜ್ಯರ ಪ್ರವಚನದ ಪುಸ್ತಕಗಳು ಈಗ Amazon & Website ನಲ್ಲಿ ಲಭ್ಯವಿರುತ್ತವೆ. ತಾವು ಕೆಳಗಡೆ ಕೊಟ್ಟಿರುವ ಲಿಂಕ್ ಮುಖಾಂತರ ಖರೀದಿಸಬಹದು Amazon : https://amzn.in/d/98q8EXK Website : https://www.jnanayogashrama.org/books_kannada.php
bJj4c0ujSYs,Other,21.81,ನಾವೆಲ್ಲರೂ ಎಂತಹ ಪ್ರಾರ್ಥನೆ ಮಾಡಬೇಕಾಗಿದೆ?,17:02,public,12/2/2021,44.4809858643577,29065,498,23,0,0,1,
qN8xGeJwtaI,Other,21.79,What happens when we get caught in bad company? Listen to Sri Siddheshwar Swamiji's take on this.,14:30,public,4/4/2021,44.43367246211,28749,516,17,0,0,1,
WoIAmetZJ2w,Life,21.78,How to play this instrument called life? Listen to this soothing talk by Sri Siddheshwar Swamiji.,16:37,public,2/21/2021,44.4768143593212,29037,347,19,0,2,1,#SiddheshwarSwamiji #KannadaPravachanas
Csscv7eQmiU,Other,21.78,ಜೀವನದಲ್ಲಿ ನಾವು ಯಾವಾಗ ದೊಡ್ಡವರಾಗುತ್ತೇವೆ?,19:45,public,4/19/2023,57.1170703390025,538663,4.8K,120,0,0,0,
4nvvA_oFECU,Other,21.78,ಆನಂದವಾಗಿ ಬದುಕುವುದು ಹೇಗೆ?,30:56,public,8/13/2025,44.316943721765,27984,524,30,2,21,1,ಪೂಜ್ಯರ ಪ್ರವಚನದ ಪುಸ್ತಕಗಳು ಈಗ Amazon & Website ನಲ್ಲಿ ಲಭ್ಯವಿರುತ್ತವೆ. ತಾವು ಕೆಳಗಡೆ ಕೊಟ್ಟಿರುವ ಲಿಂಕ್ ಮುಖಾಂತರ ಖರೀದಿಸಬಹದು? Amazon : https://amzn.in/d/98q8EXK Website : https://www.jnanayogashrama.org/books_kannada.php
RiFdns7jcfU,Other,21.76,ಯಾವುದನ್ನು ಪ್ರೀತಿಸಿದರೆ ನಾವು ಜೀವನದಲ್ಲಿ ಜಯಶಾಲಿ ಆಗುತ್ತೇವೆ?,19:03,public,6/3/2026,44.2866788969239,27789,499,31,2,21,1,ಪೂಜ್ಯರ ಪ್ರವಚನದ ಪುಸ್ತಕಗಳು ಈಗ Amazon & Website ನಲ್ಲಿ ಲಭ್ಯವಿರುತ್ತವೆ. ತಾವು ಕೆಳಗಡೆ ಕೊಟ್ಟಿರುವ ಲಿಂಕ್ ಮುಖಾಂತರ ಖರೀದಿಸಬಹದು Amazon : https://amzn.in/d/98q8EXK Website : https://www.jnanayogashrama.org/books_kannada.php
m6xL_lECgfo,Other,21.74,ಮನುಷ್ಯನ ಹಣ ಗಳಿಸುವ ನೀತಿ ಹೇಗಿದ್ದರೆ ಆತ ಸಂತೋಷವಾಗಿ ಬದುಕಬಲ್ಲ?,21:21,public,5/12/2025,44.2221883175004,27378,506,31,4,9,1,#siddheshwarswamiji   #jnanayogi  #kannadapravachan #motivationalvideo #SiritualTalks #https://amzn.eu/d/j5QXHyw #https://www.jnanayogashrama.org/mdsmall/mdsm_index.php #https://instagram.com/jnanayogashrama?igshid=ZDdkNTZiNTM= #https://www.facebook.com/jnanayogashrama?mibextid=ZbWKwL
bJlf3IKW3RA,Other,21.74,Kena Upanishad Pravachan - Part 2 by Pujya Sri Siddheshwar Swamiji (Kannada),14:59,public,1/7/2021,44.239700414172,27489,496,28,-,-,1,#SiddeshwarSwamiji #KannadaPravachana #Upanishads #Dharma
xZd7Y_tBIAw,Other,21.73,ನಮ್ಮ ಮಾತು ಹೇಗಿರಬೇಕು?,00:59,public,10/28/2022,56.0631726919819,422246,13K,55,0,0,0,
-VA2KX7sVAM,Mind,21.69,Listen to Sri Siddheshwar Swamiji talk about the tricks and plays of our mind!,16:37,public,10/23/2021,44.1507798281671,26930,437,21,0,0,1,
6tC2ytwbgiM,Other,21.68,"Live-Sri Siddheshwar Swamiji's English Pravachan  (06-03-2022) at Samadhi math, Nippani.",52:06,public,3/6/2022,44.0460210001323,26286,421,36,0,10,1,"Live-Sri Siddheshwar Swamiji's English Pravachan  (06-03-2022) at Samadhi math, Nippani."
M2406KvfRPU,Other,21.66,ಎಲ್ಲವೂ ಹೋದ ಬಳಿಕ ಕೊನೆಗೆ ಉಳಿಯುದಾದರೂ ಏನು?,24:00,public,5/18/2023,56.9849743091458,522471,4.2K,178,0,0,0,
QwFr3v-lJ7U,Life,21.66,"To achieve anything in life, these 4 things are necessary- Important talk by Sri Siddheshwar Swamiji",11:05,public,5/22/2021,44.0458563433777,26285,496,20,0,0,1,
VgDFIZRklMw,Other,21.64,ಏಕೆ ನಮ್ಮ ಜೀವನ ಹೀಗಾಗಿದೆ?,22:44,public,4/30/2026,43.939844876594,25649,469,30,2,21,1,ಪೂಜ್ಯರ ಪ್ರವಚನದ ಪುಸ್ತಕಗಳು ಈಗ Amazon & Website ನಲ್ಲಿ ಲಭ್ಯವಿರುತ್ತವೆ. ತಾವು ಕೆಳಗಡೆ ಕೊಟ್ಟಿರುವ ಲಿಂಕ್ ಮುಖಾಂತರ ಖರೀದಿಸಬಹದು Amazon : https://amzn.in/d/98q8EXK Website : https://www.jnanayogashrama.org/books_kannada.php
o5BscKpcIps,Other,21.63,ಸತ್ಸಂಗದ ಮಹತ್ವ- ಶ್ರೀ ಸಿದ್ಧೇಶ್ವರ ಸ್ವಾಮಿಜಿ Sri Siddheshwar Swamiji on 'Importance of Satsang' (Kannada),13:07,public,11/19/2020,44.0465149328145,26289,360,19,0,64,1,"A man should know how to choose the right company in his life. If he does not have a choice regarding his surrounding, he must learn from a flower as to how he should bloom into something beatiful despite questionable surroundings.  This clip has been taken Shri Siddeshwar Swamiji's lecture serier 'Baduku Aradhane' which was delivered in Bailahongal, Belagavi district in the year 2012."
Oy2Mr70BlFQ,Mind,21.63,What can we achieve by using the strengths of our mind? Empowering talk by Sri Siddheshwar Swamiji,12:33,public,4/23/2021,43.9686041405837,25820,467,22,0,0,1,
bPl6VzYm6kE,Peace,21.62,4 steps to attain the ultimate peace in your life - Soothing talk by Sri Siddheshwar Swamiji,09:42,public,5/17/2021,43.9454098111842,25682,448,21,0,0,1,
anD-ZBM4vOs,Other,21.61,ಜೀವನವನ್ನು ಯಾವುದರಿಂದ ಕಟ್ಟಿದರೆ ನಾವು ಸಂತೋಷವಾಗಿ ಇರಬಹುದು?,16:50,public,3/15/2026,43.8931900372499,25374,413,27,2,21,1,ಪೂಜ್ಯರ ಪ್ರವಚನದ ಪುಸ್ತಕಗಳು ಈಗ Amazon & Website ನಲ್ಲಿ ಲಭ್ಯವಿರುತ್ತವೆ. ತಾವು ಕೆಳಗಡೆ ಕೊಟ್ಟಿರುವ ಲಿಂಕ್ ಮುಖಾಂತರ ಖರೀದಿಸಬಹದು Amazon : https://amzn.in/d/98q8EXK Website : https://www.jnanayogashrama.org/books_kannada.php
fB3jN8wAfmY,Other,21.57,ನಾವೆಲ್ಲಾ ಎಂತಹ ಜೀವನವನ್ನು ಸಾಗಿಸಬೇಕಾಗಿದೆ?,10:56,public,12/22/2021,43.8430943116616,25082,399,19,0,0,1,
IBL_bIVV9pE,Other,21.54,ನಮ್ಮ ಬದುಕೆಲ್ಲಾ ಹೇಗಾಗಿದೆ?,10:56,public,4/30/2022,43.7067184635063,24304,405,24,0,0,1,
sQaqw0HeNYg,Other,21.53,What is the kind of Maya that we should all overcome? Talk by Sri Siddheshwar Swamiji.,10:32,public,10/25/2021,43.7473081294279,24533,452,13,0,0,1,
KPvkrAKrEb4,Other,21.51,ಭಕ್ತ ಸಿದ್ಧಿಪುರುಷನಾಗುವುದು ಹೇಗೆ?,09:22,public,4/13/2022,43.6542236073706,24011,412,20,0,0,1,
ZUB72W5ipNw,Other,21.5,ಗೃಹಸ್ಥನಾದವನು ಮನೆಯಲ್ಲಿ ಸುಖದ ದೀಪ ಉರಿಯಬೇಕಾದರೆ ಏನು ಮಾಡಬೇಕು?,25:22,public,3/26/2024,56.7674831821713,496865,4.6K,196,2,21,0,ಪೂಜ್ಯರ ಪ್ರವಚನದ ಪುಸ್ತಕಗಳು ಈಗ Amazon & Website ನಲ್ಲಿ ಲಭ್ಯವಿರುತ್ತವೆ. ತಾವು ಕೆಳಗಡೆ ಕೊಟ್ಟಿರುವ ಲಿಂಕ್ ಮುಖಾಂತರ ಖರೀದಿಸಬಹದು? Amazon : https://amzn.in/d/98q8EXK Website : https://www.jnanayogashrama.org/books_kannada.php
GNsXnbXKUtI,Other,21.5,Live-ಪರಮ ಪೂಜ್ಯ ಶ್ರೀ ಸಿದ್ಧೇಶ್ವರ ಸ್ವಾಮೀಜಿಯವರ ಆಧ್ಯಾತ್ಮಿಕ ಪ್ರವಚನ (04-05-2022),59:18,public,5/4/2022,43.559830000125,23493,406,31,0,4,1,ಸ್ಥಳ : ಜ್ಞಾನಯೋಗಾಶ್ರಮ ವಿಜಯಪುರ.
yL40fFYXFp0,Other,21.49,Kena Upanishad Pravachan - Part 3 by Pujya Sri Siddheshwar Swamiji (Kannada),12:14,public,1/14/2021,43.5605668522438,23497,401,23,0,4,1,#SiddeshwarSwamiji #KannadaPravachana #Upanishads #Dharma
5dhdgH8W5UM,Other,21.47,ನಮಗೆ ಯಾವುದು ನಿಜವಾದ ಸಂತೋಷ ಕೊಡುತ್ತದೆ?,24:50,public,3/20/2026,43.5094274459534,23221,402,22,2,21,1,ಪೂಜ್ಯರ ಪ್ರವಚನದ ಪುಸ್ತಕಗಳು ಈಗ Amazon & Website ನಲ್ಲಿ ಲಭ್ಯವಿರುತ್ತವೆ. ತಾವು ಕೆಳಗಡೆ ಕೊಟ್ಟಿರುವ ಲಿಂಕ್ ಮುಖಾಂತರ ಖರೀದಿಸಬಹದು Amazon : https://amzn.in/d/98q8EXK Website : https://www.jnanayogashrama.org/books_kannada.php
9MeDmei2eRE,Other,21.44,ನಮ್ಮ ಬದುಕಿನ ಉದ್ದೇಶವಾದರೂ ಏನು?,12:03,public,11/10/2021,43.4868156935723,23100,392,12,0,0,1,
nh3all5Q1BI,Other,21.44,"#Pujya Sri Siddheshwar Swamiji's English pravachan (18-12-2021) at Mahamane, in bhalki.",48:29,public,12/18/2021,43.4704843400519,23013,327,22,0,0,1,
N9kkGjFoEj0,Other,21.43,Sri Siddheshwar Swamiji English discourse - Video 2,49:18,public,7/4/2020,43.3942115341742,22611,397,25,-,-,1,Sri Siddheshwar Swamiji English discourse - Video 2
nWHI2HZTCDs,Other,21.4,ನಮ್ಮ ಜೀವನವನ್ನು ನಾವು ಯಾವುದರಿಂದ ಕಟ್ಟಿಕೊಳ್ಳಬೇಕಿದೆ?,28:57,public,4/4/2026,43.2942969319331,22095,373,28,2,21,1,ಪೂಜ್ಯರ ಪ್ರವಚನದ ಪುಸ್ತಕಗಳು ಈಗ Amazon & Website ನಲ್ಲಿ ಲಭ್ಯವಿರುತ್ತವೆ. ತಾವು ಕೆಳಗಡೆ ಕೊಟ್ಟಿರುವ ಲಿಂಕ್ ಮುಖಾಂತರ ಖರೀದಿಸಬಹದು Amazon : https://amzn.in/d/98q8EXK Website : https://www.jnanayogashrama.org/books_kannada.php
ZcpzU5QoKz4,Life,21.36,The Goal of our life is to become Universal - Both in Values and Being - By Sri Siddheshwar Swamiji.,12:57,public,1/3/2021,43.1896136672909,21567,330,25,0,20,1,"#SiddeshwarSwamiji #Spirituality #Aurobindo This video is an excerpt from the #NitiShastra series that was held in Jnanayogashrama, Vijayapur on 10-06-17."
v_a8jK-a-Hg,Other,21.35,ದೇವರನ್ನು ಎಂದಿಗೂ ನಾಶಮಾಡಲು ಸಾಧ್ಯವಿಲ್ಲ ಏಕೆ?,20:03,public,1/10/2026,43.1314281989279,21279,378,30,2,21,1,ಪೂಜ್ಯರ ಪ್ರವಚನದ ಪುಸ್ತಕಗಳು ಈಗ Amazon & Website ನಲ್ಲಿ ಲಭ್ಯವಿರುತ್ತವೆ. ತಾವು ಕೆಳಗಡೆ ಕೊಟ್ಟಿರುವ ಲಿಂಕ್ ಮುಖಾಂತರ ಖರೀದಿಸಬಹದು Amazon : https://amzn.in/d/98q8EXK Website : https://www.jnanayogashrama.org/books_kannada.php
SK4FUnKKKgw,Mind,21.33,To what extent is our life is dependent on the mind? Listen to Sri Siddheshwar Swamiji to know more.,14:13,public,10/16/2021,43.1369164372264,21306,400,15,0,0,1,
zjZaonsFXMQ,Other,21.26,Live:- ನಿಪ್ಪಾಣಿ ಸಮಾಧಿ ಮಠದಲ್ಲಿ  ಯುಗಾದಿ ಹಬ್ಬವನ್ನು ಧಾರ್ಮಿಕ ದಿನವನ್ನಾಗಿ ಆಚರಿಸುತ್ತಿರುವ ಕಾರ್ಯಕ್ರಮ.,02:11:28,public,4/2/2022,42.9708532898747,20504,334,15,0,12,1,Live:- ನಿಪ್ಪಾಣಿ ಶ್ರೀ ವಿರುಪಾಕ್ಷಲಿಂಗ ಸಮಾಧಿ ಮಠದಲ್ಲಿ  ಯುಗಾದಿ ಹಬ್ಬವನ್ನು ಧಾರ್ಮಿಕ ದಿನವನ್ನಾಗಿ ಆಚರಿಸುತ್ತಿರುವ ಕಾರ್ಯಕ್ರಮ.
O2b8HS-Wl8s,Other,21.24,ಜೀವನದಲ್ಲಿ ತಾಳ್ಮೆ ಎಂಬುದು ಎಷ್ಟು ಅವಶ್ಯವಾದ ಸಂಗತಿ?,22:24,public,6/21/2025,56.5377379608164,471178,4.6K,193,2,21,0,ಪೂಜ್ಯರ ಪ್ರವಚನದ ಪುಸ್ತಕಗಳು ಈಗ Amazon & Website ನಲ್ಲಿ ಲಭ್ಯವಿರುತ್ತವೆ. ತಾವು ಕೆಳಗಡೆ ಕೊಟ್ಟಿರುವ ಲಿಂಕ್ ಮುಖಾಂತರ ಖರೀದಿಸಬಹದು? Amazon : https://amzn.in/d/98q8EXK Website : https://www.jnanayogashrama.org/books_kannada.php
DU6N7p-GmmI,Life,21.22,How to lead a devotional life as per Sharana Urilingapeddi? - Narrated by Sri Siddheshwar Swamiji.,06:28,public,12/25/2020,42.849265059072,19936,267,17,0,4,1,#Sharanas #Vachanas #SiddeshwarSwamiji #KannadaPravachana
ePdZbnaG-E4,Other,21.1,Pujya Sri Siddheshwar Swamiji succintly explains 'What is Self-Knowledge',07:21,public,12/22/2020,42.4299104617797,18095,315,23,0,7,1,#Atman #Soul #SelfKnowledge #Awareness #Consciousness #Advaita #SelfRealization
P0mUyKD7KrA,Other,21.09,ಎಲ್ಲವುಗಳಲ್ಲಿ ಶಕ್ತಿ ತುಂಬಿದ ಯಾರವನು?,11:46,public,1/15/2022,42.3921942758197,17938,320,25,0,0,1,
CNWL6mknZNI,Other,21.07,"Live-Spiritual Discourse by Jnanayogi Shri Siddheshwar Swamiji at Samdhi Math, Nipani in English",55:54,public,3/13/2022,42.3373185203447,17712,307,23,0,13,1,"Live-Spiritual Discourse by Jnanayogi Shri Siddheshwar Swamiji at Samdhi Math, Nipani in English"
TIVoPzS5eOo,Life,21.05,Where can we find the real pleasure in our life? Illuminating talk by Sri Siddheshwar Swamiji,18:35,public,4/12/2021,56.5271062801584,470022,4.5K,117,0,0,0,
4Po1p0c3lVY,Other,20.87,ನಾವು ಯೋಗಿ ಆಗಬೇಕಾದರೆ ಏನು ಮಾಡಬೇಕು? - What should we do to become a Yogi?,31:51,public,9/14/2023,56.3825431007786,454582,4K,140,4,5,0,#https://instagram.com/jnanayogashrama?igshid=ZDdkNTZiNTM= #https://www.facebook.com/jnanayogashrama?mibextid=ZbWKwL # https://amzn.eu/d/j5QXHyw #https://www.jnanayogashrama.org/mdsmall/mdsm_index.php
1lkp5BLkDZc,Other,20.84,LIVE - ವಿಶೇಷ ಕಾರ್ಯಕ್ರಮ @ ಕಾಖಂಡಕಿ. ಜಿ|| ವಿಜಯಪುರ. (12-11-2022),01:32:32,public,11/12/2022,41.7085384111916,15317,259,14,0,11,1,"ಸ್ಥಳ :- ಶ್ರೀ ಗುರುದೇವಾಶ್ರಮ, ಕಾಖಂಡಕಿ.  # jnanayogashram vijayapura  # Siddheshwara Swamiji"
uFdonkUuiAA,Other,20.83,ಯಾವುದನ್ನು ತಲೆಯಿಂದ ತೆಗೆದು ಹಾಕಿದರೆ ನಾವು ದುಃಖದಿಂದ ಪಾರಾಗಬಹುದು?,23:26,public,9/30/2025,56.3976361362919,456170,3.7K,132,2,21,0,ಪೂಜ್ಯರ ಪ್ರವಚನದ ಪುಸ್ತಕಗಳು ಈಗ Amazon & Website ನಲ್ಲಿ ಲಭ್ಯವಿರುತ್ತವೆ. ತಾವು ಕೆಳಗಡೆ ಕೊಟ್ಟಿರುವ ಲಿಂಕ್ ಮುಖಾಂತರ ಖರೀದಿಸಬಹದು Amazon : https://amzn.in/d/98q8EXK Website : https://www.jnanayogashrama.org/books_kannada.php
NgZQPeDiFZc,Other,20.81,Live-ಪೂಜ್ಯ ಶ್ರೀ ಸಿದ್ಧೇಶ್ವರ ಸ್ವಾಮೀಜಿಯವರ ಆಧ್ಯಾತ್ಮಿಕ ಪ್ರವಚನದ ನಿಮಿತ್ಯವಾಗಿ ವಿಶೇಷ ಕಾರ್ಯಕ್ರಮ(1-4-2022),01:22:12,public,4/1/2022,41.6590902823022,15143,261,10,0,9,1,Live-ಪೂಜ್ಯ ಶ್ರೀ ಸಿದ್ಧೇಶ್ವರ ಸ್ವಾಮೀಜಿಯವರ ಆಧ್ಯಾತ್ಮಿಕ ಪ್ರವಚನದ ನಿಮಿತ್ಯವಾಗಿ ವಿಶೇಷ ಕಾರ್ಯಕ್ರಮ(1-4-2022)
hWpyzmo7FVM,Other,20.8,How to live in this world of diversity? By Pujya Sri Siddheshwar Swamiji.,13:48,public,12/28/2020,41.6237915772049,15020,246,12,0,0,1,
1HWF2mR4uP8,Other,20.79,ಮನುಷ್ಯನ ಹತ್ತಿರ ಎಲ್ಲ ಇದ್ದರೂ ಏಕೆ ಸಂತೋಷ ಸಿಗುತ್ತಿಲ್ಲ?,10:48,public,4/2/2026,41.5146572415069,14646,272,18,2,21,1,ಪೂಜ್ಯರ ಪ್ರವಚನದ ಪುಸ್ತಕಗಳು ಈಗ Amazon & Website ನಲ್ಲಿ ಲಭ್ಯವಿರುತ್ತವೆ. ತಾವು ಕೆಳಗಡೆ ಕೊಟ್ಟಿರುವ ಲಿಂಕ್ ಮುಖಾಂತರ ಖರೀದಿಸಬಹದು Amazon : https://amzn.in/d/98q8EXK Website : https://www.jnanayogashrama.org/books_kannada.php
qOwIRUi4xTs,Other,20.68,ಎಂತಹದೇ ದುಃಖ ಬಂದರು  ಹೋಗಲಾಡಿಸುವ ಶಕ್ತಿ ಯಾವುದಕ್ಕಿದೆ?,17:28,public,10/29/2025,56.1199129743567,427818,4.1K,172,2,21,0,ಪೂಜ್ಯರ ಪ್ರವಚನದ ಪುಸ್ತಕಗಳು ಈಗ Amazon & Website ನಲ್ಲಿ ಲಭ್ಯವಿರುತ್ತವೆ. ತಾವು ಕೆಳಗಡೆ ಕೊಟ್ಟಿರುವ ಲಿಂಕ್ ಮುಖಾಂತರ ಖರೀದಿಸಬಹದು Amazon : https://amzn.in/d/98q8EXK Website : https://www.jnanayogashrama.org/books_kannada.php
BiFqs2UcPK0,Other,20.61,Live- ಪರಮ ಪೂಜ್ಯ ಶ್ರೀ ಸಿದ್ಧೇಶ್ವರ ಸ್ವಾಮಿಗಳವರ ಸಂಗ್ರಹಿಸಿರುವ ಆಧ್ಯಾತ್ಮಿಕ ಪ್ರವಚನದ ಧ್ವನಿ ಸುರುಳಿ (20-07-2023),49:56,public,7/20/2023,40.9973400849885,12996,239,14,0,2,1,ಜ್ಞಾನಯೋಗಾಶ್ರಮ ವಿಜಯಪುರ
l88jXFOtm9E,Other,20.54,Live- ಪರಮ ಪೂಜ್ಯ ಶ್ರೀ ಸಿದ್ಧೇಶ್ವರ ಸ್ವಾಮಿಗಳವರ ಸಂಗ್ರಹಿಸಿರುವ ಆಧ್ಯಾತ್ಮಿಕ ಪ್ರವಚನದ ಧ್ವನಿ ಸುರುಳಿ (31-07-2023),01:01:59,public,7/31/2023,40.7510113418108,12277,227,18,0,2,1,ಜ್ಞಾನಯೋಗಾಶ್ರಮ ವಿಜಯಪುರ
2x3GlGi7MF8,Other,20.51,ನಮ್ಮ ಜೀವನವನ್ನು ಯಾವುದರಲ್ಲಿ ಮರೆತಿದ್ದೇವೆ?,08:35,public,8/20/2022,40.7326405341809,12225,236,6,0,0,1,
SWAYb8XTNcs,Other,20.46,ಪ್ರತಿಯೊಬ್ಬರು ಪರಾವಲಂಬಿಗಳು ಹೇಗೆ?,10:38,public,11/29/2021,40.5728905129879,11782,207,9,0,0,1,
9lfrug5jgUc,Other,20.4,"ಶ್ರಾವಣ ಮಾಸದ 10ನೇ ದಿನದ ಪ್ರವಚನ 26-08-2023 ಪ್ರವಚನ : ಪೂಜ್ಯ ಶ್ರೀ ಶ್ರದ್ಧಾನಂದ ಸ್ವಾಮಿಗಳು ಗೀತಾಶ್ರಮ, ಸದಲಗಾ",01:31:54,public,8/28/2023,40.4024345637228,11327,159,10,0,0,1,
SOhHtoAckKk,Other,20.36,What are the limitations to Freedom? Listen to what Sri Siddheshwar Swamiji has to say on it.,11:25,public,12/15/2020,40.2760411542985,11001,153,11,0,4,1,#IndianSpirituality #Dharma #SiddeshwarSwamiji #KannadaPravachans
rVX1T3Sq8CY,Other,20.29,ಏನನ್ನಾದರೂ ಸಾಧಿಸಲು ಬದುಕಿನಲ್ಲಿ ಉತ್ಸಾಹ ಹೇಗಿರಬೇಕು?,19:41,public,1/11/2023,55.7231264418493,390341,4.7K,129,2,18,0,BOOKS ARE  AVAILABLE IN ONLINE (AMEZON & WEBSITE) LINKS ARE  GIVEN BELOW WEBSITE  - https://www.jnanayogashrama.org AMAZON - https://amzn.eu/d/cJtQoa3
HgoGHc3PjWs,Other,20.24,"ಶ್ರಾವಣ ಮಾಸದ 6ನೇ ದಿನದ ಪ್ರವಚನ 22-08-2023 ಪ್ರವಚನ : ಶ್ರೀಕೃಷ್ಣ ಮಹಾರಾಜರು, ಶಾಂತಿ ಕುಟೀರ, ಕನ್ನೂರ",01:33:48,public,8/24/2023,39.8121999758203,9883,156,20,0,0,1,
77TA-VcscqY,Other,20.23,ಎಂತಹದೇ ಕಷ್ಟಗಳು ಬಂದರು ಎದುರಿಸಿವುದು ಹೇಗೆ?,32:30,public,9/21/2024,55.6643173328474,385073,3.9K,180,2,21,0,ಪೂಜ್ಯರ ಪ್ರವಚನದ ಪುಸ್ತಕಗಳು ಈಗ Amazon & Website ನಲ್ಲಿ ಲಭ್ಯವಿರುತ್ತವೆ. ತಾವು ಕೆಳಗಡೆ ಕೊಟ್ಟಿರುವ ಲಿಂಕ್ ಮುಖಾಂತರ ಖರೀದಿಸಬಹದು? Amazon : https://amzn.in/d/98q8EXK Website : https://www.jnanayogashrama.org/books_kannada.php
DWjuWEb01Do,Other,20.11,ಯಾವುದನ್ನು ನಮ್ಮ ತಲೆಯಿಂದ ತೆಗೆದರೆ ನಾವು ನಿಶ್ಚಿಂತವಾಗಿ ಬಾಳಬಹುದು?,32:09,public,1/8/2025,55.5687673728689,376665,3.9K,168,2,21,0,ಪೂಜ್ಯರ ಪ್ರವಚನದ ಪುಸ್ತಕಗಳು ಈಗ Amazon & Website ನಲ್ಲಿ ಲಭ್ಯವಿರುತ್ತವೆ. ತಾವು ಕೆಳಗಡೆ ಕೊಟ್ಟಿರುವ ಲಿಂಕ್ ಮುಖಾಂತರ ಖರೀದಿಸಬಹದು? Amazon : https://amzn.in/d/98q8EXK Website : https://www.jnanayogashrama.org/books_kannada.php
n0qG8T8tqqI,Other,20.06,ಮನುಷ್ಯನಿಗೆ ಸಮಾಧಾನ ಸಿಗುವುದು ಯಾವಾಗ?,11:15,public,11/16/2022,55.7269390201206,390685,3.6K,97,2,18,0,BOOKS ARE  AVAILABLE IN ONLINE (AMEZON & WEBSITE) LINKS ARE  GIVEN BELOW WEBSITE  - https://www.jnanayogashrama.org AMAZON - https://amzn.eu/d/cJtQoa3
tPidefssFeI,Other,19.99,ಪ್ರಪಂಚದ ಎಲ್ಲ ಕಷ್ಟಗಳು ದೂರವಾಗುವುದು ಯಾವಾಗ?,15:21,public,5/3/2024,55.6036951936869,379717,3.6K,116,2,21,0,ಪೂಜ್ಯರ ಪ್ರವಚನದ ಪುಸ್ತಕಗಳು ಈಗ Amazon & Website ನಲ್ಲಿ ಲಭ್ಯವಿರುತ್ತವೆ. ತಾವು ಕೆಳಗಡೆ ಕೊಟ್ಟಿರುವ ಲಿಂಕ್ ಮುಖಾಂತರ ಖರೀದಿಸಬಹದು? Amazon : https://amzn.in/d/98q8EXK Website : https://www.jnanayogashrama.org/books_kannada.php
OBpRYtRKlkI,Other,19.88,Live-Sri Siddheshwar Swamiji's English Pravachan (04-07-2022),27:03,public,7/4/2022,38.7302415958991,7697,142,11,0,4,1,Place : Jnanayogashrama Vijayapur
k1iDG4sWSZY,Other,19.86,"ಶ್ರಾವಣ ಮಾಸದ4ನೇ ದಿನದ ಪ್ರವಚನ 20-08-2023ಪ್ರವಚನ : ಪೂಜ್ಯ ಶ್ರೀ ಯತೀಶ್ವರಾನಂದ ಸ್ವಾಮಿಗಳು, ಗುರುದೇವಾಶ್ರಮ, ಕಾಗವಾಡ",01:22:27,public,8/22/2023,38.7223621149559,7683,120,7,0,0,1,
WDZGz6oIABk,Other,19.81,ನಾವು ಶಾಂತರಾಗಿ ಸಮೃದ್ಧ ಜೀವನ ಸಾಗಿಸಲು ಏನು ಮಾಡಬೇಕು?-,24:47,public,12/21/2023,55.424338050062,364303,3.5K,120,4,15,0,What should we do to lead a calm and prosperous life? #https://amzn.eu/d/j5QXHyw #https://www.jnanayogashrama.org/mdsmall/mdsm_index.php #https://instagram.com/jnanayogashrama?igshid=ZDdkNTZiNTM= #https://www.facebook.com/jnanayogashrama?mibextid=ZbWKwL
bJoWNwpk1v8,Other,19.73,ಮನುಷ್ಯನ ಸರ್ವ ರೋಗಕ್ಕೂ ಔಷಧಿ  ಯಾವುದು? - What is the medicine for all human diseases?,10:19,public,4/8/2023,55.1946027282591,345470,4.1K,132,4,13,0,#Jnanayogashramavijayapur #https://instagram.com/jnanayogashrama?igshid=ZDdkNTZiNTM= #https://www.facebook.com/jnanayogashrama?mibextid=ZbWKwL #Kathamrutha (Tales told by Siddheshwar Swamiji in Kannada) https://amzn.eu/d/j5QXHyw #https://www.jnanayogashrama.org/mdsmall/mdsm_index.php
8kJ5OvJ1hwY,Other,19.72,"#ಪೂಜ್ಯ ಶ್ರೀ ಸಿದ್ಧೇಶ್ವರ ಸ್ವಾಮೀಜಿಯವರ ಆಧ್ಯಾತ್ಮಿಕ ಪ್ರವಚನ (01-12-2021) ಚನ್ನಬಸವಾಶ್ರಮ, ಭಾಲ್ಕಿ.",51:57,public,12/1/2021,55.3830832050342,360847,3.3K,109,0,9,0,"#ಪೂಜ್ಯ ಶ್ರೀ ಸಿದ್ಧೇಶ್ವರ ಸ್ವಾಮೀಜಿಯವರ ಆಧ್ಯಾತ್ಮಿಕ ಪ್ರವಚನ (01-12-2021) ಚನ್ನಬಸವಾಶ್ರಮ, ಭಾಲ್ಕಿ."
nVxPc5f0l1c,Other,19.6,ನಮ್ಮ ಬದುಕಿನ ಕೊನೆಯ ದಿನ ಯಾವಾಗ ಎಂದು ತಿಳಿಯುವುದು ಹೇಗೆ?,23:38,public,1/13/2024,55.1655782260211,343161,3.4K,134,4,4,0,#https://amzn.eu/d/j5QXHyw #https://www.jnanayogashrama.org/mdsmall/mdsm_index.php #https://instagram.com/jnanayogashrama?igshid=ZDdkNTZiNTM= #https://www.facebook.com/jnanayogashrama?mibextid=ZbWKwL
2EesE77Ig84,Other,19.55,ಮನಸ್ಸಿನಲ್ಲಿರುವ ದ್ವೇಷದ ಭಾವನೆಯನ್ನು ತೆಗೆಯುವುದು ಹೇಗೆ?,27:23,public,11/17/2024,55.0437333515087,333635,3.4K,158,2,21,0,ಪೂಜ್ಯರ ಪ್ರವಚನದ ಪುಸ್ತಕಗಳು ಈಗ Amazon & Website ನಲ್ಲಿ ಲಭ್ಯವಿರುತ್ತವೆ. ತಾವು ಕೆಳಗಡೆ ಕೊಟ್ಟಿರುವ ಲಿಂಕ್ ಮುಖಾಂತರ ಖರೀದಿಸಬಹದು? Amazon : https://amzn.in/d/98q8EXK Website : https://www.jnanayogashrama.org/books_kannada.php
JriQ9X3r9-I,Other,19.51,Live - ನೇರ ಪ್ರಸಾರ,10:55:55,public,1/3/2023,55.2165837563668,347229,4.2K,14,0,5,0,"ಸ್ಥಳ : ಸೈನಿಕ ಶಾಲೆ, ವಿಜಯಪುರ."
XcfO1DTnhOM,Other,19.51,ದೊಡ್ಡವನು ಎಂದು ಅನಿಸಿಕೊಳ್ಳಲು ಮೊದಲು ಏನು ಮಾಡಬೇಕು? - What to do first to feel like a grown up?,19:22,public,10/2/2023,55.2135537880493,346986,3.1K,95,4,5,0,#https://instagram.com/jnanayogashrama?igshid=ZDdkNTZiNTM= #https://www.facebook.com/jnanayogashrama?mibextid=ZbWKwL # https://amzn.eu/d/j5QXHyw #https://www.jnanayogashrama.org/mdsmall/mdsm_index.php
K_5thThgbrE,Other,19.42,ಶ್ರಾವಣ ಮಾಸದ 7ನೇ ದಿನದ ಪ್ರವಚನ 23-08-2023,01:27:44,public,8/25/2023,37.2709235852276,5494,98,8,0,9,1,"ಪ್ರವಚನ : ಪೂಜ್ಯ ಶ್ರೀ ಪ್ರಜ್ಞಾನಂದ ಸ್ವಾಮಿಗಳು, ಕಲ್ಲಯ್ಯಾರೂಢ ಗುರುದೇವಾಶ್ರಮ, ನಾಗಠಾಣ"
EUOOWnzWoU4,Mind,19.41,ಮನಸ್ಸೆಂಬ ಹಂಡೆ ತುಂಬುವುದು ಯಾವಾಗ? - When will the vessel of mind be filled?,21:06,public,8/14/2023,55.1069642596766,338545,3.1K,91,4,12,0,#https://instagram.com/jnanayogashrama?igshid=ZDdkNTZiNTM= #https://www.facebook.com/jnanayogashrama?mibextid=ZbWKwL #Kathamrutha (Tales told by Siddheshwar Swamiji in Kannada) https://amzn.eu/d/j5QXHyw #https://www.jnanayogashrama.org/mdsmall/mdsm_index.php
5OW_-mQfL70,Other,19.38,Inauguration of KSS Sanskrit Pathashala & Hostel Building and Book Release,01:33:20,public,6/20/2022,55.0775885839828,336255,3.1K,87,0,9,0,Hon'ble Sri Narendra Modi ji Prime Minister of India
HSLK3eWagwY,Other,19.38,ನಾನೇಕೆ ಬಡವನು?,15:49,public,6/19/2022,55.0311837250386,332669,3.4K,88,0,0,0,
roQDJrPG-Lc,Other,19.37,ಗ್ರಾಮ ಸಂಸ್ಕೃತಿ ಗೋಷ್ಠಿಯ ಕುರಿತು ಶ್ರೀ ಸಿದ್ದಪ್ಪಾ  ಬಿದರಿಯವರಿಂದ ವರಿಂದ ಅನುಭಾವದ ಮಾತುಗಳು,55:49,public,1/8/2025,55.2790645643976,352278,2.1K,72,0,22,0,ಪೂಜ್ಯ ಶ್ರೀ ಸಿದ್ಧೇಶ್ವರ ಮಹಾಸ್ವಾಮಿಗಳವರ ಗುರುನಮನ ಮಹೋತ್ಸವ-2025  27-12-2024 ರಂದು ನಡೆದ ಗ್ರಾಮ ಸಂಸ್ಕೃತಿ ಗೋಷ್ಠಿಯ ಕುರಿತು ಶ್ರೀ ಸಿದ್ದಪ್ಪಾ  ಬಿದರಿಯವರಿಂದ ಅನುಭಾವದ ಮಾತುಗಳು ಸ್ಥಳ : ಜ್ಞಾನಯೋಗಾಶ್ರಮ ವಿಜಯಪುರ
ruf1wT4CSAA,Other,19.23,ಆಂತರಿಕ ಸಂತೋಷವನ್ನು ಯಾವುದರಿಂದ ಹೆಚ್ಚಿಸಬಹುದು?,17:02,public,4/29/2023,54.7744281965366,313508,3.4K,115,0,0,0,
sgTTd51NuNU,Other,19.2,LIVE - ಪೂಜ್ಯ ಶ್ರೀ ಸಿದ್ಧೇಶ್ವರ ಸ್ವಾಮೀಜಿಯವರ ಆಧ್ಯಾತ್ಮಿಕ  ಪ್ರವಚನ ಕಾಖಂಡಕಿ (19-10-2022) #jnanayogashrama,35:40,public,10/19/2022,54.9256703711939,324657,2.6K,100,0,11,0,"ಸ್ಥಳ :- ಶ್ರೀ ಗುರುದೇವಾಶ್ರಮ, ಕಾಖಂಡಕಿ.  # jnanayogashram vijayapura  # Siddheshwara Swamiji"
b2ME6Y5PgLU,Other,19.12,Live- ವೇದಾಂತಕೇಸರಿ ಪೂಜ್ಯ ಶ್ರೀ ಮಲ್ಲಿಕಾರ್ಜುನ ಮಹಾಶಿವಯೋಗಿಗಳವರ 121 ನೆಯ ಜಯಂತ್ಯೋತ್ಸವ - ಪೂಜ್ಯರಿಂದ ಆಶೀರ್ವಚನ,01:54:07,public,11/9/2023,36.3294919628364,4420,82,3,0,4,1,ಸ್ಥಳ : ಜ್ಞಾನಯೋಗಾಶ್ರಮ ವಿಜಯಪುರ.
2n3LqooSVQI,Other,19.12,ಮನುಷ್ಯ ಅವಶ್ಯವಾಗಿ ತಿಳಿದುಕೊಳ್ಳಬೇಕಾದ  ಬಹಳ ೨ ಅಂಶಗಳು.,19:54,public,12/24/2022,54.6897093656118,307431,3.3K,103,2,18,0,BOOKS ARE  AVAILABLE IN ONLINE (AMEZON & WEBSITE) LINKS ARE  GIVEN BELOW WEBSITE  - https://www.jnanayogashrama.org AMAZON - https://amzn.eu/d/cJtQoa3
Z2IUCQKohj0,Other,19.11,ಯಾವುದನ್ನು ಬಿಟ್ಟರೆ ಜೀವನದಲ್ಲಿ ಸಂತೋಷ ಕಾಣಬಹುದು?,18:18,public,3/13/2023,54.7710998296873,313267,3.1K,81,2,18,0,BOOKS ARE  AVAILABLE IN ONLINE (AMAZON & WEBSITE) LINKS ARE  GIVEN BELOW WEBSITE  - https://www.jnanayogashrama.org AMAZON - https://amzn.eu/d/cJtQoa3
89WQzybJnsE,Other,19.09,ಮನುಷ್ಯನೇ ಮರಣದ ಬಗ್ಗೆ ಏಕೆ ಚಿಂತಿಸುತ್ತಿಯಾ?,00:51,public,12/15/2022,53.4842978565396,232698,9.7K,54,0,0,0,
qJmdIdpXxYo,Other,19.07,Live-ಪೂಜ್ಯ ಶ್ರೀ ಸಿದ್ಧೇಶ್ವರ ಸ್ವಾಮೀಜಿಯವರ ಆಧ್ಯಾತ್ಮಿಕ ಪ್ರವಚನ(04-04-2022)  ನಿಪ್ಪಾಣಿ.,01:24:45,public,4/4/2022,54.7044663236882,308481,2.8K,111,0,7,0,Live-ಪೂಜ್ಯ ಶ್ರೀ ಸಿದ್ಧೇಶ್ವರ ಸ್ವಾಮೀಜಿಯವರ ಆಧ್ಯಾತ್ಮಿಕ ಪ್ರವಚನ(04-04-2022)  ನಿಪ್ಪಾಣಿ.
WNFRPOIWjtY,Other,19.02,LIVE- ಪೂಜ್ಯ ಶ್ರೀ ಮಲ್ಲಿಕಾರ್ಜುನ ಶಿವಯೋಗಿಗಳ ಪಲ್ಲಕ್ಕಿ ಉತ್ಸವ.,36:33,public,10/20/2022,36.0084450468212,4104,40,3,0,4,1,ಸ್ಥಳ :-  ಜ್ಞಾನಯೋಗಾಶ್ರಮ ವಿಜಯಪುರ.
-o2aWSNlJqk,Other,19.01,ಜ್ಞಾನಯೋಗಾಶ್ರಮ ವಿಜಯಪುರದಲ್ಲಿ ಹುಣ್ಣಿಮೆ ನಿಮಿತ್ಯವಾಗಿ  ಶ್ರೀ ಮಲ್ಲಿಕಾರ್ಜುನ ಶಿವಯೋಗಿಗಳ ಗದ್ದುಗೆಗೆ  ಪೂಜೆ.,24:17,public,4/16/2022,35.9489807240829,4048,73,6,0,0,1,
Ahg6G-TR-lw,Other,18.94,LIVE -ವೇದಾಂತ ಕೇಸರಿ ಪೂಜ್ಯ ಶ್ರೀ ಮಲ್ಲಿಕಾರ್ಜುನ ಶಿವಯೋಗಿಗಳ 120ನೇ ಜಯಂತ್ಯೋತ್ಸವದ ಅಂಗವಾಗಿ  ಪ್ರವಚನ (19-10-2022),02:04:35,public,10/19/2022,35.7364225688872,3854,68,2,0,11,1,"ಪೂಜ್ಯ ಶ್ರೀ ಮಹೇಶಾನಂದ ಸ್ವಾಮೀಜಿಗಳು         (ಭಕ್ತಿ ಯೋಗಾಶ್ರಮ, ಇಚಲಕರಂಜಿ)  ಸ್ಥಳ :-  ಜ್ಞಾನಯೋಗಾಶ್ರಮ ವಿಜಯಪುರ."
QZxQVh_Uwzk,Other,18.79,Live:- ಜ್ಞಾನಯೋಗಾಶ್ರಮ ವಿಜಯಪುರದಲ್ಲಿ ಹುಣ್ಣಿಮೆ ನಿಮಿತ್ಯವಾಗಿ ಗುರು ಪಾದುಕಾ ಉತ್ಸವ.,48:10,public,4/16/2022,35.2458365302109,3441,60,4,0,0,1,
FOz11xL4SaU,Other,18.79,ಯಾವುದೇ ಬಂಧನದಲ್ಲಿ ಸಿಲುಕಿಕೊಂಡಾಗ ಪಾರಾಗುವುದು ಹೇಗೆ?,23:29,public,7/11/2024,54.1747363733428,272944,3.3K,138,2,21,0,ಪೂಜ್ಯರ ಪ್ರವಚನದ ಪುಸ್ತಕಗಳು ಈಗ Amazon & Website ನಲ್ಲಿ ಲಭ್ಯವಿರುತ್ತವೆ. ತಾವು ಕೆಳಗಡೆ ಕೊಟ್ಟಿರುವ ಲಿಂಕ್ ಮುಖಾಂತರ ಖರೀದಿಸಬಹದು? Amazon : https://amzn.in/d/98q8EXK Website : https://www.jnanayogashrama.org/books_kannada.php
oh9k1cW5r1A,Other,18.74,ಪ್ರತಿಯೊಬ್ಬರೂ ವಿದ್ಯಾರ್ಥಿಯಾಗಿದ್ದಾಗ ಏನನ್ನು ಕಲಿಯಬೇಕು?,18:46,public,12/14/2022,54.096879908651,268078,4K,93,0,0,0,
Ked6oonbQA4,Other,18.72,ಏನೇ ಕಷ್ಟಗಳು  ಬಂದರು ಎದುರಿಸಲು ನಮ್ಮ ಹತ್ತಿರ ಏನಿರಬೇಕು?,28:31,public,3/31/2025,54.2259360193813,276192,2.9K,118,4,9,0,#siddheshwarswamiji   #jnanayogi  #kannadapravachan #motivationalvideo #SiritualTalks #https://amzn.eu/d/j5QXHyw #https://www.jnanayogashrama.org/mdsmall/mdsm_index.php #https://instagram.com/jnanayogashrama?igshid=ZDdkNTZiNTM= #https://www.facebook.com/jnanayogashrama?mibextid=ZbWKwL
1ZlyqnHswWc,Other,18.71,ನಾವು ಮಾಡುವ ಕೆಲಸ ಹೇಗಿರಬೇಕು?,17:23,public,7/11/2022,54.422354536755,289015,2.6K,60,0,0,0,
omcJkg-Lz9E,Other,18.67,ಬೇರೆಯವರನ್ನು  ನೋಡಿ ಏನನ್ನು ಕಲಿಯಬೇಕು?,16:01,public,7/9/2022,54.2116050923615,275279,3K,89,0,0,0,
exPihZr5OAQ,Other,18.66,ಯಾವುದನ್ನು ಪ್ರತಿಯೊಬ್ಬರು ಬೆಳಿಗ್ಗೆ ಎದ್ದು ಕೂಡಲೇ ಮಾಡಬೇಕು?,19:56,public,9/11/2025,54.131725200869,270245,2.5K,148,2,21,0,ಪೂಜ್ಯರ ಪ್ರವಚನದ ಪುಸ್ತಕಗಳು ಈಗ Amazon & Website ನಲ್ಲಿ ಲಭ್ಯವಿರುತ್ತವೆ. ತಾವು ಕೆಳಗಡೆ ಕೊಟ್ಟಿರುವ ಲಿಂಕ್ ಮುಖಾಂತರ ಖರೀದಿಸಬಹದು Amazon : https://amzn.in/d/98q8EXK Website : https://www.jnanayogashrama.org/books_kannada.php
syi67VHTxVo,Other,18.65,ನಮ್ಮ ಬದುಕಿನ ನಿಯಮ ಹೇಗಿರಬೇಕು?,12:34,public,4/18/2022,54.174324070551,272918,3.2K,79,0,0,0,
FKnw1jfJsf0,Other,18.6,LIVE - ವಿಶೇಷ ಕಾರ್ಯಕ್ರಮ @ ಕಾಖಂಡಕಿ. ಜಿ|| ವಿಜಯಪುರ. (10-11-2022)LIVE - ವಿಶೇಷ ಕಾರ್ಯಕ್ರಮ @ ಕಾಖಂಡಕಿ. ಜಿ|…,16:15,public,11/12/2022,34.6174764333241,2976,53,3,0,11,1,"ಸ್ಥಳ :- ಶ್ರೀ ಗುರುದೇವಾಶ್ರಮ, ಕಾಖಂಡಕಿ.  # jnanayogashram vijayapura  # Siddheshwara Swamiji"
pOpSOdV4Bbg,Other,18.58,ಸಂಪತ್ತು ಎಂಬುದು ಎಲ್ಲಿದೆ?,23:35,public,5/29/2023,54.2378292940551,276952,2.5K,74,0,0,0,
4qNm-KWBYY4,Other,18.57,LIVE- ಪೂಜ್ಯ ಶ್ರೀ ಮಲ್ಲಿಕಾರ್ಜುನ ಶಿವಯೋಗಿಗಳ ಪಲ್ಲಕ್ಕಿ ಉತ್ಸವ.,22:27,public,10/20/2022,34.4920586804311,2891,43,6,0,4,1,ಸ್ಥಳ :-  ಜ್ಞಾನಯೋಗಾಶ್ರಮ ವಿಜಯಪುರ.
mJFMJh5-k1c,Other,18.48,Live - ಪೂಜ್ಯರು ಹಾಗು ಶಿಷ್ಯರೊಂದಿಗೆ ಶ್ರೀ ಸಿದ್ಧೇಶ್ವರ ಸ್ವಾಮಿಗಳು ಮಾತನಾಡುತ್ತಿರುವ ದೃಶ್ಯಗಳು,31:33,public,1/1/2023,53.6130264242901,239723,3.5K,171,0,4,0,ಸ್ಥಳ : ಜ್ಞಾನಯೋಗಾಶ್ರಮ ವಿಜಯಪುರ.
FxEYYWkulPg,Other,18.48,Live: - ಪೂಜ್ಯ ಶ್ರೀ ಸಿದ್ಧೇಶ್ವರ ಸ್ವಾಮೀಜಿಯವರ  ದರ್ಶನದ ಸಮಯ (31-12-2022),29:24,public,12/31/2022,53.7239813935137,245948,2.9K,175,0,4,0,ಸ್ಥಳ : ಜ್ಞಾನಯೋಗಾಶ್ರಮ ವಿಜಯಪುರ.
LOxR6yBCp2s,Other,18.46,Live - ನೇರ ಪ್ರಸಾರ,02:47:22,public,1/3/2023,53.9775206899234,260786,3.4K,46,0,4,0,ಸ್ಥಳ : ಜ್ಞಾನಯೋಗಾಶ್ರಮ ವಿಜಯಪುರ.
OW9NIuPoeFQ,Other,18.46,ಪ್ರಪಂಚದಲ್ಲಿ ತಲೆಯನ್ನು ಬಹಳ ಕೆಡಿಸಿಕೊಳ್ಳಬಾರದು ಏಕೆ?,19:31,public,12/20/2025,53.7372647453366,246704,3.5K,121,2,21,0,ಪೂಜ್ಯರ ಪ್ರವಚನದ ಪುಸ್ತಕಗಳು ಈಗ Amazon & Website ನಲ್ಲಿ ಲಭ್ಯವಿರುತ್ತವೆ. ತಾವು ಕೆಳಗಡೆ ಕೊಟ್ಟಿರುವ ಲಿಂಕ್ ಮುಖಾಂತರ ಖರೀದಿಸಬಹದು Amazon : https://amzn.in/d/98q8EXK Website : https://www.jnanayogashrama.org/books_kannada.php
WDiDAbB32sk,Other,18.45,ಜೀವನದಲ್ಲಿ ಶಾಂತಿ ಸಿಗುವುದು ಯಾವಾಗ?,15:38,public,10/27/2022,54.1345269909716,270420,2.4K,59,2,18,0,BOOKS ARE  AVAILABLE IN ONLINE (AMEZON & WEBSITE) LINKS ARE  GIVEN BELOW WEBSITE  - https://www.jnanayogashrama.org AMAZON - https://amzn.eu/d/cJtQoa3
_8DuewsY55c,Other,18.44,ಪರಮ ಪೂಜ್ಯ ಶ್ರೀ ಬಸವಲಿಂಗ ಮಹಾಸ್ವಾಮಿಗಳ ಪ್ರವಚನ - Video 4,55:14,public,8/7/2020,34.1104274384862,2647,40,2,0,4,1,ಶ್ರಾವಣಮಾಸದ ಪ್ರವಚನಗಳು - 2020
ReEjLLZbjgU,Other,18.41,ನಮ್ಮ ಮನೆಯೆಂಬುದು ಹೇಗಿರಬೇಕು?,12:21,public,5/14/2022,54.0476660569182,265047,2.7K,50,0,0,0,
W4sIBtQzeOE,Other,18.39,Sri Siddheshwar Swamiji's Pravachan on Narada Bhakti Sutra - Kannada (Part -3),47:33,public,11/22/2020,54.0479109924951,265062,2.3K,67,-,-,0,#NaradaBhaktiSutras #SiddeshwarSwamiji #KannadaPravachana
Zy2Qwojc3U0,Other,18.39,Live: - ಪೂಜ್ಯ ಶ್ರೀ ಸಿದ್ಧೇಶ್ವರ ಸ್ವಾಮೀಜಿಯವರ ದರ್ಶನದ ಸಮಯ (30-12-2022),03:54,public,12/30/2022,53.4711279362583,231991,2.7K,230,0,4,0,ಸ್ಥಳ : ಜ್ಞಾನಯೋಗಾಶ್ರಮ ವಿಜಯಪುರ.
tWhVWXL25N8,Other,18.29,Real pleasure is attained only by working sincerely and honestly - Sri Siddheshwar Swamiji,11:38,public,2/9/2021,53.9005301249868,256188,2.5K,55,0,3,0,#KannadaPravachana #Dharma #SiddeshwarSwamiji
IN-rGZcAZ6g,Other,18.29,ಪರಮ ಪೂಜ್ಯ ಶ್ರೀ ಬಸವಲಿಂಗ ಮಹಾಸ್ವಾಮಿಗಳ ಪ್ರವಚನ - Video 2,55:03,public,8/3/2020,33.6063714714914,2356,37,1,-,-,1,ಶ್ರಾವಣ ಮಾಸದ ಪ್ರವಚನಗಳು - 2020
CG1xSocPQt8,Other,18.29,Sri Siddheshwar Swamiji's discourse on Patanjali Yoga Sutra - Kannada Video 5,58:49,public,6/21/2020,53.9865231168558,261329,1.8K,78,0,12,-,Sri Siddheshwar Swamiji's discourse on Patanjali Yoga Sutra - Kannada Video 5
Ea8KT9t8PHk,Other,18.26,ಜಗತ್ತಿನಲ್ಲಿ ಬೆಲೆ ಕಟ್ಟಾಲಾಗದ ವಸ್ತು ಎಂದರೆ ಯಾವುದು?,36:27,public,8/21/2024,53.6641426716723,242571,2.3K,135,2,21,0,ಪೂಜ್ಯರ ಪ್ರವಚನದ ಪುಸ್ತಕಗಳು ಈಗ Amazon & Website ನಲ್ಲಿ ಲಭ್ಯವಿರುತ್ತವೆ. ತಾವು ಕೆಳಗಡೆ ಕೊಟ್ಟಿರುವ ಲಿಂಕ್ ಮುಖಾಂತರ ಖರೀದಿಸಬಹದು? Amazon : https://amzn.in/d/98q8EXK Website : https://www.jnanayogashrama.org/books_kannada.php
idgs7x3LI8E,Other,18.18,ನಾವು ಯಾರ  ಉಪಕಾರವನ್ನು ಪ್ರತಿದಿನ ಸ್ಮರಿಸಬೇಕು?,31:18,public,4/29/2024,53.533105905865,235337,2.6K,120,2,21,0,ಪೂಜ್ಯರ ಪ್ರವಚನದ ಪುಸ್ತಕಗಳು ಈಗ Amazon & Website ನಲ್ಲಿ ಲಭ್ಯವಿರುತ್ತವೆ. ತಾವು ಕೆಳಗಡೆ ಕೊಟ್ಟಿರುವ ಲಿಂಕ್ ಮುಖಾಂತರ ಖರೀದಿಸಬಹದು? Amazon : https://amzn.in/d/98q8EXK Website : https://www.jnanayogashrama.org/books_kannada.php
0EzWIS4M2to,Other,18.1,ನೋಡಿ ನಮ್ಮ ಬದುಕು ಎಷ್ಟು ಅಮೂಲ್ಯವಾಗಿದೆ ?,26:54,public,4/15/2023,53.6296587527061,240646,2.2K,77,0,0,0,
mxEd-ro_OAo,Other,18.04,ಯಾರ ಮಾತನ್ನು ಪಾಲಿಸದರೆ ನಾವು ಅಂದುಕೊಂಡಿರುವ ಗುರಿಯನ್ನು ಮುಟ್ಟಬಹುದು?,25:01,public,11/19/2025,53.5492598111626,236217,2K,91,2,21,0,ಪೂಜ್ಯರ ಪ್ರವಚನದ ಪುಸ್ತಕಗಳು ಈಗ Amazon & Website ನಲ್ಲಿ ಲಭ್ಯವಿರುತ್ತವೆ. ತಾವು ಕೆಳಗಡೆ ಕೊಟ್ಟಿರುವ ಲಿಂಕ್ ಮುಖಾಂತರ ಖರೀದಿಸಬಹದು Amazon : https://amzn.in/d/98q8EXK Website : https://www.jnanayogashrama.org/books_kannada.php
l7zt52wYWZI,Other,18,ಪ್ರಾಣಲಿಂಗ ಎಂಬುದು ನಮಗೆ ಯಾವಾಗ ಕಾಣಿಸುತ್ತದೆ?,38:47,public,4/1/2024,53.3403696304198,225087,2.1K,131,2,21,0,ಪೂಜ್ಯರ ಪ್ರವಚನದ ಪುಸ್ತಕಗಳು ಈಗ Amazon & Website ನಲ್ಲಿ ಲಭ್ಯವಿರುತ್ತವೆ. ತಾವು ಕೆಳಗಡೆ ಕೊಟ್ಟಿರುವ ಲಿಂಕ್ ಮುಖಾಂತರ ಖರೀದಿಸಬಹದು? Amazon : https://amzn.in/d/98q8EXK Website : https://www.jnanayogashrama.org/books_kannada.php
xu1mQt1bFik,Life,17.95,ಜೀವನದಲ್ಲಿ ಜ್ಞಾನಸೂರ್ಯ ಇರದಿದ್ದರೆ ಏನಾಗುತ್ತದೆ? - What happens if there is no enlightenment in life?,25:07,public,7/23/2023,53.3936303988195,227874,2.1K,92,4,13,0,#Jnanayogashramavijayapur #https://instagram.com/jnanayogashrama?igshid=ZDdkNTZiNTM= #https://www.facebook.com/jnanayogashrama?mibextid=ZbWKwL #Kathamrutha (Tales told by Siddheshwar Swamiji in Kannada) https://amzn.eu/d/j5QXHyw #https://www.jnanayogashrama.org/mdsmall/mdsm_index.php
UXQ_9CYj_HA,Other,17.88,ಸದಾ ಮುಗುಳುನಗೆ ಕಾಪಾಡಿಕೊಂಡು ಬದುಕುವ ಕಲೆ ಯಾವುದು?,15:35,public,6/29/2025,53.0916358141441,212516,2.6K,117,4,9,0,#siddheshwarswamiji   #jnanayogi  #kannadapravachan #motivationalvideo #SiritualTalks #https://amzn.eu/d/j5QXHyw #https://www.jnanayogashrama.org/mdsmall/mdsm_index.php #https://instagram.com/jnanayogashrama?igshid=ZDdkNTZiNTM= #https://www.facebook.com/jnanayogashrama?mibextid=ZbWKwL
xneMrRUNw8w,Other,17.87,ನಮ್ಮ ಜೀವನದ ನೌಕೆ ಆಯಾಸವಿಲ್ಲದೆ ಸಾಗಬೇಕಾದರೆ ಏನು ಮಾಡಬೇಕು?,36:08,public,4/4/2025,53.2626269763046,221080,2K,101,2,21,0,ಪೂಜ್ಯರ ಪ್ರವಚನದ ಪುಸ್ತಕಗಳು ಈಗ Amazon & Website ನಲ್ಲಿ ಲಭ್ಯವಿರುತ್ತವೆ. ತಾವು ಕೆಳಗಡೆ ಕೊಟ್ಟಿರುವ ಲಿಂಕ್ ಮುಖಾಂತರ ಖರೀದಿಸಬಹದು? Amazon : https://amzn.in/d/98q8EXK Website : https://www.jnanayogashrama.org/books_kannada.php
i7Hx6UQITa4,Other,17.87,ಶರೀರವೆಂಬ ಮನೆಯನ್ನು ಹೇಗೆ ಇಟ್ಟುಕೊಳ್ಳಬೇಕು?,19:00,public,3/4/2024,53.035594108751,209782,2.7K,123,2,21,0,ಪೂಜ್ಯರ ಪ್ರವಚನದ ಪುಸ್ತಕಗಳು ಈಗ Amazon & Website ನಲ್ಲಿ ಲಭ್ಯವಿರುತ್ತವೆ. ತಾವು ಕೆಳಗಡೆ ಕೊಟ್ಟಿರುವ ಲಿಂಕ್ ಮುಖಾಂತರ ಖರೀದಿಸಬಹದು Amazon : https://amzn.in/d/98q8EXK Website : https://www.jnanayogashrama.org/books_kannada.php
5pWHdDtyu0Y,Other,17.87,ಶಿವರಾತ್ರಿಯ ವಿಶೇಷ,07:30,public,2/18/2023,52.8286184467475,199986,3.1K,155,2,18,0,BOOKS ARE  AVAILABLE IN ONLINE (AMEZON & WEBSITE) LINKS ARE  GIVEN BELOW WEBSITE  - https://www.jnanayogashrama.org AMEZON - https://amzn.eu/d/cJtQoa3
HE8ufQmOR_Y,Other,17.85,ಮನುಷ್ಯನು ಎಂತಹವರ ಸಂಗ ಮಾಡಬೇಕಾಗಿದೆ?,17:03,public,7/16/2022,53.2278756837888,219312,2.6K,61,2,18,0,BOOKS ARE  SALE IN ONLINE (AMAZON & WEBSITE) LINKS ARE  GIVEN BELOW WEBSITE  - https://www.jnanayogashrama.org AMAZON - https://amzn.eu/d/cJtQoa3
LWcGhY9o3FQ,Relationships,17.81,ಜೀವನದಲ್ಲಿ ಶಾಶ್ವತವಾಗಿ ಉಳಿಯುವ ಸಂಬಂಧ ಯಾವುದು? - What is the relationship that lasts forever in life?,15:28,public,9/4/2023,53.1875875773963,217280,2K,97,4,5,0,#https://instagram.com/jnanayogashrama?igshid=ZDdkNTZiNTM= #https://www.facebook.com/jnanayogashrama?mibextid=ZbWKwL # https://amzn.eu/d/j5QXHyw #https://www.jnanayogashrama.org/mdsmall/mdsm_index.php
CroLeWpxJOE,Other,17.81,Live: - ಪೂಜ್ಯ ಶ್ರೀ ಸಿದ್ಧೇಶ್ವರ ಸ್ವಾಮೀಜಿಯವರ ದರ್ಶನದ ಸಮಯ (29-12-2022),12:22,public,12/29/2022,53.1359686311773,214704,1.4K,156,0,4,0,ಸ್ಥಳ : ಜ್ಞಾನಯೋಗಾಶ್ರಮ ವಿಜಯಪುರ.
iWKtMUwtxxY,Other,17.75,ಮನುಷ್ಯನೇ ಏಕೆ ಚಿಂತೆ ಮಾಡುವೆ ?,15:08,public,8/31/2022,52.9863151813887,207407,2.6K,90,2,18,0,BOOKS ARE  AVAILABLE IN ONLINE (AMEZON & WEBSITE) LINKS ARE  GIVEN BELOW WEBSITE  - https://www.jnanayogashrama.org AMEZON - https://amzn.eu/d/cJtQoa3
qGqfwgDq0iA,Other,17.64,ಅವಸರ ಎಂಬ ಅಜ್ಞಾನದಿಂದ ಏನಾಗುವುದು?,20:56,public,3/6/2024,52.8510246829559,201024,2.4K,90,2,21,0,ಪೂಜ್ಯರ ಪ್ರವಚನದ ಪುಸ್ತಕಗಳು ಈಗ Amazon & Website ನಲ್ಲಿ ಲಭ್ಯವಿರುತ್ತವೆ. ತಾವು ಕೆಳಗಡೆ ಕೊಟ್ಟಿರುವ ಲಿಂಕ್ ಮುಖಾಂತರ ಖರೀದಿಸಬಹದು Amazon : https://amzn.in/d/98q8EXK Website : https://www.jnanayogashrama.org/books_kannada.php
Mj2KykSiyuo,Other,17.6,ಈ 3 ಮನಸ್ಸುಗಳಲ್ಲಿ  ಶ್ರೀಮಂತ ಮನಸ್ಸು ಯಾವುದು?,10:43,public,2/11/2023,52.9661938559529,206445,2.2K,51,2,18,0,BOOKS ARE  AVAILABLE IN ONLINE (AMEZON & WEBSITE) LINKS ARE  GIVEN BELOW WEBSITE  - https://www.jnanayogashrama.org AMEZON - https://amzn.eu/d/cJtQoa3
uwj5-SYGB8M,Other,17.56,ನಾವು ಮಾಡುವ ಪ್ರತಿಯೊಂದು ಕೆಲಸವು ಯಾವಾಗ ಯೋಗವಾಗುತ್ತವೆ?,28:48,public,6/1/2024,52.7880231557343,198119,2.1K,95,2,21,0,ಪೂಜ್ಯರ ಪ್ರವಚನದ ಪುಸ್ತಕಗಳು ಈಗ Amazon & Website ನಲ್ಲಿ ಲಭ್ಯವಿರುತ್ತವೆ. ತಾವು ಕೆಳಗಡೆ ಕೊಟ್ಟಿರುವ ಲಿಂಕ್ ಮುಖಾಂತರ ಖರೀದಿಸಬಹದು? Amazon : https://amzn.in/d/98q8EXK Website : https://www.jnanayogashrama.org/books_kannada.php
ONoyttz6Q_I,Other,17.56,ನಮ್ಮ ಜೀವನದ ಗುರಿ ಏನಾಗಿರಬೇಕು?,17:40,public,2/7/2022,52.8054864320704,198920,2.4K,67,0,0,0,
8GaFE_PCfr0,Other,17.53,ನಮ್ಮ ಬದುಕು ಸಮಾಧಾನದಿಂದ ನಡೆಯಲು ಏನು ಮಾಡಬೇಕು?,31:06,public,8/9/2025,52.7871492320623,198079,1.9K,94,2,21,0,ಪೂಜ್ಯರ ಪ್ರವಚನದ ಪುಸ್ತಕಗಳು ಈಗ Amazon & Website ನಲ್ಲಿ ಲಭ್ಯವಿರುತ್ತವೆ. ತಾವು ಕೆಳಗಡೆ ಕೊಟ್ಟಿರುವ ಲಿಂಕ್ ಮುಖಾಂತರ ಖರೀದಿಸಬಹದು? Amazon : https://amzn.in/d/98q8EXK Website : https://www.jnanayogashrama.org/books_kannada.php
XPmkfBMMoAA,Other,17.44,ನಮ್ಮ ಮನಸ್ಸನ್ನು ಹೇಗಿಟ್ಟುಕೊಂಡರೆ ಮನೆಯಲ್ಲಿ ಸುಖ-ನೆಮ್ಮದಿ ಕಾಣಬಹುದು?,18:19,public,7/21/2025,52.6451789183429,191687,1.9K,95,4,9,0,#siddheshwarswamiji   #jnanayogi  #kannadapravachan #motivationalvideo #SiritualTalks #https://amzn.eu/d/j5QXHyw #https://www.jnanayogashrama.org/mdsmall/mdsm_index.php #https://instagram.com/jnanayogashrama?igshid=ZDdkNTZiNTM= #https://www.facebook.com/jnanayogashrama?mibextid=ZbWKwL
7YAONKk5GMY,Other,17.37,ಪೂಜ್ಯ ಜಗದ್ಗುರು ಶ್ರೀ ವೇದಾಂತಾಚಾರ್ಯ ಮಂಜುನಾಥ ಭಾರತಿ ಮಹಾಸ್ವಾಮಿಗಳವರಿಂದ ಸಾನಿಧ್ಯ ನುಡಿಗಳು,32:18,public,1/12/2025,30.5471830602136,1162,20,0,0,26,1,"ಪೂಜ್ಯ ಶ್ರೀ ಸಿದ್ಧೇಶ್ವರ ಮಹಾಸ್ವಾಮಿಗಳವರ ಗುರುನಮನ ಮಹೋತ್ಸವ-2025  30-12-2024 ರಂದು ನಡೆದ ಜಾಗತಿಕ ತಾತ್ವಿಕ ಚಿಂತನೆಗಳ ಕುರಿತು  ಪೂಜ್ಯ ಜಗದ್ಗುರು ಶ್ರೀ ವೇದಾಂತಾಚಾರ್ಯ ಮಂಜುನಾಥ ಭಾರತಿ ಮಹಾಸ್ವಾಮಿಗಳವರಿಂದ ಸಾನಿಧ್ಯ ನುಡಿಗಳು  ಸ್ಥಳ : ಜ್ಞಾನಯೋಗಾಶ್ರಮ, ವಿಜಯಪುರ"
7AQEUjGB2ec,Other,17.29,ಮನುಷ್ಯನೇ ಇದನ್ನಾದರೂ ಕೇಳಿ ಜಾಣನಾಗು?,12:38,public,8/26/2022,52.487354328657,184823,1.9K,70,2,18,0,BOOKS ARE  AVAILABLE IN ONLINE (AMEZON & WEBSITE) LINKS ARE  GIVEN BELOW WEBSITE  - https://www.jnanayogashrama.org AMEZON - https://amzn.eu/d/cJtQoa3
YweiJPwAESw,Other,17.29,Copy of Live- ವೇದಾಂತ ಕೇಸರಿ ಪೂಜ್ಯ ಶ್ರೀ ಮಲ್ಲಿಕಾರ್ಜುನ ಮಹಾಶಿವಯೋಗಿಗಳವರ  ಕಪ್ರವಚನದ ಧ್ವನಿ ಸುರಳಿ (26-06-2023),53:40,public,6/26/2023,30.2504379819955,1085,19,2,0,4,1,ಸ್ಥಳ : ಜ್ಞಾನಯೋಗಾಶ್ರಮ ವಿಜಯಪುರ.
-G77gl9gaos,Other,17.27,ಪ್ರಪಂಚ ಹೇಗೆ ಮಾಡಬೇಕು?,00:58,public,12/20/2022,51.5642596042218,149324,5.8K,30,0,0,0,
LUFqsmt_wQU,Other,17.26,ಭಗವಂತನ ಅನುಗ್ರಹ ಪ್ರತಿಯೊಬ್ಬರ ಮೇಲೆ ಹೇಗೆ ಇರುತ್ತದೆ?,11:57,public,1/29/2023,52.3599324893856,179461,2.1K,75,2,18,0,BOOKS ARE  AVAILABLE IN ONLINE (AMEZON & WEBSITE) LINKS ARE  GIVEN BELOW WEBSITE  - https://www.jnanayogashrama.org AMAZON - https://amzn.eu/d/cJtQoa3
BmnGkLppb5o,Other,17.25,ಜೀವನದಲ್ಲಿ ಗುರು ಎಂಬುವನು ಏಕೆ ಬೇಕು?,13:58,public,5/1/2023,52.4703667938852,184099,1.8K,62,0,0,0,
dKNDXp40NHI,Other,17.2,ನಾನೇ ಶ್ರೇಷ್ಠ ಎಂಬ ಭ್ರಮೆಯಲ್ಲಿ ಏಕೆ ಬದುಕಬಾರದು?,22:42,public,7/18/2024,52.1756438231187,171980,2.1K,99,2,21,0,ಪೂಜ್ಯರ ಪ್ರವಚನದ ಪುಸ್ತಕಗಳು ಈಗ Amazon & Website ನಲ್ಲಿ ಲಭ್ಯವಿರುತ್ತವೆ. ತಾವು ಕೆಳಗಡೆ ಕೊಟ್ಟಿರುವ ಲಿಂಕ್ ಮುಖಾಂತರ ಖರೀದಿಸಬಹದು? Amazon : https://amzn.in/d/98q8EXK Website : https://www.jnanayogashrama.org/books_kannada.php
Fewu_g-j2II,Other,17.15,ನಾವು ಚಿಂತೆಯಿಂದ ಪಾರಾಗಲು  ಏನು ಮಾಡಬೇಕು?,20:35,public,1/17/2024,52.3801676231733,180302,1.7K,49,4,5,0,#https://amzn.eu/d/j5QXHyw #https://www.jnanayogashrama.org/mdsmall/mdsm_index.php #https://instagram.com/jnanayogashrama?igshid=ZDdkNTZiNTM= #https://www.facebook.com/jnanayogashrama?mibextid=ZbWKwL ​
OXKfeQbEnS8,Other,17.15,ಸುಂದರ ಜೀವನಕ್ಕಾಗಿ ಇವೇ 2 ಸಾಧನಗಳು,18:59,public,4/17/2023,52.2397185138302,174545,2K,68,0,0,0,
uZ5UN0twYkQ,Other,17.14,ನಾವು ಹೇಗಿದ್ದರೆ ಮಾತ್ರ ದೇವರು ನಮಗೆ ಒಲಿಯುತ್ತಾನೆ?,24:00,public,7/15/2024,52.1271293027004,170063,2K,93,2,21,0,ಪೂಜ್ಯರ ಪ್ರವಚನದ ಪುಸ್ತಕಗಳು ಈಗ Amazon & Website ನಲ್ಲಿ ಲಭ್ಯವಿರುತ್ತವೆ. ತಾವು ಕೆಳಗಡೆ ಕೊಟ್ಟಿರುವ ಲಿಂಕ್ ಮುಖಾಂತರ ಖರೀದಿಸಬಹದು? Amazon : https://amzn.in/d/98q8EXK Website : https://www.jnanayogashrama.org/books_kannada.php
KjU8QVNrHOo,Other,17.12,ಇದು ನಮ್ಮ ಹತ್ತಿರ ಇದ್ದರೆ ಶತ್ರು ಕೂಡಾ ಮಿತ್ರನಾಗುತ್ತಾನೆ,34:50,public,9/9/2025,52.1847444172815,172342,1.8K,83,2,21,0,ಪೂಜ್ಯರ ಪ್ರವಚನದ ಪುಸ್ತಕಗಳು ಈಗ Amazon & Website ನಲ್ಲಿ ಲಭ್ಯವಿರುತ್ತವೆ. ತಾವು ಕೆಳಗಡೆ ಕೊಟ್ಟಿರುವ ಲಿಂಕ್ ಮುಖಾಂತರ ಖರೀದಿಸಬಹದು Amazon : https://amzn.in/d/98q8EXK Website : https://www.jnanayogashrama.org/books_kannada.php
ehXm4ayMryI,Other,17.09,ಜಗತ್ತು ಎಂಬ ಧರ್ಮಛತ್ರದಲ್ಲಿ ಇದ್ದು ಹೋಗುವುದು ಹೇಗೆ?,24:58,public,7/24/2024,51.9440683374915,163020,2K,118,2,21,0,ಪೂಜ್ಯರ ಪ್ರವಚನದ ಪುಸ್ತಕಗಳು ಈಗ Amazon & Website ನಲ್ಲಿ ಲಭ್ಯವಿರುತ್ತವೆ. ತಾವು ಕೆಳಗಡೆ ಕೊಟ್ಟಿರುವ ಲಿಂಕ್ ಮುಖಾಂತರ ಖರೀದಿಸಬಹದು? Amazon : https://amzn.in/d/98q8EXK Website : https://www.jnanayogashrama.org/books_kannada.php
IXkCd3h7oKA,Life,17.06,How to achieve the goal of our life? The story of Napolean narrated by Sri Siddheshwar Swamiji,08:53,public,1/16/2021,51.8077636382039,157966,3K,68,0,5,0,#SiddeshwarSwamiji #KannadaPravachana #Dharma #MotivationalTalk #KannadaMotivational
hQAm3goJyAw,Other,17,ನಾವು ಮಾಡುವ ಕೆಲಸದಲ್ಲಿ ಏರು-ಪೇರುಗಳು ಏಕೆ ಉಂಟಾಗುತ್ತವೆ?,28:38,public,8/12/2024,52.0327836819892,166396,1.8K,65,2,21,0,ಪೂಜ್ಯರ ಪ್ರವಚನದ ಪುಸ್ತಕಗಳು ಈಗ Amazon & Website ನಲ್ಲಿ ಲಭ್ಯವಿರುತ್ತವೆ. ತಾವು ಕೆಳಗಡೆ ಕೊಟ್ಟಿರುವ ಲಿಂಕ್ ಮುಖಾಂತರ ಖರೀದಿಸಬಹದು? Amazon : https://amzn.in/d/98q8EXK Website : https://www.jnanayogashrama.org/books_kannada.php
C0N3d7raBg0,Other,16.97,ಜೀವನದಲ್ಲಿ ಪ್ರತಿಯೊಬ್ಬ ಮನುಷ್ಯನ ಮನಸ್ಸು ಯಾವ ೨ ಸಂಗತಿಗಳನ್ನು ಎದುರಿಸಬೇಕಾಗುತ್ತದೆ?,20:56,public,5/20/2023,52.0297653825352,166280,1.7K,59,0,0,0,
82dg0pXjm_w,Other,16.94,ಸೋಲಿಲ್ಲದ ಜೀವನವನ್ನು ಸಾಗಿಸುವುದು ಹೇಗೆ?,23:53,public,9/25/2024,51.8197477232619,158404,2K,80,2,21,0,ಪೂಜ್ಯರ ಪ್ರವಚನದ ಪುಸ್ತಕಗಳು ಈಗ Amazon & Website ನಲ್ಲಿ ಲಭ್ಯವಿರುತ್ತವೆ. ತಾವು ಕೆಳಗಡೆ ಕೊಟ್ಟಿರುವ ಲಿಂಕ್ ಮುಖಾಂತರ ಖರೀದಿಸಬಹದು? Amazon : https://amzn.in/d/98q8EXK Website : https://www.jnanayogashrama.org/books_kannada.php
w3gVO2aVN1w,Other,16.92,ಯಾವ ಮೂರು ಸಂಪತ್ತುಗಳನ್ನು ರಕ್ಷಿಸಿಕೊಂಡರೆ ಮನುಷ್ಯ ಶ್ರೀಮಂತನಾಗುತ್ತಾನೆ?,31:24,public,7/29/2024,51.7967352658735,157564,1.8K,91,2,21,0,ಪೂಜ್ಯರ ಪ್ರವಚನದ ಪುಸ್ತಕಗಳು ಈಗ Amazon & Website ನಲ್ಲಿ ಲಭ್ಯವಿರುತ್ತವೆ. ತಾವು ಕೆಳಗಡೆ ಕೊಟ್ಟಿರುವ ಲಿಂಕ್ ಮುಖಾಂತರ ಖರೀದಿಸಬಹದು? Amazon : https://amzn.in/d/98q8EXK Website : https://www.jnanayogashrama.org/books_kannada.php
o9b4KhKbd7M,Other,16.87,Sri Siddheshwar Swamiji's discourse on Patanjali Yoga Sutra - Kannada Video1,50:45,public,6/16/2020,51.8190645923597,158379,1.7K,70,0,12,-,Sri Siddheshwar Swamiji's discourse on Patanjali Yoga Sutra - Kannada Video 1
zS08QM6C6Og,Other,16.83,Live-ಪೂಜ್ಯ ಶ್ರೀ ಸಿದ್ಧೇಶ್ವರ ಸ್ವಾಮಿಯವರಿಂದ ಗ್ರಂಥ ಬಿಡುಗಡೆ,05:19,public,1/1/2023,51.490388878344,146797,1.9K,122,0,0,0,
pI99O3Bvk4o,Other,16.76,ಆತ್ಮ ಜ್ಞಾನವನ್ನು ಮಾಡಿಕೊಳ್ಳುವುದು ಹೇಗೆ?,12:19,public,11/28/2022,51.4062862043759,143972,2.3K,80,0,0,0,
7FpohgvY2H8,Other,16.75,ಗಳಿಸಿರುವುದನ್ನು ಹೇಗೆ ಬಳಸಿದರೆ ನಮ್ಮ ಜೀವನ ಸುಂದರವಾಗುತ್ತದೆ?,30:48,public,5/31/2025,51.6643365544419,152817,1.5K,69,2,21,0,ಪೂಜ್ಯರ ಪ್ರವಚನದ ಪುಸ್ತಕಗಳು ಈಗ Amazon & Website ನಲ್ಲಿ ಲಭ್ಯವಿರುತ್ತವೆ. ತಾವು ಕೆಳಗಡೆ ಕೊಟ್ಟಿರುವ ಲಿಂಕ್ ಮುಖಾಂತರ ಖರೀದಿಸಬಹದು? Amazon : https://amzn.in/d/98q8EXK Website : https://www.jnanayogashrama.org/books_kannada.php
riBu5HU9TM0,Other,16.73,ದೇವರ ಬಗ್ಗೆ ನಮ್ಮ ಕಲ್ಪನೆ ಹೇಗಿರಬೇಕು?,13:20,public,5/15/2023,51.5641436645713,149320,1.7K,69,0,0,0,
_gYEkbMGloI,Other,16.72,ಎಲ್ಲ ಸಂಪತ್ತಿಗಿಂತ ಶ್ರೇಷ್ಠ ಸಂಪತ್ತು  ಯಾವುದು?,15:37,public,6/7/2023,51.7293545552757,155130,1.4K,43,0,0,0,
Ybt23PgyRfc,Other,16.72,ಗೃಹಸ್ತನಾದವನು ತನ್ನ ಮಕ್ಕಳಿಗಾಗಿ ಹೇಗೆ ಬಾಳಬೇಕು?,15:31,public,3/13/2024,51.2802217427877,139839,2K,113,2,21,0,ಪೂಜ್ಯರ ಪ್ರವಚನದ ಪುಸ್ತಕಗಳು ಈಗ Amazon & Website ನಲ್ಲಿ ಲಭ್ಯವಿರುತ್ತವೆ. ತಾವು ಕೆಳಗಡೆ ಕೊಟ್ಟಿರುವ ಲಿಂಕ್ ಮುಖಾಂತರ ಖರೀದಿಸಬಹದು? Amazon : https://amzn.in/d/98q8EXK Website : https://www.jnanayogashrama.org/books_kannada.php
wSfFO59Y8yc,Other,16.69,ಪರಮ ಭಕ್ತನ ಭಕ್ತಿಯ ಜೀವನ ಹೇಗಿರುತ್ತದೆ?,39:06,public,9/4/2024,51.4947502339033,146945,1.6K,76,2,21,0,ಪೂಜ್ಯರ ಪ್ರವಚನದ ಪುಸ್ತಕಗಳು ಈಗ Amazon & Website ನಲ್ಲಿ ಲಭ್ಯವಿರುತ್ತವೆ. ತಾವು ಕೆಳಗಡೆ ಕೊಟ್ಟಿರುವ ಲಿಂಕ್ ಮುಖಾಂತರ ಖರೀದಿಸಬಹದು? Amazon : https://amzn.in/d/98q8EXK Website : https://www.jnanayogashrama.org/books_kannada.php
qzz2zcfZHh4,Other,16.68,Live - ನೇರ ಪ್ರಸಾರ,04:35:59,public,1/3/2023,51.0698661331465,133205,2.5K,112,0,4,0,ಸ್ಥಳ : ಜ್ಞಾನಯೋಗಾಶ್ರಮ ವಿಜಯಪುರ
c2UOjtkEcPI,Other,16.64,ಪ್ರಪಂಚ ಮಾಡುವವರು ತಮ್ಮ ಇಂದ್ರೀಯಗಳನ್ನು ಹೇಗೆ ಬಳಸಬೇಕು?,28:09,public,4/26/2024,51.3236740258939,141250,1.7K,89,2,21,0,ಪೂಜ್ಯರ ಪ್ರವಚನದ ಪುಸ್ತಕಗಳು ಈಗ Amazon & Website ನಲ್ಲಿ ಲಭ್ಯವಿರುತ್ತವೆ. ತಾವು ಕೆಳಗಡೆ ಕೊಟ್ಟಿರುವ ಲಿಂಕ್ ಮುಖಾಂತರ ಖರೀದಿಸಬಹದು? Amazon : https://amzn.in/d/98q8EXK Website : https://www.jnanayogashrama.org/books_kannada.php
TK2x6mdM_Mo,Other,16.64,ನಾವೆಲ್ಲರೂ ಹೇಗೆ ಬದುಕಬೇಕು?,16:35,public,4/5/2023,51.3984027871607,143710,1.7K,68,0,0,0,
oZ_6wLFKhWc,Other,16.62,ಯಾವುದನ್ನು ತಿಳಿದುಕೊಂಡರೆ ನಾವು ನಿಶ್ಚಿಂತವಾಗಿ ಬದುಕಬಹುದು?,21:29,public,6/9/2025,51.2933557512683,140264,1.6K,94,2,21,0,ಪೂಜ್ಯರ ಪ್ರವಚನದ ಪುಸ್ತಕಗಳು ಈಗ Amazon & Website ನಲ್ಲಿ ಲಭ್ಯವಿರುತ್ತವೆ. ತಾವು ಕೆಳಗಡೆ ಕೊಟ್ಟಿರುವ ಲಿಂಕ್ ಮುಖಾಂತರ ಖರೀದಿಸಬಹದು? Amazon : https://amzn.in/d/98q8EXK Website : https://www.jnanayogashrama.org/books_kannada.php
bueEVzJY15E,Other,16.58,ಜೀವನ ಸುಖವಿರಬೇಕಾದರೆ ಯಾವುದನ್ನು ಆಶ್ರಯಿಸಬೇಕು ಯಾವುದನ್ನು ತ್ಯಾಗ ಮಾಡಬೇಕು?,15:37,public,12/19/2022,51.3491537312405,142084,1.7K,54,2,18,0,BOOKS ARE  AVAILABLE IN ONLINE (AMEZON & WEBSITE) LINKS ARE  GIVEN BELOW WEBSITE  - https://www.jnanayogashrama.org AMAZON - https://amzn.eu/d/cJtQoa3
fsGoN8L70jw,Other,16.53,ನಮ್ಮ ಸುತ್ತಮುತ್ತ ಎಂತಹ ಸ್ವಭಾವದ ವ್ಯಕ್ತಿಗಳು ಕಾಣುತ್ತಾರೆ?,26:14,public,8/3/2024,51.2233339232816,138013,1.7K,63,2,21,0,ಪೂಜ್ಯರ ಪ್ರವಚನದ ಪುಸ್ತಕಗಳು ಈಗ Amazon & Website ನಲ್ಲಿ ಲಭ್ಯವಿರುತ್ತವೆ. ತಾವು ಕೆಳಗಡೆ ಕೊಟ್ಟಿರುವ ಲಿಂಕ್ ಮುಖಾಂತರ ಖರೀದಿಸಬಹದು? Amazon : https://amzn.in/d/98q8EXK Website : https://www.jnanayogashrama.org/books_kannada.php
EHs_75G6FuE,Other,16.48,ಮನಸ್ಸಿನ ಆನಂದಕ್ಕಾಗಿ ನಾವು ಯಾವ ನೀತಿಯನ್ನು ಪಾಲಿಸಬೇಕು?,23:35,public,9/2/2024,51.1809162066314,136667,1.6K,56,2,21,0,ಪೂಜ್ಯರ ಪ್ರವಚನದ ಪುಸ್ತಕಗಳು ಈಗ Amazon & Website ನಲ್ಲಿ ಲಭ್ಯವಿರುತ್ತವೆ. ತಾವು ಕೆಳಗಡೆ ಕೊಟ್ಟಿರುವ ಲಿಂಕ್ ಮುಖಾಂತರ ಖರೀದಿಸಬಹದು? Amazon : https://amzn.in/d/98q8EXK Website : https://www.jnanayogashrama.org/books_kannada.php
CNXCFQK1M80,Other,16.45,ಬೇರೆಯವರನ್ನು ನೋಡಿ ನಾವೇನು ಮಾಡಬಾರದು ಏಕೆ ?,14:21,public,7/20/2022,51.1519693097519,135756,1.7K,42,2,18,0,BOOKS ARE  SALE IN ONLINE (AMEZON & WEBSITE) LINKS ARE  GIVEN BELOW WEBSITE  - https://www.jnanayogashrama.org AMEZON - https://amzn.eu/d/cJtQoa3
Soupta8YqD0,Other,16.4,ದೇವರ ಪೂಜೆ ಮಾಡುವಾಗ ನಾವು ಏನನ್ನು ಮೀಸಲಿಡಬೇಕು?- What should we dedicate while worshiping God?,19:43,public,1/8/2024,51.0850456976943,133673,1.4K,55,4,4,0,#https://amzn.eu/d/j5QXHyw #https://www.jnanayogashrama.org/mdsmall/mdsm_index.php #https://instagram.com/jnanayogashrama?igshid=ZDdkNTZiNTM= #https://www.facebook.com/jnanayogashrama?mibextid=ZbWKwL
zMvi063OdR0,Other,16.4,ಸಂಸಾರವೆಂಬ  ಹೊಳೆಯನ್ನು ಸುಲಭವಾಗಿ ಈಜುವುದು ಹೇಗೆ?,18:07,public,8/7/2024,50.9027933527078,128161,1.7K,77,2,21,0,ಪೂಜ್ಯರ ಪ್ರವಚನದ ಪುಸ್ತಕಗಳು ಈಗ Amazon & Website ನಲ್ಲಿ ಲಭ್ಯವಿರುತ್ತವೆ. ತಾವು ಕೆಳಗಡೆ ಕೊಟ್ಟಿರುವ ಲಿಂಕ್ ಮುಖಾಂತರ ಖರೀದಿಸಬಹದು? Amazon : https://amzn.in/d/98q8EXK Website : https://www.jnanayogashrama.org/books_kannada.php
_J_WhQKX7rI,Other,16.38,ಪರಮ ಭಕ್ತನ 2 ಲಕ್ಷಣಗಳು,15:02,public,4/23/2022,50.9518866113554,129623,1.6K,67,0,0,0,
6GJCno_2ZM4,Other,16.35,Bhagvad Gita lecture by Sri Siddheshwar Swamiji - Series I (Part -14),49:52,public,9/22/2021,50.9289203879578,128937,1.5K,62,0,0,0,
tn8Ggw8eXJk,Other,16.35,ಗುರುಪೂರ್ಣಿಮಾ  2022 ಪೂಜ್ಯ ಶ್ರೀ ಸಿದ್ಧೇಶ್ವರ ಸ್ವಾಮೀಜಿಯವರಿಂದ ಅಭಿನಂದನಾ ಆಶೀರ್ವಚನ.,43:49,public,7/31/2022,50.8584625767003,126855,1.5K,79,0,0,0,
c3GAATjb8bw,Other,16.32,ನೂರು ವರ್ಷ ಆನಂದವಾಗಿ ಬಾಳುವುದು ಹೇಗೆ?,12:41,public,11/19/2022,50.948145338007,129511,1.6K,37,0,0,0,
F_L33o5wXDk,Other,16.26,ಗುರುದರ್ಶನ  29-12-2025,01:00,public,12/29/2025,50.5946259126171,119353,2.5K,28,0,0,0,
HW5twBKfHFc,Other,16.26,ಪರಮಾತ್ಮನು ಎಲ್ಲಿ ನೆಲೆಸಿದ್ದಾನೆ?,15:21,public,4/25/2022,50.8735166825336,127297,1.3K,51,0,0,0,
3Yugpc5Nxdw,Other,16.24,Live: - ಪೂಜ್ಯ ಶ್ರೀ ಸಿದ್ಧೇಶ್ವರ ಸ್ವಾಮೀಜಿಯವರ ಸಾಯಂಕಾಲದ ದರ್ಶನದ ಸಮಯ (30-12-2022),24:27,public,12/30/2022,50.7680319269563,124232,1K,84,0,4,0,ಸ್ಥಳ : ಜ್ಞಾನಯೋಗಾಶ್ರಮ ವಿಜಯಪುರ.
Ec9jOTa0wW8,Other,16.22,ಯಾವುದನ್ನು ಕಲಿತರೆ ನಾವು ಸಂಸಾರವನ್ನು ಸುಲಭವಾಗಿ ಸಾಗಿಸಬಹುದು?,25:33,public,10/4/2025,50.7855898235977,124737,1.3K,49,2,21,0,ಪೂಜ್ಯರ ಪ್ರವಚನದ ಪುಸ್ತಕಗಳು ಈಗ Amazon & Website ನಲ್ಲಿ ಲಭ್ಯವಿರುತ್ತವೆ. ತಾವು ಕೆಳಗಡೆ ಕೊಟ್ಟಿರುವ ಲಿಂಕ್ ಮುಖಾಂತರ ಖರೀದಿಸಬಹದು Amazon : https://amzn.in/d/98q8EXK Website : https://www.jnanayogashrama.org/books_kannada.php
aRj1j0DNQBM,Other,16.2,ನಮ್ಮನ್ನು ಯಾವುದು ಬಡವ ಮತ್ತು ಶ್ರೀಮಂತರನ್ನಾಗಿ ಮಾಡುತ್ತದೆ?,30:41,public,10/9/2024,50.5916513334128,119271,1.3K,85,2,21,0,ಪೂಜ್ಯರ ಪ್ರವಚನದ ಪುಸ್ತಕಗಳು ಈಗ Amazon & Website ನಲ್ಲಿ ಲಭ್ಯವಿರುತ್ತವೆ. ತಾವು ಕೆಳಗಡೆ ಕೊಟ್ಟಿರುವ ಲಿಂಕ್ ಮುಖಾಂತರ ಖರೀದಿಸಬಹದು? Amazon : https://amzn.in/d/98q8EXK Website : https://www.jnanayogashrama.org/books_kannada.php
nWycx-8ZaqY,Other,16.16,ನಾವು ಈ ಜಗತ್ತಿನಲ್ಲಿ ಹೇಗೆ ಬದುಕಿರಬೇಕು ?,01:00,public,9/24/2022,49.3467202708961,89457,5.7K,28,0,0,0,
225tIQrZ2Jk,Other,16.1,ನಮ್ಮ ನಿಜವಾದ ಸಂಪತ್ತು ಎಂದರೆ ಯಾವುದು?,14:37,public,2/26/2023,50.5508902062142,118153,1.4K,44,2,18,0,BOOKS ARE  AVAILABLE IN ONLINE (AMEZON & WEBSITE) LINKS ARE  GIVEN BELOW WEBSITE  - https://www.jnanayogashrama.org AMEZON - https://amzn.eu/d/cJtQoa3
6F6u2_7gi2w,Other,16.1,ಮನಸ್ಸಿನ ಚಂಚಲತೆಯನ್ನು ತೆಗೆದು ಹಾಕುವುದು ಹೇಗೆ?,29:08,public,8/11/2025,50.3966682645646,114017,1.5K,70,2,21,0,ಪೂಜ್ಯರ ಪ್ರವಚನದ ಪುಸ್ತಕಗಳು ಈಗ Amazon & Website ನಲ್ಲಿ ಲಭ್ಯವಿರುತ್ತವೆ. ತಾವು ಕೆಳಗಡೆ ಕೊಟ್ಟಿರುವ ಲಿಂಕ್ ಮುಖಾಂತರ ಖರೀದಿಸಬಹದು? Amazon : https://amzn.in/d/98q8EXK Website : https://www.jnanayogashrama.org/books_kannada.php
4UujBZFuo3Y,Other,16.06,ನೀ ಇದ್ದಂಗ ಇರು‌.,00:43,public,7/16/2022,49.543911034132,93627,4.4K,31,0,0,0,
UsTWpL45wnA,Other,15.99,ನಮ್ಮನ್ನು ಹೊಗಳುವವರು ಹಾಗೂ ತೆಗಳುವವರ ಮಧ್ಯೆ ಹೇಗೆ ಬದುಕಬೇಕು?,14:30,public,7/19/2025,50.2110288631591,109230,1.4K,70,2,21,0,ಪೂಜ್ಯರ ಪ್ರವಚನದ ಪುಸ್ತಕಗಳು ಈಗ Amazon & Website ನಲ್ಲಿ ಲಭ್ಯವಿರುತ್ತವೆ. ತಾವು ಕೆಳಗಡೆ ಕೊಟ್ಟಿರುವ ಲಿಂಕ್ ಮುಖಾಂತರ ಖರೀದಿಸಬಹದು? Amazon : https://amzn.in/d/98q8EXK Website : https://www.jnanayogashrama.org/books_kannada.php
9JN3QoPe4Vo,Other,15.96,Sri Siddheshwar Swamiji's Pravachan on Narada Bhakti Sutra - In Kannada (Part - 4),48:11,public,11/28/2020,50.3622539269593,113114,1K,49,-,-,0,
anqlPkOtLqI,Other,15.95,Shri Siddheshwar Swamiji's Pravachan on Katopanishad (Part - 1) - Kannada,45:45,public,7/1/2020,50.2417074093959,110007,1.1K,62,0,10,-,ಪೂಜ್ಯ ಶ್ರೀ ಸಿದ್ಧೇಶ್ವರ ಮಹಾಸ್ವಾಮೀಜಿಯವರ ಕಠೋಪನಿಷತ್ತು ಪ್ರವಚನಗಳು - Kannada Video 1
HhsQHzUNyXE,Other,15.94,ನಾವೆಲ್ಲರೂ ಹೇಗೆ ದುಡಿಯಬೇಕು?,12:23,public,9/14/2022,50.31017192732,111761,1.3K,31,0,0,0,
JDQKR8mdG1o,Other,15.93,ನಮಗೆ  ಗೆಳೆಯ ಇದ್ದರೆ ಹೇಗಿರಬೇಕು?,11:38,public,2/16/2024,50.0968870361273,106387,1.5K,58,4,5,0,#https://amzn.eu/d/j5QXHyw #https://www.jnanayogashrama.org/mdsmall/mdsm_index.php #https://instagram.com/jnanayogashrama?igshid=ZDdkNTZiNTM= #https://www.facebook.com/jnanayogashrama?mibextid=ZbWKwL ​
ojUQkknfqIE,Other,15.92,ಮನುಷ್ಯನು ಬದುಕುವ ಕಲೆ ಹೇಗಿರಬೇಕು?,20:42,public,4/13/2024,50.0619219929077,105531,1.5K,62,2,21,0,ಪೂಜ್ಯರ ಪ್ರವಚನದ ಪುಸ್ತಕಗಳು ಈಗ Amazon & Website ನಲ್ಲಿ ಲಭ್ಯವಿರುತ್ತವೆ. ತಾವು ಕೆಳಗಡೆ ಕೊಟ್ಟಿರುವ ಲಿಂಕ್ ಮುಖಾಂತರ ಖರೀದಿಸಬಹದು? Amazon : https://amzn.in/d/98q8EXK Website : https://www.jnanayogashrama.org/books_kannada.php
NHp8iR9Azkk,Other,15.87,ಪ್ರತಿಯೊಬ್ಬರಲ್ಲಿ ಕೆಲಸ ಎಂಬುದು ಎಷ್ಟು ಅವಶ್ಯಕವಾಗಿದೆ?,13:07,public,1/25/2023,50.1364120928487,107363,1.3K,38,0,0,0,
SUvmFfaFkng,Other,15.84,ಎಲ್ಲದಕ್ಕೂ ಪರಿಹಾರ ಪ್ರವಚನ,00:35,public,7/15/2022,50.507744104231,116981,Like,31,0,0,0,
3vzGbqwd4F8,Other,15.81,ಪ್ರತಿಯೊಬ್ಬರು ಯಾವುದಕ್ಕಾಗಿ ಬಡೆದಾಡುತ್ತಿದ್ದಾರೆ.,00:53,public,12/14/2022,49.0272137985689,83091,4.4K,21,0,0,0,
kikiycjR9M4,Other,15.81,ಇರುವದರಲ್ಲಿಯೇ ನಮ್ಮ ಜೀವನವನ್ನು ಸಾಗಿಸುವುದು ಹೇಗೆ?,12:01,public,3/15/2023,50.0221215236801,104565,1.2K,42,2,18,0,BOOKS ARE  AVAILABLE IN ONLINE (AMAZON & WEBSITE) LINKS ARE  GIVEN BELOW WEBSITE  - https://www.jnanayogashrama.org AMAZON - https://amzn.eu/d/cJtQoa3
fCLUXJjpmPY,Other,15.8,ಕಲಿಯೊದಿದ್ದರೆ ಹೇಗೆ ಕಲಿಯಬೇಕು?,00:39,public,12/23/2022,48.8813847772422,80338,4.8K,19,0,0,0,
3zDqciQglIY,Other,15.79,ನಾವು ಸಂಸಾರದ ದಂದುಗದಿಂದ ಪಾರಾಗುವುದು ಯಾವಾಗ?,26:05,public,10/5/2024,49.7557679637737,98324,1.4K,76,2,21,0,ಪೂಜ್ಯರ ಪ್ರವಚನದ ಪುಸ್ತಕಗಳು ಈಗ Amazon & Website ನಲ್ಲಿ ಲಭ್ಯವಿರುತ್ತವೆ. ತಾವು ಕೆಳಗಡೆ ಕೊಟ್ಟಿರುವ ಲಿಂಕ್ ಮುಖಾಂತರ ಖರೀದಿಸಬಹದು? Amazon : https://amzn.in/d/98q8EXK Website : https://www.jnanayogashrama.org/books_kannada.php
UDCpeAOvKpE,Other,15.75,ಇಂದ್ರೀಯಗಳನ್ನು ನಮ್ಮ ಹಿಡಿತದಲ್ಲಿಡಲು ಯಾವ ನೀತಿಯನ್ನು ಅನುಸರಿಸಬೇಕು?,28:14,public,10/20/2024,49.6236075419791,95367,1.5K,77,2,21,0,ಪೂಜ್ಯರ ಪ್ರವಚನದ ಪುಸ್ತಕಗಳು ಈಗ Amazon & Website ನಲ್ಲಿ ಲಭ್ಯವಿರುತ್ತವೆ. ತಾವು ಕೆಳಗಡೆ ಕೊಟ್ಟಿರುವ ಲಿಂಕ್ ಮುಖಾಂತರ ಖರೀದಿಸಬಹದು? Amazon : https://amzn.in/d/98q8EXK Website : https://www.jnanayogashrama.org/books_kannada.php
SCkxEdgqn94,Other,15.7,ಎಲ್ಲ ಆಕರ್ಷಣಗಳ ಮಧ್ಯದಲ್ಲಿ ನಮ್ಮ ಮನಸ್ಸು ಎಷ್ಟು ಗಟ್ಟಿಯಾಗಿರಬೇಕು?,00:58,public,1/19/2023,49.0254945368107,83058,3.6K,30,0,0,0,
4cOm3JJkrJg,Other,15.68,ಈ ಜಗತ್ತಿನಲ್ಲಿ ನಾವು ಯಾವುದಕ್ಕೆ ಹೆಚ್ಚು  ಮಹತ್ವ ಕೊಡಬೇಕು?,25:49,public,1/10/2024,49.693207747878,96913,1.2K,53,4,14,0,What should we give more importance to in this world? #https://amzn.eu/d/j5QXHyw #https://www.jnanayogashrama.org/mdsmall/mdsm_index.php #https://instagram.com/jnanayogashrama?igshid=ZDdkNTZiNTM= #https://www.facebook.com/jnanayogashrama?mibextid=ZbWKwL
1-zE65K0Pe4,Other,15.63,ನಾವು ಇರುವತನಕ ಮಸ್ತ್ ಆಗಿ ಇರುವುದು ಹೇಗೆ?,18:11,public,9/13/2025,49.5324315549745,93379,1.3K,54,2,21,0,ಪೂಜ್ಯರ ಪ್ರವಚನದ ಪುಸ್ತಕಗಳು ಈಗ Amazon & Website ನಲ್ಲಿ ಲಭ್ಯವಿರುತ್ತವೆ. ತಾವು ಕೆಳಗಡೆ ಕೊಟ್ಟಿರುವ ಲಿಂಕ್ ಮುಖಾಂತರ ಖರೀದಿಸಬಹದು Amazon : https://amzn.in/d/98q8EXK Website : https://www.jnanayogashrama.org/books_kannada.php
h-4IUGFJxBQ,Other,15.61,ಎಂತಹ ಅಮೃತ ಕುಡಿದರೆ ನಮ್ಮ ಜೀವನ ಸುಂದರವಾಗುತ್ತದೆ?,24:38,public,4/24/2024,49.4671447861789,91981,1.3K,57,2,21,0,ಪೂಜ್ಯರ ಪ್ರವಚನದ ಪುಸ್ತಕಗಳು ಈಗ Amazon & Website ನಲ್ಲಿ ಲಭ್ಯವಿರುತ್ತವೆ. ತಾವು ಕೆಳಗಡೆ ಕೊಟ್ಟಿರುವ ಲಿಂಕ್ ಮುಖಾಂತರ ಖರೀದಿಸಬಹದು? Amazon : https://amzn.in/d/98q8EXK Website : https://www.jnanayogashrama.org/books_kannada.php
hGLxRga4WQk,Other,15.6,ಮನುಷ್ಯನು ಹೇಗೆ ಮಹಾತ್ಮ ಆಗುತ್ತಾನೆ?,17:46,public,5/6/2023,49.5619481119353,94018,1.2K,42,4,13,0,#Jnanayogashramavijayapur #https://instagram.com/jnanayogashrama?igshid=ZDdkNTZiNTM= #https://www.facebook.com/jnanayogashrama?mibextid=ZbWKwL #Kathamrutha (Tales told by Siddheshwar Swamiji in Kannada) https://amzn.eu/d/j5QXHyw #https://www.jnanayogashrama.org/mdsmall/mdsm_index.php
suRIn2LlIWo,Other,15.59,"ಶ್ರಾವಣ ಮಾಸದ ವಿಶೇಷ ಪ್ರವಚನ ದಿನ-13 ಪೂಜ್ಯ ಶ್ರೀ ಚನ್ನಮಲ್ಲಿಕಾರ್ಜುನ ಮಹಾಸ್ವಾಮಿಗಳು, ವಿರಕ್ತಮಠ, ತಿಕೋಟಾ",37:31,public,8/20/2024,49.7129468213557,97356,811,33,0,0,0,
4Sti7GGgE5o,Other,15.55,ನಮ್ಮ ಮನಸ್ಸಿನಲ್ಲಿರುವ ಅಶುಧ್ಧತಾ ಯಾವುದು?,00:36,public,12/17/2022,48.4254233841521,72305,4.4K,23,0,0,0,
CWmbdx-kcpA,Other,15.54,ನಮ್ಮ ಮೇಲೆ ಕಾಲವು ಹೇಗೆ  ಪ್ರಭಾವ ಬಿರುತ್ತದೆ?,10:47,public,4/3/2023,49.3693520314057,89926,1.2K,55,0,0,0,
WWUIeKBvFCM,Other,15.53,ಮನುಷ್ಯನು ಎಷ್ಟು ಎಚ್ಚರ ಇರಬೇಕು?,09:07,public,12/10/2022,49.4427018602468,91463,1.2K,36,0,0,0,
sNjBsxa8r7o,Other,15.48,ನಾವು ಎಷ್ಟು ದೊಡ್ಡವರೆಂದು ತಿಳಿದುಕೊಳ್ಳುವುದು ಹೇಗೆ?,26:43,public,9/9/2024,49.3135487506896,88774,1.1K,46,2,21,0,ಪೂಜ್ಯರ ಪ್ರವಚನದ ಪುಸ್ತಕಗಳು ಈಗ Amazon & Website ನಲ್ಲಿ ಲಭ್ಯವಿರುತ್ತವೆ. ತಾವು ಕೆಳಗಡೆ ಕೊಟ್ಟಿರುವ ಲಿಂಕ್ ಮುಖಾಂತರ ಖರೀದಿಸಬಹದು? Amazon : https://amzn.in/d/98q8EXK Website : https://www.jnanayogashrama.org/books_kannada.php
M5ILBsM2d2U,Other,15.45,Sri Siddheshwar Swamiji's discourse on Patanjali Yoga Sutra - Kannada Video 2,47:08,public,6/18/2020,49.3483649374578,89491,966,35,0,12,-,Sri Siddheshwar Swamiji's discourse on Patanjali Yoga Sutra - Kannada Video 2
_8miKa9s_1Y,Other,15.45,ಇವೆರಡು ಶಬ್ಧಗಳನ್ನು ಮನಸ್ಸಿನಲ್ಲಿ ಇಟ್ಟುಕೊಂಡರೆ ಶಾಂತಿ ಉಂಟಾಗುತ್ತದೆ?,26:35,public,5/8/2025,49.2318509130602,87114,1K,53,2,21,0,ಪೂಜ್ಯರ ಪ್ರವಚನದ ಪುಸ್ತಕಗಳು ಈಗ Amazon & Website ನಲ್ಲಿ ಲಭ್ಯವಿರುತ್ತವೆ. ತಾವು ಕೆಳಗಡೆ ಕೊಟ್ಟಿರುವ ಲಿಂಕ್ ಮುಖಾಂತರ ಖರೀದಿಸಬಹದು? Amazon : https://amzn.in/d/98q8EXK Website : https://www.jnanayogashrama.org/books_kannada.php
nSIprKx9rrU,Other,15.45,ದೇವರನ್ನು ನಾವು ಹೇಗೆ ಕಾಣಬಹುದು?,10:50,public,3/4/2023,49.3387299129296,89292,1K,31,2,18,0,BOOKS ARE  AVAILABLE IN ONLINE (AMAZON & WEBSITE) LINKS ARE  GIVEN BELOW WEBSITE  - https://www.jnanayogashrama.org AMAZON - https://amzn.eu/d/cJtQoa3
8eBn96l76gs,Other,15.43,ಮನುಷ್ಯನ ಬಡತನದ ನಿವಾರಣೆಗಾಗಿ ಪಾತಂಜಲನ ಸೂತ್ರಗಳು,24:13,public,12/6/2025,49.2066380181439,86608,1K,52,2,21,0,ಪೂಜ್ಯರ ಪ್ರವಚನದ ಪುಸ್ತಕಗಳು ಈಗ Amazon & Website ನಲ್ಲಿ ಲಭ್ಯವಿರುತ್ತವೆ. ತಾವು ಕೆಳಗಡೆ ಕೊಟ್ಟಿರುವ ಲಿಂಕ್ ಮುಖಾಂತರ ಖರೀದಿಸಬಹದು Amazon : https://amzn.in/d/98q8EXK Website : https://www.jnanayogashrama.org/books_kannada.php
h4li0IOb13M,Other,15.42,"Live- ಪೂಜ್ಯ ಶ್ರೀ ಸಿದ್ಧೇಶ್ವರ ಸ್ವಾಮಿಜೀಯವರ ಆಧ್ಯಾತ್ಮಿಕ ಪ್ರವಚನ (12-11-2021) ಚನ್ನಬಸವಾಶ್ರಮ, ಭಾಲ್ಕಿ.",57:23,public,11/12/2021,49.0098857771025,82759,1.3K,67,0,10,0,"Live- ಪೂಜ್ಯ ಶ್ರೀ ಸಿದ್ಧೇಶ್ವರ ಸ್ವಾಮಿಜೀಯವರ ಆಧ್ಯಾತ್ಮಿಕ ಪ್ರವಚನ (12-11-2021) ಚನ್ನಬಸವಾಶ್ರಮ, ಭಾಲ್ಕಿ."
9Bf23weLlM8,Other,15.41,ಏನಾದರೂ ಸತ್ಯ ತಿಳಿಯಬೇಕಾದರೆ ಈ ಮೂರು ಹೆಜ್ಜೆಗಳು ಬಹಳ ಅವಶ್ಯಕ.,26:58,public,3/28/2025,49.1428541857537,85341,1.1K,47,4,9,0,#siddheshwarswamiji   #jnanayogi  #kannadapravachan #motivationalvideo #SiritualTalks #https://amzn.eu/d/j5QXHyw #https://www.jnanayogashrama.org/mdsmall/mdsm_index.php #https://instagram.com/jnanayogashrama?igshid=ZDdkNTZiNTM= #https://www.facebook.com/jnanayogashrama?mibextid=ZbWKwL
SyOJ323RQJM,Other,15.39,ಮನಸ್ಸು ಮೋಹಕ್ಕೆ ಒಳಗಾಗದ ಹಾಗೆ ಮಾಡುವುದು ಹೇಗೆ?,30:51,public,10/17/2025,49.0714187700164,83944,1.1K,52,2,21,0,ಪೂಜ್ಯರ ಪ್ರವಚನದ ಪುಸ್ತಕಗಳು ಈಗ Amazon & Website ನಲ್ಲಿ ಲಭ್ಯವಿರುತ್ತವೆ. ತಾವು ಕೆಳಗಡೆ ಕೊಟ್ಟಿರುವ ಲಿಂಕ್ ಮುಖಾಂತರ ಖರೀದಿಸಬಹದು Amazon : https://amzn.in/d/98q8EXK Website : https://www.jnanayogashrama.org/books_kannada.php
xSkOtUE6ils,Other,15.37,ಈ ಭೂಮಿಯ ಮೇಲೆ ನಾವು ಹೇಗೆ ಬದುಕಬೇಕು?,11:05,public,11/14/2022,49.1029609004017,84558,1K,45,0,0,0,
hEmYDxNSPIw,Other,15.27,ನಾವು ಯಾವುದರ ಕಡೆ ಲಕ್ಷ್ಯ ಕೊಡುವುದನ್ನು ಮರೆತಿದ್ದೇವೆ?,11:57,public,8/6/2022,48.9380108345815,81396,945,34,2,18,0,BOOKS ARE  AVAILABLE IN ONLINE (AMEZON & WEBSITE) LINKS ARE  GIVEN BELOW WEBSITE  - https://www.jnanayogashrama.org AMEZON - https://amzn.eu/d/cJtQoa3
G7_teZiCnac,Other,15.26,Live-ಗ್ರಂಥ ಬಿಡುಗಡೆ,09:21,public,1/1/2023,48.7576082600299,78073,1.1K,57,0,5,0,Shivashankar Jolle CBSE School Gathering-Nanadi
c0OPjHEwxOQ,Other,15.25,ನಮ್ಮ ಮನಸ್ಸು ಯಾವುದಕ್ಕೆ ಸೋಲುತ್ತಿದೆ?,16:12,public,6/23/2022,48.7674647054227,78251,1.2K,43,0,0,0,
aXQf73Cr_jo,Other,15.24,ನಮ್ಮ  ಆನಂದಕ್ಕಾಗಿ ನಾವೇನು ಮಾಡಬೇಕು?,09:19,public,5/11/2022,48.7996459737304,78835,1.1K,38,0,0,0,
WKD5ZD9OAbM,Other,15.23,ಭೂತ ಮತ್ತು ಭವಿಷ್ಯದ ಕಾಲದ ಜ್ಞಾನವಾಗಬೇಕಾದರೆ ಏನು ಮಾಡಬೇಕು?,22:51,public,5/24/2023,48.7728817219922,78349,1K,45,0,0,0,
15XgA4K5BnQ,Other,15.23,ಇದು ಇರುವತನಕ ನಮ್ಮ ಮನಸ್ಸಿಗೆ ಸಂತೋಷ ಸಿಗುವುದಿಲ್ಲ,27:44,public,9/17/2025,48.6498965880614,76154,1.1K,61,2,21,0,ಪೂಜ್ಯರ ಪ್ರವಚನದ ಪುಸ್ತಕಗಳು ಈಗ Amazon & Website ನಲ್ಲಿ ಲಭ್ಯವಿರುತ್ತವೆ. ತಾವು ಕೆಳಗಡೆ ಕೊಟ್ಟಿರುವ ಲಿಂಕ್ ಮುಖಾಂತರ ಖರೀದಿಸಬಹದು Amazon : https://amzn.in/d/98q8EXK Website : https://www.jnanayogashrama.org/books_kannada.php
AEmRClkE5l0,Other,15.22,ಯಾವ ನಾಲ್ಕು ಮಾತುಗಳನ್ನು ಪಾಲಿಸಿಸದರೆ ಜೀವನ ಮಧುರವಾಗುತ್ತದೆ?,28:15,public,3/13/2025,48.7748147288486,78384,1K,39,4,9,0,#siddheshwarswamiji   #Jnanayogi #kannadapravachan #motivationalvideo #SiritualTalks #https://amzn.eu/d/j5QXHyw #https://www.jnanayogashrama.org/mdsmall/mdsm_index.php #https://instagram.com/jnanayogashrama?igshid=ZDdkNTZiNTM= #https://www.facebook.com/jnanayogashrama?mibextid=ZbWKwL
9CXtDN7Gt84,Other,15.21,ಬೆಳಿಗ್ಗೆ ಎದ್ದು ಕೂಡಲೇ ಯಾವ ಮಂತ್ರವನ್ನು ನೆನಪು ಮಾಡಿಕೊಳ್ಳಬೇಕು?,14:07,public,12/1/2025,48.5622302118075,74627,956,80,2,21,0,ಪೂಜ್ಯರ ಪ್ರವಚನದ ಪುಸ್ತಕಗಳು ಈಗ Amazon & Website ನಲ್ಲಿ ಲಭ್ಯವಿರುತ್ತವೆ. ತಾವು ಕೆಳಗಡೆ ಕೊಟ್ಟಿರುವ ಲಿಂಕ್ ಮುಖಾಂತರ ಖರೀದಿಸಬಹದು Amazon : https://amzn.in/d/98q8EXK Website : https://www.jnanayogashrama.org/books_kannada.php
UgfpqblV5tI,Other,15.19,Why are we becoming poor? Talk by Sri Siddheshwar Swamiji,11:17,public,9/27/2021,48.7632037166886,78174,999,29,0,0,0,
psgwWXXZDUU,Other,15.19,ನಿವೃತ್ತಿ ಎಂದರೆ ಏನು?,00:51,public,4/29/2023,48.4115738836508,72074,2.1K,19,0,0,0,
br3QugAb-4A,Other,15.18,ಮನುಷ್ಯನ ಮೊದಲ ಭಕ್ತಿ ಎಲ್ಲಿಂದ ಪ್ರಾರಂಭವಾಗುತ್ತದೆ?,18:39,public,7/27/2024,48.6325276185801,75849,1.1K,41,2,21,0,ಪೂಜ್ಯರ ಪ್ರವಚನದ ಪುಸ್ತಕಗಳು ಈಗ Amazon & Website ನಲ್ಲಿ ಲಭ್ಯವಿರುತ್ತವೆ. ತಾವು ಕೆಳಗಡೆ ಕೊಟ್ಟಿರುವ ಲಿಂಕ್ ಮುಖಾಂತರ ಖರೀದಿಸಬಹದು? Amazon : https://amzn.in/d/98q8EXK Website : https://www.jnanayogashrama.org/books_kannada.php
9qat74U2wFY,Other,15.15,ನಿತ್ಯ ಬದಲಾಗುವ ಜಗತ್ತಿನಲ್ಲಿ ಬದುಕುವುದು ಹೇಗೆ?,31:56,public,5/5/2025,48.5741609772277,74833,1K,46,4,9,0,#siddheshwarswamiji   #jnanayogi  #kannadapravachan #motivationalvideo #SiritualTalks #https://amzn.eu/d/j5QXHyw #https://www.jnanayogashrama.org/mdsmall/mdsm_index.php #https://instagram.com/jnanayogashrama?igshid=ZDdkNTZiNTM= #https://www.facebook.com/jnanayogashrama?mibextid=ZbWKwL
KW4Z2bnuzS4,Other,15.15,ನಾವು ಯಾರ ಅವಲಂಬಿತರಾಗಿದ್ದೇವೆ?,00:53,public,3/12/2023,47.8884169601092,63868,3.2K,21,0,0,0,
7lbsbZuzpTg,Other,15.12,ಯಾವುದಕ್ಕೂ ಸೋಲದೆ ಬಲಿಷ್ಠವಾದ ಬದುಕನ್ನು ಕಟ್ಟುವುದು ಹೇಗೆ?,20:46,public,5/22/2025,48.4366025158731,72492,1.1K,52,4,9,0,#siddheshwarswamiji   #jnanayogi  #kannadapravachan #motivationalvideo #SiritualTalks #https://amzn.eu/d/j5QXHyw #https://www.jnanayogashrama.org/mdsmall/mdsm_index.php #https://instagram.com/jnanayogashrama?igshid=ZDdkNTZiNTM= #https://www.facebook.com/jnanayogashrama?mibextid=ZbWKwL
lOsuYeMYnnA,Other,15.11,ಜೀವನದ ಪ್ರತಿ ಕ್ಷಣ-ಕ್ಷಣವು  ಸಂತೋಷ ಅನುಭವಿಸುವುದು ಹೇಗೆ?,21:15,public,2/10/2025,48.4446551025105,72627,1.1K,46,2,21,0,ಪೂಜ್ಯರ ಪ್ರವಚನದ ಪುಸ್ತಕಗಳು ಈಗ Amazon & Website ನಲ್ಲಿ ಲಭ್ಯವಿರುತ್ತವೆ. ತಾವು ಕೆಳಗಡೆ ಕೊಟ್ಟಿರುವ ಲಿಂಕ್ ಮುಖಾಂತರ ಖರೀದಿಸಬಹದು? Amazon : https://amzn.in/d/98q8EXK Website : https://www.jnanayogashrama.org/books_kannada.php
HX_nf2srxRg,Other,15.1,ಯುಗಾದಿ ಹಬ್ಬದ ವಿಶೇಷ,07:05,public,3/22/2023,48.2739342291682,69818,1.3K,59,0,0,0,
tDBMwrIGoic,Other,15.09,ಮನಸ್ಸು ಎಂಬ ಭೂಮಿಯಲ್ಲಿ ಏನನ್ನು ಬೆಳೆದಿದ್ದೇವೆ?,11:26,public,12/7/2022,48.5315577662417,74100,967,29,0,0,0,
9IcNxP3yeqg,Other,15.08,ಸುಂದರ ಬದುಕು ಕಟ್ಟಲು ನಮ್ಮ ಕೆಲಸ ಹೇಗಿರಬೇಕು?,08:10,public,5/9/2023,48.5369280341236,74192,921,26,0,0,0,
eWO1Bq4sVJE,Other,15.05,ನಮ್ಮ ಮನಸ್ಸಿಗಿರುವ ಬಂಧನವನ್ನು ತೆಗೆಯುವುದು ಹೇಗೆ?,14:45,public,12/17/2022,48.2824805387965,69956,1.2K,41,0,0,0,
VdhmNSb1qm0,Other,15.05,ಮಾರ್ಗಗಳಲ್ಲಿ ವಿಶೇಷವಾದ ಮಾರ್ಗ ಯಾವುದು?,13:33,public,5/7/2022,48.4131949455502,72101,962,36,0,0,0,
1MN5ASN6WoY,Other,15.04,ಯಾವುದು ನಮ್ಮನ್ನು ದೊಡ್ಡವರನ್ನಾಗಿ ಮಾಡುತ್ತದೆ.,00:59,public,10/27/2022,47.4925853297795,58286,3.6K,16,0,0,0,
bM5eSmhlEDc,Other,15.03,ದೇವರು ಕೊಟ್ಟ ವಸ್ತುವನ್ನು ಹೇಗೆ ಬಳಸಬೇಕು?,12:43,public,4/22/2023,48.3950886707933,71800,990,27,0,0,0,
BiW9cJy_RmU,Other,15.02,ಜೀವನದಲ್ಲಿ ಅಹಂ ಎಂಬುದು ಹೆಚ್ಚಾದರೆ ಏನಾಗುತ್ತದೆ?,25:43,public,12/15/2025,48.2745540944174,69828,863,56,2,21,0,ಪೂಜ್ಯರ ಪ್ರವಚನದ ಪುಸ್ತಕಗಳು ಈಗ Amazon & Website ನಲ್ಲಿ ಲಭ್ಯವಿರುತ್ತವೆ. ತಾವು ಕೆಳಗಡೆ ಕೊಟ್ಟಿರುವ ಲಿಂಕ್ ಮುಖಾಂತರ ಖರೀದಿಸಬಹದು Amazon : https://amzn.in/d/98q8EXK Website : https://www.jnanayogashrama.org/books_kannada.php
O6JgIvuP4TI,Other,15.01,ಶುಭ-ಅಶುಭ ಪ್ರಸಂಗಗಳ ಮಧ್ಯೆ ನಿಶ್ಚಿಂತವಾಗಿ ಬದುಕುವುದು ಹೇಗೆ?,21:33,public,1/22/2025,48.1630498250565,68052,1K,61,2,21,0,ಪೂಜ್ಯರ ಪ್ರವಚನದ ಪುಸ್ತಕಗಳು ಈಗ Amazon & Website ನಲ್ಲಿ ಲಭ್ಯವಿರುತ್ತವೆ. ತಾವು ಕೆಳಗಡೆ ಕೊಟ್ಟಿರುವ ಲಿಂಕ್ ಮುಖಾಂತರ ಖರೀದಿಸಬಹದು? Amazon : https://amzn.in/d/98q8EXK Website : https://www.jnanayogashrama.org/books_kannada.php
3O1k-ts_k7c,Other,15,ನಾವೆಲ್ಲರೂ ಎಂತಹ ಭ್ರಮೆಯಲ್ಲಿ ಬದುಕುತ್ತಿದ್ದೇವೆ?,12:44,public,5/13/2023,48.2987831273043,70220,1K,30,0,0,0,
rSwGhfJuM3I,Other,15,ನಮ್ಮ ಹತ್ತಿರ ಏನೂ ಇಲ್ಲದಿದ್ದರೂ ಆನಂದವಾಗಿ ಇರುವುದು ಹೇಗೆ?,27:02,public,6/17/2025,48.1956803434482,68567,997,52,2,21,0,ಪೂಜ್ಯರ ಪ್ರವಚನದ ಪುಸ್ತಕಗಳು ಈಗ Amazon & Website ನಲ್ಲಿ ಲಭ್ಯವಿರುತ್ತವೆ. ತಾವು ಕೆಳಗಡೆ ಕೊಟ್ಟಿರುವ ಲಿಂಕ್ ಮುಖಾಂತರ ಖರೀದಿಸಬಹದು Amazon : https://amzn.in/d/98q8EXK Website : https://www.jnanayogashrama.org/books_kannada.php
nLaAgIotEVM,Other,14.98,ನಾವು ದುಃಖದಿಂದ ದೂರವಾಗುವುದು ಹೇಗೆ?,26:48,public,10/2/2024,48.156430399461,67948,1K,50,4,9,0,#Siddheshwarswamiji  #Jnanayogi #kannadapravachan #motivationalvideo #SiritualTalks #https://amzn.eu/d/j5QXHyw #https://www.jnanayogashrama.org/mdsmall/mdsm_index.php #https://instagram.com/jnanayogashrama?igshid=ZDdkNTZiNTM= #https://www.facebook.com/jnanayogashrama?mibextid=ZbWKwL
7prAQsj78Y0,Other,14.98,ಜಗತ್ತಿನಲ್ಲಿ ಇರುವುದನೆಲ್ಲಾ ತಲೆಗೆ ಹಾಕಿಕೊಳ್ಳಬಾರದು ಏಕೆ?,10:03,public,8/10/2022,48.0622888887478,66486,1.2K,51,0,0,0,
6m5Lr4c0xPg,Other,14.97,ನಮ್ಮ ಪ್ರಶಸ್ತಿಗಳು ಎಲ್ಲಿರಬೇಕು ?,00:58,public,9/14/2022,47.7175711363071,61396,2.4K,26,0,0,0,
AlNgPVys66o,Other,14.96,ಎಂತಹ ಕೆಲಸ ಮಾಡಿ ನಮ್ಮ ಜೀವನವನ್ನು ಕಟ್ಟಬೇಕು?,11:41,public,3/18/2023,48.1742923533247,68229,940,40,2,18,0,BOOKS ARE  AVAILABLE IN ONLINE (AMAZON & WEBSITE) LINKS ARE  GIVEN BELOW WEBSITE  - https://www.jnanayogashrama.org AMAZON - https://amzn.eu/d/cJtQoa3
MKRDXi7lWZ0,Other,14.94,ನಾವು ನಮ್ಮ ಶರೀರವನ್ನು ಹೇಗೆ ಇಟ್ಟುಕೊಳ್ಳಬೇಕು? - How should we take care of our bodies?,10:37,public,12/12/2023,48.1137989124071,67282,1K,39,4,4,0,#https://amzn.eu/d/j5QXHyw #https://www.jnanayogashrama.org/mdsmall/mdsm_index.php #https://instagram.com/jnanayogashrama?igshid=ZDdkNTZiNTM= #https://www.facebook.com/jnanayogashrama?mibextid=ZbWKwL
nFiTNC8csBU,Other,14.94,Sri Siddheshwar Swamiji's discourse on Patanjali Yoga Sutra - Kannada Video 4,51:17,public,6/20/2020,48.2512481755511,69453,745,32,0,12,-,Sri Siddheshwar Swamiji's discourse on Patanjali Yoga Sutra - Kannada Video 4
5kynCUQ3mc0,Other,14.93,ಕಷ್ಟದ ಸಮಯದಲ್ಲಿ ಜೀವನ ಸಾಗಿಸುವುದು ಹೇಗೆ?,06:14,public,12/3/2022,48.1509489861585,67862,932,30,0,0,0,
fuGObGB8qMM,Other,14.91,ಸಂಸಾರವೆಂಬ ಪ್ರವಾಹದಿಂದ ಪಾರಾಗವುದು ಹೇಗೆ?,24:21,public,4/15/2025,48.0886381815418,66892,871,39,4,9,0,#siddheshwarswamiji   #jnanayogi  #kannadapravachan #motivationalvideo #SiritualTalks #https://amzn.eu/d/j5QXHyw #https://www.jnanayogashrama.org/mdsmall/mdsm_index.php #https://instagram.com/jnanayogashrama?igshid=ZDdkNTZiNTM= #https://www.facebook.com/jnanayogashrama?mibextid=ZbWKwL
ya-8YINKmTk,Other,14.91,ನನ್ನ ಹತ್ತಿರ ಏನೂ ಇಲ್ಲ ಅಂತ ಏಕೆ ಅಂದುಕೊಳ್ಳಬಾರದು?,22:15,public,12/24/2025,47.955524569414,64866,914,62,2,21,0,ಪೂಜ್ಯರ ಪ್ರವಚನದ ಪುಸ್ತಕಗಳು ಈಗ Amazon & Website ನಲ್ಲಿ ಲಭ್ಯವಿರುತ್ತವೆ. ತಾವು ಕೆಳಗಡೆ ಕೊಟ್ಟಿರುವ ಲಿಂಕ್ ಮುಖಾಂತರ ಖರೀದಿಸಬಹದು Amazon : https://amzn.in/d/98q8EXK Website : https://www.jnanayogashrama.org/books_kannada.php
3zvL8lTgY1U,Other,14.9,Live- ಜ್ಞಾನಯೋಗಿ ಪರಮ ಪೂಜ್ಯ ಶ್ರೀ ಸಿದ್ಧೇಶ್ವರ ಸ್ವಾಮೀಜಿಯವರ ನುಡಿ ನಮನ ಕಾರ್ಯಕ್ರಮ @ ಜಮಖಂಡಿ,02:23:28,public,1/31/2023,48.0630049041251,66497,850,38,0,3,0,ಸ್ಥಳ : ಜಮಖಂಡಿ
dX-3tTVvAzI,Other,14.83,ನಾವೆಲ್ಲರೂ ಹೇಗೆ ಸಣ್ಣವರು ಆಗುತ್ತಿದ್ದೇವೆ ?,10:40,public,9/24/2022,47.9350588744954,64560,899,28,0,0,0,
KeJGi5H9kNU,Other,14.82,ಈ ಜಗತ್ತಿನಲ್ಲಿ ಯಾವುದು ಇರುತ್ತದೆ? ಯಾವುದು ಹೋಗುತ್ತದೆ?,25:00,public,10/22/2024,47.7277104696627,61540,1K,57,2,21,0,ಪೂಜ್ಯರ ಪ್ರವಚನದ ಪುಸ್ತಕಗಳು ಈಗ Amazon & Website ನಲ್ಲಿ ಲಭ್ಯವಿರುತ್ತವೆ. ತಾವು ಕೆಳಗಡೆ ಕೊಟ್ಟಿರುವ ಲಿಂಕ್ ಮುಖಾಂತರ ಖರೀದಿಸಬಹದು? Amazon : https://amzn.in/d/98q8EXK Website : https://www.jnanayogashrama.org/books_kannada.php
Pq_yTVwgvBQ,Other,14.82,Bhagvad Gita lecture by Sri Siddheshwar Swamiji - Series I (Part -15),47:55,public,9/29/2021,47.9327789231828,64526,787,31,0,0,0,
gQ4-47sjETw,Other,14.82,ಆತ್ಮ ಎಂಬುದು ಹೇಗಿದೆ?,16:39,public,3/9/2023,47.7898555360316,62430,1K,45,2,18,0,BOOKS ARE  AVAILABLE IN ONLINE (AMAZON & WEBSITE) LINKS ARE  GIVEN BELOW WEBSITE  - https://www.jnanayogashrama.org AMAZON - https://amzn.eu/d/cJtQoa3
jkO1QJLVwAQ,Other,14.81,Live-ಪೂಜ್ಯ ಶ್ರೀ ಸಿದ್ಧೇಶ್ವರ ಸ್ವಾಮಿಗಳನ್ನು ವಿಚಾರಿಸಲು  ಆಗಮಿಸಿದ ಕರ್ನಾಟಕದ  ಸನ್ಮಾನ್ಯ ಮುಖ್ಯಮಂತ್ರಿಗಳು .,13:16,public,12/31/2022,47.7582660730052,61976,968,45,0,5,0,31-12-2022 ಸ್ಥಳ : ಜ್ಞಾನಯೋಗಾಶ್ರಮ ವಿಜಯಪುರ.
EXnoJGPiJ0w,Other,14.8,ಕೆಲವೊಮ್ಮೆ ಸಣ್ಣವರ ಮಾತನ್ನು ಏಕೆ ಕೇಳಬೇಕು?,07:25,public,11/13/2022,48.039182737661,66132,606,17,0,0,0,
jDF1R-HA-9Q,Other,14.8,ಶ್ರೀ ಸಿದ್ದೇಶ್ವರ ಮಹಾಸ್ವಾಮಿಗಳು ಆರೋಗ್ಯವಾಗಿದ್ದಾರೆ- ಎಲ್ಲಾ ಸದ್ಭಾಕ್ತರಲ್ಲಿ ಜ್ಞಾನಯೋಗಾಶ್ರಮದ ಅಧ್ಯಕ್ಷರಿಂದ ವಿನಂತಿ,02:16,public,12/30/2022,47.4734593410999,58029,1.1K,87,0,0,0,
V_EeZtW4mwo,Other,14.79,ನಾವೆಲ್ಲರೂ ಜೀವನವನ್ನು ಹೇಗೆ ಸಾಗಿಸಬೇಕು?,17:05,public,2/22/2023,47.7541438539687,61917,900,42,2,18,0,BOOKS ARE  AVAILABLE IN ONLINE (AMEZON & WEBSITE) LINKS ARE  GIVEN BELOW WEBSITE  - https://www.jnanayogashrama.org AMEZON - https://amzn.eu/d/cJtQoa3
yISpxBTYvOI,Other,14.79,ಜೀವನದಲ್ಲಿ ಆತ್ಮವಿಶ್ವಾಸ ಎಂಬುದು ಎಷ್ಟು ಅವಶ್ಯ.,09:41,public,4/10/2023,47.7763156124405,62235,900,40,4,13,0,#Jnanayogashramavijayapur #https://instagram.com/jnanayogashrama?igshid=ZDdkNTZiNTM= #https://www.facebook.com/jnanayogashrama?mibextid=ZbWKwL #Kathamrutha (Tales told by Siddheshwar Swamiji in Kannada) https://amzn.eu/d/j5QXHyw #https://www.jnanayogashrama.org/mdsmall/mdsm_index.php
LOD614ISpIA,Other,14.77,ನಮ್ಮ ಸ್ವಭಾವವೇ ಹೇಗೆ ನಮ್ಮ ಕೆಲಸಗಳಿಗೆ ಕಾರಣವಾಗುತ್ತದೆ?,09:56,public,3/29/2023,47.7439962639603,61772,956,31,0,0,0,
MHiloTfrITE,Other,14.77,ಪೂಜ್ಯ ಶ್ರೀ ಮಲ್ಲಿಕಾರ್ಜುನ ಮಹಾಶಿವ ಯೋಗಿಗಳವರ 123ನೇ ಜಯಂತ್ಯೋತ್ಸವ- ಧ್ವಜಾರೋಹಣ ಹಾಗೂ ಗದ್ದುಗೆಯ ಮಹಾಪೂಜೆ,01:44,public,10/17/2025,47.8722585034172,63630,978,8,0,0,0,
XUscpWYiSGI,Other,14.77,LIVE - ಪೂಜ್ಯ ಶ್ರೀ ಸಿದ್ಧೇಶ್ವರ ಸ್ವಾಮೀಜಿಯವರ ಆಧ್ಯಾತ್ಮಿಕ  ಪ್ರವಚನ ಕಾಖಂಡಕಿ (15-10-2022) .#jnanayogashrama,52:13,public,10/15/2022,47.6665864109545,60677,908,51,0,5,0,"ಸ್ಥಳ :- ಶ್ರೀ ಗುರುದೇವಾಶ್ರಮ, ಕಾಖಂಡಕಿ."
A8Q0StX0f7A,Other,14.76,ಮನುಷ್ಯನಲ್ಲಿ ಪ್ರೇಮ ಎಂಬುದು ಹೇಗಿರಬೇಕು?,14:16,public,5/3/2023,47.7281324268432,61546,857,39,0,0,0,
Nng1VZiMc10,Other,14.75,ನಾವು  ಏತಕ್ಕಾಗಿ ಜಗತ್ತಿಗೆ ಬಂದಿದ್ದೇವೆ?,12:19,public,2/6/2023,47.6717903648036,60750,1K,35,0,0,0,
0WvZOr5zdXs,Other,14.75,ನಾನು ನಾನಾಗಿ ಉಳಿಯಬೇಕಾದರೆ ಏನು ಮಾಡಬೇಕು?,13:53,public,1/24/2024,47.6069016083244,59846,950,49,4,5,0,#https://amzn.eu/d/j5QXHyw #https://www.jnanayogashrama.org/mdsmall/mdsm_index.php #https://instagram.com/jnanayogashrama?igshid=ZDdkNTZiNTM= #https://www.facebook.com/jnanayogashrama?mibextid=ZbWKwL ​
KRRIM3tV_s0,Other,14.75,ಎಂತಹ ಧ್ಯಾನ ಮಾಡಿದರೆ ನಮ್ಮ ಜೀವನ ಸವಿಯಾಗಿರುತ್ತದೆ?,22:06,public,1/21/2025,47.6430550163998,60348,946,44,4,9,0,#siddheshwarswamiji   #Jnanayogi #kannadapravachan #motivationalvideo #SiritualTalks #https://amzn.eu/d/j5QXHyw #https://www.jnanayogashrama.org/mdsmall/mdsm_index.php #https://instagram.com/jnanayogashrama?igshid=ZDdkNTZiNTM= #https://www.facebook.com/jnanayogashrama?mibextid=ZbWKwL
37IVWZ5hxHI,Other,14.73,Bhagvad Gita lecture by Sri Siddheshwar Swamiji - Series I (Part -20),46:10,public,11/3/2021,47.5775123000181,59441,815,52,0,0,0,
lCN-QQoWVx4,Other,14.72,ದೇವನತ್ತ ಮನಸ್ಸನ್ನು ಹರಿಬಿಡಲು ನಾವು ಎಂತಹ ಭಕ್ತಿ ಮಾಡಬೇಕು?,23:35,public,10/17/2024,47.4961481508671,58334,995,52,2,21,0,ಪೂಜ್ಯರ ಪ್ರವಚನದ ಪುಸ್ತಕಗಳು ಈಗ Amazon & Website ನಲ್ಲಿ ಲಭ್ಯವಿರುತ್ತವೆ. ತಾವು ಕೆಳಗಡೆ ಕೊಟ್ಟಿರುವ ಲಿಂಕ್ ಮುಖಾಂತರ ಖರೀದಿಸಬಹದು? Amazon : https://amzn.in/d/98q8EXK Website : https://www.jnanayogashrama.org/books_kannada.php
X5urd9wMf9Q,Other,14.7,ಮನುಷ್ಯನಿಗೆ ಅನ್ನದ ಮಹತ್ವ ಗೊತ್ತಾಗುವುದು ಯಾವಾಗ?,25:37,public,6/19/2025,47.5533438004148,59110,823,43,2,21,0,ಪೂಜ್ಯರ ಪ್ರವಚನದ ಪುಸ್ತಕಗಳು ಈಗ Amazon & Website ನಲ್ಲಿ ಲಭ್ಯವಿರುತ್ತವೆ. ತಾವು ಕೆಳಗಡೆ ಕೊಟ್ಟಿರುವ ಲಿಂಕ್ ಮುಖಾಂತರ ಖರೀದಿಸಬಹದು Amazon : https://amzn.in/d/98q8EXK Website : https://www.jnanayogashrama.org/books_kannada.php
MluLa7lWCtI,Other,14.67,ಪರಮಾತ್ಮನಿಗೆ ಇಷ್ಟವಾಗಬೇಕಾದರೆ ನಾವು ಹೇಗೆ ಬದುಕಬೇಕು?,21:10,public,11/8/2025,47.4726388298159,58018,823,47,2,21,0,ಪೂಜ್ಯರ ಪ್ರವಚನದ ಪುಸ್ತಕಗಳು ಈಗ Amazon & Website ನಲ್ಲಿ ಲಭ್ಯವಿರುತ್ತವೆ. ತಾವು ಕೆಳಗಡೆ ಕೊಟ್ಟಿರುವ ಲಿಂಕ್ ಮುಖಾಂತರ ಖರೀದಿಸಬಹದು Amazon : https://amzn.in/d/98q8EXK Website : https://www.jnanayogashrama.org/books_kannada.php
rFbLbQ75cv8,Other,14.67,ಮನುಷ್ಯನು ಸಣ್ಣವನು ಮತ್ತು ದೊಡ್ಡವನು ಎಂದು ಹೇಗೆ ಗುರುತಿಸಬೇಕು?,06:58,public,3/20/2023,47.6169424842559,59985,759,23,0,0,0,
nsuaRWbAJNA,Other,14.66,ಜಗತ್ತಿನಲ್ಲಿ  ನಮಗೆ ಅತ್ಯಂತ ಸುಲಭವಾಗಿ ಸಿಗುವ ವಸ್ತು ಯಾವುದು?,31:05,public,11/7/2024,47.3678367281248,56630,896,56,4,9,0,#siddheshwarswamiji   #Jnanayogi #kannadapravachan #motivationalvideo #SiritualTalks #https://amzn.eu/d/j5QXHyw #https://www.jnanayogashrama.org/mdsmall/mdsm_index.php #https://instagram.com/jnanayogashrama?igshid=ZDdkNTZiNTM= #https://www.facebook.com/jnanayogashrama?mibextid=ZbWKwL
1MjVGd3_jYc,Other,14.65,ಜಗದ್ಗುರು ಪೂಜ್ಯ ಶ್ರೀ ಕಾಡಸಿದ್ಧೇಶ್ವರ ಮಹಾಸ್ವಾಮಿಗಳವರಿಂದ ಸಾನಿಧ್ಯ ನುಡಿಗಳು,27:14,public,1/16/2025,47.6039354568176,59805,582,26,0,18,0,ಪೂಜ್ಯ ಶ್ರೀ ಸಿದ್ಧೇಶ್ವರ ಮಹಾಸ್ವಾಮಿಗಳವರ ಗುರುನಮನ ಮಹೋತ್ಸವ-2025  02-01-2025  ಜಗದ್ಗುರು ಪೂಜ್ಯ ಶ್ರೀ ಕಾಡಸಿದ್ಧೇಶ್ವರ ಮಹಾಸ್ವಾಮಿಗಳವರಿಂದ ಸಾನಿಧ್ಯ ನುಡಿಗಳು             ಸ್ಥಳ : ಜ್ಞಾನಯೋಗಾಶ್ರಮ ವಿಜಯಪುರ
OyEirFmLnzk,Other,14.64,ನಾವು ಯಾರ ಹಾಗೆ ಈ ಜಗತ್ತಿನಲ್ಲಿ ಬದುಕಿ ಹೋಗಬೇಕಾಗಿದೆ?,22:07,public,10/15/2024,47.322353539061,56038,932,50,2,21,0,ಪೂಜ್ಯರ ಪ್ರವಚನದ ಪುಸ್ತಕಗಳು ಈಗ Amazon & Website ನಲ್ಲಿ ಲಭ್ಯವಿರುತ್ತವೆ. ತಾವು ಕೆಳಗಡೆ ಕೊಟ್ಟಿರುವ ಲಿಂಕ್ ಮುಖಾಂತರ ಖರೀದಿಸಬಹದು? Amazon : https://amzn.in/d/98q8EXK Website : https://www.jnanayogashrama.org/books_kannada.php
KwM2kei0F48,Other,14.64,ಕಣ್ಣು ಬಿಟ್ಟಲ್ಲೆಲ್ಲಾ ದೇವರನ್ನು ಕಾಣುವುದು ಹೇಗೆ?,27:41,public,11/28/2025,47.3093585995242,55870,870,58,2,21,0,ಪೂಜ್ಯರ ಪ್ರವಚನದ ಪುಸ್ತಕಗಳು ಈಗ Amazon & Website ನಲ್ಲಿ ಲಭ್ಯವಿರುತ್ತವೆ. ತಾವು ಕೆಳಗಡೆ ಕೊಟ್ಟಿರುವ ಲಿಂಕ್ ಮುಖಾಂತರ ಖರೀದಿಸಬಹದು Amazon : https://amzn.in/d/98q8EXK Website : https://www.jnanayogashrama.org/books_kannada.php
IXqQV4c4Rtg,Other,14.63,ನೆಮ್ಮದಿಯ ಜೀವನ ಸಾಗಿಸಬೇಕಾದರೆ ಯಾವ ಆಚಾರವನ್ನು ಪಾಲಿಸಬೇಕು?,09:58,public,1/22/2024,47.436231010288,57532,787,34,4,5,0,#https://amzn.eu/d/j5QXHyw #https://www.jnanayogashrama.org/mdsmall/mdsm_index.php #https://instagram.com/jnanayogashrama?igshid=ZDdkNTZiNTM= #https://www.facebook.com/jnanayogashrama?mibextid=ZbWKwL ​
XoTLGCbs8vQ,Other,14.62,LIVE - ಪೂಜ್ಯ ಶ್ರೀ ಸಿದ್ಧೇಶ್ವರ ಸ್ವಾಮೀಜಿಯವರ ಆಧ್ಯಾತ್ಮಿಕ  ಪ್ರವಚನ ಕಾಖಂಡಕಿ (08-11-2022),01:13:17,public,11/8/2022,47.3910085258791,56934,837,35,0,11,0,"ಸ್ಥಳ :- ಶ್ರೀ ಗುರುದೇವಾಶ್ರಮ, ಕಾಖಂಡಕಿ.  # jnanayogashram vijayapura  # Siddheshwara Swamiji"
qqgmlxtnmPI,Other,14.62,ಮನಸ್ಸಿನ ಶಾಂತಿಗಾಗಿ ಯಾವ ಜ್ಞಾನ ಪಡೆದುಕೊಳ್ಳಬೇಕು?,23:38,public,4/30/2025,47.3472287664712,56361,877,42,4,9,0,#siddheshwarswamiji   #jnanayogi  #kannadapravachan #motivationalvideo #SiritualTalks #https://amzn.eu/d/j5QXHyw #https://www.jnanayogashrama.org/mdsmall/mdsm_index.php #https://instagram.com/jnanayogashrama?igshid=ZDdkNTZiNTM= #https://www.facebook.com/jnanayogashrama?mibextid=ZbWKwL
-cd2jQNPgyQ,Other,14.59,"ಶ್ರಾವಣ ಮಾಸದ 8ನೇ ದಿನದ ಪ್ರವಚನ 24-08-2023   ಪ್ರವಚನ : ಮಾತೋಶ್ರೀ ಯೋಗೆಶ್ವರಿ ಮಾತಾಜಿ, ಬುರಣಾಪೂರ.",01:24:20,public,8/26/2023,47.5363231365753,58878,362,27,0,0,0,
6jWSKsbqhns,Other,14.58,ನಿಜವಾಗಲೂ ನಾವು ಯಾರು ಎಂದು ತಿಳಿದುಕೊಳ್ಳುವುದು ಹೇಗೆ?,14:49,public,11/1/2025,47.0957070838903,53179,1.1K,51,2,21,0,ಪೂಜ್ಯರ ಪ್ರವಚನದ ಪುಸ್ತಕಗಳು ಈಗ Amazon & Website ನಲ್ಲಿ ಲಭ್ಯವಿರುತ್ತವೆ. ತಾವು ಕೆಳಗಡೆ ಕೊಟ್ಟಿರುವ ಲಿಂಕ್ ಮುಖಾಂತರ ಖರೀದಿಸಬಹದು Amazon : https://amzn.in/d/98q8EXK Website : https://www.jnanayogashrama.org/books_kannada.php
aEByrr10cTA,Other,14.58,Sri Siddheshwar Swamiji's discourse on Patanjali Yoga Sutra - Kannada Video 3,43:37,public,6/18/2020,47.4188936205021,57302,649,23,0,12,-,Sri Siddheshwar Swamiji's discourse on Patanjali Yoga Sutra - Kannada Video 3
cs40CPHSsTQ,Other,14.57,ಪೂಜ್ಯ ಶ್ರೀ ಸಿದ್ಧೇಶ್ವರ ಸ್ವಾಮೀಜಿಯವರ ಆಧ್ಯಾತ್ಮಿಕ  ಪ್ರವಚನ ಕಾಖಂಡಕಿ (04-11-2022),42:38,public,11/7/2022,47.2562009493033,55188,798,38,0,5,0,"ಸ್ಥಳ :- ಶ್ರೀ ಗುರುದೇವಾಶ್ರಮ, ಕಾಖಂಡಕಿ."
rDQgtQfuAXw,Life,14.56,ಮಧುರವಾದ  ಜೀವನ ಸಾಗಿಸಲು ನಮ್ಮ ಹತ್ತಿರ ಎಂತಹ ಗುಣ ಇರಬೇಕು?-What quality should we have to lead a sweet life?,13:45,public,11/28/2023,47.2557303773949,55182,804,34,4,4,0,#https://amzn.eu/d/j5QXHyw #https://www.jnanayogashrama.org/mdsmall/mdsm_index.php #https://instagram.com/jnanayogashrama?igshid=ZDdkNTZiNTM= #https://www.facebook.com/jnanayogashrama?mibextid=ZbWKwL
2D-wHcS9qlI,Other,14.55,Sri Siddheshwar Swamiji English discourse -  Video 1,35:47,public,6/28/2020,47.3262907237976,56089,774,21,0,8,-,Sri Siddheshwar Swamiji English discourse -  Video 1
18B0oXgMjjY,Other,14.55,ಇನ್ನೊಬ್ಬರ ಜೀವನದಲ್ಲಿ ಹುಳಿ ಹಿಂಡಿದರೆ ಏನಾಗುತ್ತದೆ?,24:05,public,7/26/2025,47.1208638350328,53489,774,58,4,9,0,#siddheshwarswamiji   #jnanayogi  #kannadapravachan #motivationalvideo #SiritualTalks #https://amzn.eu/d/j5QXHyw #https://www.jnanayogashrama.org/mdsmall/mdsm_index.php #https://instagram.com/jnanayogashrama?igshid=ZDdkNTZiNTM= #https://www.facebook.com/jnanayogashrama?mibextid=ZbWKwL
NXqljkQQZgQ,Other,14.52,ಹೊಯ್ದಾಡುವ ಪ್ರಪಂಚದಲ್ಲಿ ನಾವು ಬದುಕುವ ಕಲೆ  ಹೇಗಿರಬೇಕು?,06:34,public,9/17/2022,47.1861531436182,54302,751,32,0,0,0,
8LEv56eB4Fo,Other,14.52,ತ್ಯಾಗ ಅಂತ ಮಾಡಿದರೆ ಹೇಗೆ ಮಾಡಬೇಕು? ಮತ್ತು ಏನು ಮಾಡಬೇಕು?,25:23,public,10/14/2025,47.1172211084279,53444,792,41,2,21,0,ಪೂಜ್ಯರ ಪ್ರವಚನದ ಪುಸ್ತಕಗಳು ಈಗ Amazon & Website ನಲ್ಲಿ ಲಭ್ಯವಿರುತ್ತವೆ. ತಾವು ಕೆಳಗಡೆ ಕೊಟ್ಟಿರುವ ಲಿಂಕ್ ಮುಖಾಂತರ ಖರೀದಿಸಬಹದು Amazon : https://amzn.in/d/98q8EXK Website : https://www.jnanayogashrama.org/books_kannada.php
u5lk-ZQ1xI4,Other,14.5,ಪ್ರಪಂಚ ಎಂದರೆ ಏನು?,12:35,public,4/24/2023,47.0570387573016,52706,886,34,0,0,0,
ZuJhmFqt4Q4,Other,14.47,#ಪೂಜ್ಯ ಶ್ರೀ ಸಿದ್ಧೇಶ್ವರ ಸ್ವಾಮೀಜಿಯವರ ಆಧ್ಯಾತ್ಮಿಕ  ಪ್ರವಚನ (20-08-2022),36:50,public,8/20/2022,46.9286089056658,51165,775,53,0,4,0,ಸ್ಥಳ :-  ಜ್ಞಾನಯೋಗಾಶ್ರಮ ವಿಜಯಪುರ
eRD1EcYhlgo,Other,14.47,ದೇವರಲ್ಲಿ ನಾವೇನು ಬೇಡಿಕೊಳ್ಳಬೇಕು ?,01:00,public,9/23/2022,46.4779067887063,46105,2.4K,18,0,0,0,
BhU4Fxz7xK8,Other,14.44,ಸಂಸಾರ ಎಂದರೇನು?,01:00,public,1/25/2023,46.4223535593136,45517,2.2K,28,0,0,0,
RAwkUITyuK4,Other,14.43,ಗೃಹಸ್ತನಾದವನು ಹೇಗೆ ದೇವರ ಕೆಲಸ ಮಾಡಬೇಕು?,16:43,public,2/24/2024,46.9087692705752,50931,842,32,4,4,0,#https://amzn.eu/d/j5QXHyw #https://www.jnanayogashrama.org/mdsmall/mdsm_index.php #https://instagram.com/jnanayogashrama?igshid=ZDdkNTZiNTM= #https://www.facebook.com/jnanayogashrama?mibextid=ZbWKwL
FG3RYFiApzE,Other,14.43,ಎಂತಹ ಧ್ಯಾನ ಮಾಡಿದರೆ ನಮ್ಮ ಜೀವನ ಅರಳುತ್ತದೆ?,20:24,public,11/12/2025,46.8579088662471,50336,711,53,2,21,0,ಪೂಜ್ಯರ ಪ್ರವಚನದ ಪುಸ್ತಕಗಳು ಈಗ Amazon & Website ನಲ್ಲಿ ಲಭ್ಯವಿರುತ್ತವೆ. ತಾವು ಕೆಳಗಡೆ ಕೊಟ್ಟಿರುವ ಲಿಂಕ್ ಮುಖಾಂತರ ಖರೀದಿಸಬಹದು Amazon : https://amzn.in/d/98q8EXK Website : https://www.jnanayogashrama.org/books_kannada.php
RaxRUMtvKow,Other,14.42,ನಮ್ಮ ಮನಸ್ಸು ಬೇರೆ ಕಡೆಗೆ ಹರಿಯದ ಹಾಗೆ ಮಾಡುವುದು ಹೇಗೆ?,25:02,public,8/6/2025,46.782361369596,49465,872,48,2,21,0,ಪೂಜ್ಯರ ಪ್ರವಚನದ ಪುಸ್ತಕಗಳು ಈಗ Amazon & Website ನಲ್ಲಿ ಲಭ್ಯವಿರುತ್ತವೆ. ತಾವು ಕೆಳಗಡೆ ಕೊಟ್ಟಿರುವ ಲಿಂಕ್ ಮುಖಾಂತರ ಖರೀದಿಸಬಹದು? Amazon : https://amzn.in/d/98q8EXK Website : https://www.jnanayogashrama.org/books_kannada.php
rGmEFSVWhQE,Other,14.42,ಹೋಳಿ ಹುಣ್ಣಿಮೆಯ ವಿಶೇಷ.,02:24,public,3/7/2023,46.8149625032738,49839,884,40,2,18,0,BOOKS ARE  AVAILABLE IN ONLINE (AMAZON & WEBSITE) LINKS ARE  GIVEN BELOW WEBSITE  - https://www.jnanayogashrama.org AMAZON - https://amzn.eu/d/cJtQoa3
HjeycGhE8UA,Other,14.42,ಪೂಜ್ಯ ಶ್ರೀ ಮಲ್ಲಿಕಾರ್ಜುನ ಮಹಾಶಿವಯೋಗಿಗಳವರ 123ನೇ ಜಯಂತ್ಯೋತ್ಸವ- ಭಜನೆ ಹಾಗೂ ಪಲ್ಲಕ್ಕಿ ಉತ್ಸವ (16-10-2025),02:11,public,10/19/2025,46.950546804899,51425,870,17,0,0,0,
H-rU1WOd-gI,Other,14.4,LIVE - ಪೂಜ್ಯ ಶ್ರೀ ಸಿದ್ಧೇಶ್ವರ ಸ್ವಾಮೀಜಿಯವರ ಆಧ್ಯಾತ್ಮಿಕ  ಪ್ರವಚನ (18-08-2022),44:55,public,8/18/2022,46.7459847853112,49051,802,51,0,4,0,ಸ್ಥಳ :-  ಜ್ಞಾನಯೋಗಾಶ್ರಮ ವಿಜಯಪುರ
SejzFy0m1OI,Other,14.36,ಮನುಷ್ಯನ ಹತ್ತಿರ ಎಲ್ಲವೂ ಇದ್ದು ಅನುಭವಿಸಲಿಕ್ಕೆ ಏಕೆ ಬರುತ್ತಿಲ್ಲ?,22:57,public,5/18/2025,46.6681708162719,48177,804,46,4,9,0,#siddheshwarswamiji   #jnanayogi  #kannadapravachan #motivationalvideo #SiritualTalks #https://amzn.eu/d/j5QXHyw #https://www.jnanayogashrama.org/mdsmall/mdsm_index.php #https://instagram.com/jnanayogashrama?igshid=ZDdkNTZiNTM= #https://www.facebook.com/jnanayogashrama?mibextid=ZbWKwL
AWTq3cOsYak,Other,14.36,ಭೂಮಿಯ ಮೇಲಿರುವ ಪ್ರತಿಯೊಂದು  ಜೀವಿಯನ್ನು ಏಕೆ ಗೌರವಿಸಬೇಕು?,15:16,public,2/20/2023,46.7419240051398,49005,829,33,0,0,0,
vDXmB3GFwrk,Other,14.34,ಹೇಗೆ ಕಲಿತರೆ ನಾವು ಜೀವನವನ್ನು ಆನಂದವಾಗಿ ಸಾಗಿಸಬಹುದು?,26:51,public,7/12/2025,46.7214740205138,48774,729,31,4,9,0,#siddheshwarswamiji   #jnanayogi  #kannadapravachan #motivationalvideo #SiritualTalks #https://amzn.eu/d/j5QXHyw #https://www.jnanayogashrama.org/mdsmall/mdsm_index.php #https://instagram.com/jnanayogashrama?igshid=ZDdkNTZiNTM= #https://www.facebook.com/jnanayogashrama?mibextid=ZbWKwL
s8jkcUTD-No,Other,14.31,ನಮ್ಮ ಮನಸ್ಸನ್ನು ಯಾವುದಕ್ಕೂ ಸೋಲದ ಹಾಗೆ ಮಾಡುವುದು ಹೇಗೆ?,16:05,public,6/15/2025,46.665474861829,48147,769,26,4,9,0,#siddheshwarswamiji   #jnanayogi  #kannadapravachan #motivationalvideo #SiritualTalks #https://amzn.eu/d/j5QXHyw #https://www.jnanayogashrama.org/mdsmall/mdsm_index.php #https://instagram.com/jnanayogashrama?igshid=ZDdkNTZiNTM= #https://www.facebook.com/jnanayogashrama?mibextid=ZbWKwL
q34RdFaY5RU,Other,14.31,LIVE - ಪೂಜ್ಯ ಶ್ರೀ ಸಿದ್ಧೇಶ್ವರ ಸ್ವಾಮೀಜಿಯವರ ಆಧ್ಯಾತ್ಮಿಕ  ಪ್ರವಚನ (19-08-2022),51:32,public,8/19/2022,46.5324779043887,46690,870,40,0,4,0,ಸ್ಥಳ :-  ಜ್ಞಾನಯೋಗಾಶ್ರಮ ವಿಜಯಪುರ
6AgtUQ5c7zM,Other,14.29,ನೋಡಿ ನಮ್ಮೆಲ್ಲರ ಮನಸ್ಸು ಹೇಗಾಗಿದೆ?,15:13,public,9/5/2022,46.5854539038782,47265,758,30,2,18,0,BOOKS ARE  AVAILABLE IN ONLINE (AMEZON & WEBSITE) LINKS ARE  GIVEN BELOW WEBSITE  - https://www.jnanayogashrama.org AMEZON - https://amzn.eu/d/cJtQoa3
6bCTt50ybSA,Other,14.26,ಪೂಜ್ಯ ಶ್ರೀ ಸಿದ್ಧೇಶ್ವರ ಸ್ವಾಮೀಜಿಯವರ ಆಧ್ಯಾತ್ಮಿಕ  ಪ್ರವಚನ ಕಾಖಂಡಕಿ (07-11-2022),43:31,public,11/7/2022,46.5082157629315,46429,721,33,0,0,0,
umkoS2qV5Cs,Other,14.23,ಮನಸ್ಸನ್ನು ಬಳಸಿಕೊಂಡು ಶಾಂತಿಯನ್ನು ಪಡೆಯುವುದು ಹೇಗೆ?,19:39,public,12/14/2024,46.3429932728471,44690,790,42,2,21,0,ಪೂಜ್ಯರ ಪ್ರವಚನದ ಪುಸ್ತಕಗಳು ಈಗ Amazon & Website ನಲ್ಲಿ ಲಭ್ಯವಿರುತ್ತವೆ. ತಾವು ಕೆಳಗಡೆ ಕೊಟ್ಟಿರುವ ಲಿಂಕ್ ಮುಖಾಂತರ ಖರೀದಿಸಬಹದು? Amazon : https://amzn.in/d/98q8EXK Website : https://www.jnanayogashrama.org/books_kannada.php
aCWCOkj75fc,Other,14.22,LIVE - ಜ್ಞಾನಯೋಗಾಶ್ರಮ ವಿಜಯಪುರದಲ್ಲಿ ಸ್ವಾತಂತ್ರ್ಯದ ಅಮೃತ ಮಹೋತ್ಸವ ಕಾರ್ಯಕ್ರಮ.,02:15:16,public,8/14/2022,46.3276643592561,44532,821,40,0,4,0,ಸ್ಥಳ :-  ಜ್ಞಾನಯೋಗಾಶ್ರಮ ವಿಜಯಪುರ
NI1FRqCz14c,Other,14.21,ಜೀವನದಲ್ಲಿ ನಿರಾಶೆ ಎಂಬುದು ಏಕೆ ಇರಬಾರದು?,26:01,public,8/17/2025,46.3192978993119,44446,775,37,2,21,0,ಪೂಜ್ಯರ ಪ್ರವಚನದ ಪುಸ್ತಕಗಳು ಈಗ Amazon & Website ನಲ್ಲಿ ಲಭ್ಯವಿರುತ್ತವೆ. ತಾವು ಕೆಳಗಡೆ ಕೊಟ್ಟಿರುವ ಲಿಂಕ್ ಮುಖಾಂತರ ಖರೀದಿಸಬಹದು Amazon : https://amzn.in/d/98q8EXK Website : https://www.jnanayogashrama.org/books_kannada.php
Q__Ad2NlF2Q,Other,14.2,ಗುರು ಎಂಬುವನು ಹೇಗೆ ಶ್ರೇಷ್ಠ ?,16:56,public,10/25/2022,46.3752198397096,45024,689,31,0,0,0,
YWenzRJnJM0,Other,14.2,ಮನುಷ್ಯನಿಗೆ ದೊರೆತರೆ ಎಂತಹ ಫಲ ದೊರೆಯಬೇಕು?,17:08,public,4/26/2023,46.3824234716157,45099,675,28,0,0,0,
rezLPXiRQNQ,Other,14.2,ನೆಮ್ಮದಿಯ ಜೀವನಕ್ಕಾಗಿ ನಾವೇನು ಮಾಡಬೇಕು?,07:20,public,11/2/2022,46.5397948841579,46769,489,17,0,0,0,
PGycX0z1h8Q,Other,14.2,ನಮ್ಮ ಪಾಲಿಗೆ ಬಂದಿರುವುದು ದೇವರ ಕೊಟ್ಟ ಪ್ರಸಾದ,01:00,public,2/3/2023,45.8794448984197,40151,2K,23,0,0,0,
CVifuf0pTX0,Other,14.19,ನಮ್ಮ ಜೀವನ ಅರಳಬೇಕಾದರೆ ಗುರುವಿನ ಮಾತುಗಳು ಎಷ್ಟು ಅವಶ್ಯಕವಾಗಿವೆ?,18:54,public,8/10/2024,46.200136612233,43239,841,46,4,9,0,#Siddheshwarswamiji  #Jnanayogi #kannadapravachan #motivationalvideo #SiritualTalks #https://amzn.eu/d/j5QXHyw #https://www.jnanayogashrama.org/mdsmall/mdsm_index.php #https://instagram.com/jnanayogashrama?igshid=ZDdkNTZiNTM= #https://www.facebook.com/jnanayogashrama?mibextid=ZbWKwL
X-4YnjjsB7I,Other,14.18,"ನೋಡಿ,ಪ್ರತಿಯೊಂದು ವಸ್ತುವಿನಲ್ಲಿ ಎಂತಹ  ಶಕ್ತಿ ಇದೆಯೆಂದು.",17:12,public,3/6/2023,46.3466718888878,44728,725,21,0,0,0,
DZ9JJN0TexU,Other,14.17,ನಮ್ಮ ಮನಸ್ಸು ಹೇಗಿದ್ದರೆ ಜಗತ್ತಿನ ಜನರು ಒಂದಾಗಲು ಸಾಧ್ಯವಾಗುತ್ತದೆ?,23:34,public,2/19/2025,46.2153246444101,43391,725,43,4,9,0,#siddheshwarswamiji   #Jnanayogi #kannadapravachan #motivationalvideo #SiritualTalks #https://amzn.eu/d/j5QXHyw #https://www.jnanayogashrama.org/mdsmall/mdsm_index.php #https://instagram.com/jnanayogashrama?igshid=ZDdkNTZiNTM= #https://www.facebook.com/jnanayogashrama?mibextid=ZbWKwL
G6wj9LUAx4k,Other,14.17,LIVE - ಪೂಜ್ಯ ಶ್ರೀ ಸಿದ್ಧೇಶ್ವರ ಸ್ವಾಮೀಜಿಯವರ ಆಧ್ಯಾತ್ಮಿಕ  ಪ್ರವಚನ (21-08-2022),37:23,public,8/21/2022,46.1250164459599,42495,774,55,0,4,0,ಸ್ಥಳ :-  ಜ್ಞಾನಯೋಗಾಶ್ರಮ ವಿಜಯಪುರ
pE4DOxyVFz8,Other,14.17,ಏನು ಮಾಡಿದರೆ ನಾವು ಮಾಡುವ ಊಟ ರುಚಿ-ರುಚಿಯಾಗಿ ಇರುತ್ತದೆ?,24:00,public,7/23/2025,46.294198988188,44189,634,36,4,9,0,#siddheshwarswamiji   #jnanayogi  #kannadapravachan #motivationalvideo #SiritualTalks #https://amzn.eu/d/j5QXHyw #https://www.jnanayogashrama.org/mdsmall/mdsm_index.php #https://instagram.com/jnanayogashrama?igshid=ZDdkNTZiNTM= #https://www.facebook.com/jnanayogashrama?mibextid=ZbWKwL
E4boEHOFaDA,Other,14.16,ನಮ್ಮ ಮನಸ್ಸಿನ ಒಂದೊಂದು ರೂಪ ಹೇಗಿರುತ್ತದೆ?,14:07,public,4/7/2022,46.1959305039111,43197,720,41,0,0,0,
U3ZnJQHteyk,Other,14.14,ನಮ್ಮೆಲ್ಲರ ಹತ್ತಿರ ಇರಬೇಕಾದ ದೊಡ್ಡ ಗುಣ ಯಾವುದು?,15:42,public,11/29/2024,46.1600125789129,42840,732,34,2,21,0,ಪೂಜ್ಯರ ಪ್ರವಚನದ ಪುಸ್ತಕಗಳು ಈಗ Amazon & Website ನಲ್ಲಿ ಲಭ್ಯವಿರುತ್ತವೆ. ತಾವು ಕೆಳಗಡೆ ಕೊಟ್ಟಿರುವ ಲಿಂಕ್ ಮುಖಾಂತರ ಖರೀದಿಸಬಹದು? Amazon : https://amzn.in/d/98q8EXK Website : https://www.jnanayogashrama.org/books_kannada.php
DTPLoCM2NAw,Other,14.13,ಭಕ್ತ ಯಾವಾಗ ಭಯಮುಕ್ತನಾಗಿ ಮತ್ತು ತೃಪ್ತಿದಾಯಕನಾಗಿ ಇರುತ್ತಾನೆ?,24:29,public,12/11/2024,46.1662718526498,42902,712,34,4,9,0,#siddheshwarswamiji   #Jnanayogi #kannadapravachan #motivationalvideo #SiritualTalks #https://amzn.eu/d/j5QXHyw #https://www.jnanayogashrama.org/mdsmall/mdsm_index.php #https://instagram.com/jnanayogashrama?igshid=ZDdkNTZiNTM= #https://www.facebook.com/jnanayogashrama?mibextid=ZbWKwL
wqpmrzISTZs,Other,14.11,"#Pujya Sri Siddheshwar Swamiji's English pravachan (11-12-2021) at Mahamane, in bhalki.",41:37,public,12/11/2021,46.0520925462323,41785,784,37,0,0,0,
xNkD8FTwkLI,Other,14.11,ಯಾವುದು ಸುಂದರ ಜೀವನ?,00:41,public,9/20/2022,45.6600011157132,38166,2K,17,0,0,0,
IHfKxWUkSGo,Other,14.1,LIVE - ಪೂಜ್ಯ ಶ್ರೀ ಸಿದ್ಧೇಶ್ವರ ಸ್ವಾಮೀಜಿಯವರ ಆಧ್ಯಾತ್ಮಿಕ  ಪ್ರವಚನ  (17-08-2022),50:25,public,8/17/2022,45.9012721921795,40354,787,59,0,4,0,ಸ್ಥಳ :-  ಜ್ಞಾನಯೋಗಾಶ್ರಮ ವಿಜಯಪುರ
kTqTCkmfQvY,Other,14.08,ಜಗತ್ತು ಒಂದು ಧರ್ಮ ಶಾಲೆ,00:59,public,4/11/2023,45.6194406866238,37810,1.9K,16,0,0,0,
EmU6hkmqX4E,Other,14.07,ನಮ್ಮ ಮನಸ್ಸನ್ನು ನಾವು ಹೇಗೆ ಬಳಸಬೇಕು?,14:50,public,3/11/2023,45.9901245921051,41191,751,31,2,18,0,BOOKS ARE  AVAILABLE IN ONLINE (AMAZON & WEBSITE) LINKS ARE  GIVEN BELOW WEBSITE  - https://www.jnanayogashrama.org AMAZON - https://amzn.eu/d/cJtQoa3
ClBlYnOoPkI,Other,14.06,ದೇವರು ಕೊಟ್ಟ ಪ್ರಸಾದವನ್ನು  ನಾವು ಹೇಗೆ ಸ್ವೀಕರಿಸಬೇಕು?,22:41,public,10/19/2025,45.9859196075644,41151,616,39,2,21,0,ಪೂಜ್ಯರ ಪ್ರವಚನದ ಪುಸ್ತಕಗಳು ಈಗ Amazon & Website ನಲ್ಲಿ ಲಭ್ಯವಿರುತ್ತವೆ. ತಾವು ಕೆಳಗಡೆ ಕೊಟ್ಟಿರುವ ಲಿಂಕ್ ಮುಖಾಂತರ ಖರೀದಿಸಬಹದು Amazon : https://amzn.in/d/98q8EXK Website : https://www.jnanayogashrama.org/books_kannada.php
LBhVarbrPK4,Other,14.06,ಮನುಷ್ಯನು ಏಕೆ ದುಃಖಕ್ಕೆ ಒಳಗಾಗುತ್ತಾನೆ?,21:45,public,8/21/2025,45.9212821646026,40541,749,38,2,21,0,ಪೂಜ್ಯರ ಪ್ರವಚನದ ಪುಸ್ತಕಗಳು ಈಗ Amazon & Website ನಲ್ಲಿ ಲಭ್ಯವಿರುತ್ತವೆ. ತಾವು ಕೆಳಗಡೆ ಕೊಟ್ಟಿರುವ ಲಿಂಕ್ ಮುಖಾಂತರ ಖರೀದಿಸಬಹದು Amazon : https://amzn.in/d/98q8EXK Website : https://www.jnanayogashrama.org/books_kannada.php
rjPz5GTc9Kc,Other,14.05,"ಈ ಜಗತ್ತಿನಲ್ಲಿ ಯಾರು ದೊಡ್ಡವರು, ಯಾರು ಸಣ್ಣವರು?",00:54,public,5/12/2023,45.6636284461839,38198,1.6K,15,0,0,0,
m9Iin8Al0eo,Other,14.05,ಶುದ್ಧ ಪ್ರೇಮ ಎಂದರೆ ಯಾವುದು?,09:43,public,10/9/2022,46.0152690657568,41431,728,17,0,0,0,
YFEGO5i6eho,Other,14.04,ನಮ್ಮ ಜೀವನವನ್ನು ಯಾವುದಕ್ಕಾಗಿ ಬಳಸಬೇಕು?,12:46,public,3/1/2023,46.0086827684502,41368,608,25,2,18,0,BOOKS ARE  AVAILABLE IN ONLINE (AMEZON & WEBSITE) LINKS ARE  GIVEN BELOW WEBSITE  - https://www.jnanayogashrama.org AMAZON - https://amzn.eu/d/cJtQoa3
a9DqQwlsCc8,Other,14.03,ನಮ್ಮ ಜೀವನದಲ್ಲಿ ಸಮಾಧಾನ ಉಂಟಾಗಬೇಕಾದರೆ ಎಂತಹ ಅಮೃತ ಕುಡಿಯಬೇಕು?,19:04,public,11/12/2024,45.8852619284313,40205,718,31,4,9,0,#siddheshwarswamiji   #Jnanayogi #kannadapravachan #motivationalvideo #SiritualTalks #https://amzn.eu/d/j5QXHyw #https://www.jnanayogashrama.org/mdsmall/mdsm_index.php #https://instagram.com/jnanayogashrama?igshid=ZDdkNTZiNTM= #https://www.facebook.com/jnanayogashrama?mibextid=ZbWKwL
n2n0UuKE0IQ,Life,14,What is it that swallows our life fully? Listen to Sri Siddheshwar Swamiji's pravachan to know more.,10:55,public,7/6/2021,45.9212821646026,40541,554,24,0,0,0,
inIaYDTL0f0,Other,13.97,ನಿಸರ್ಗ ಕೊಟ್ಟಿರುವುದನ್ನು ಹೇಗೆ ಬಳಸಿಕೊಂಡರೆ ಜೀವನ ಸಾರ್ಥಕವಾಗುತ್ತದೆ?,29:07,public,8/24/2024,45.728405860487,38774,679,35,4,9,0,#Siddheshwarswamiji  #Jnanayogi #kannadapravachan #motivationalvideo #SiritualTalks #https://amzn.eu/d/j5QXHyw #https://www.jnanayogashrama.org/mdsmall/mdsm_index.php #https://instagram.com/jnanayogashrama?igshid=ZDdkNTZiNTM= #https://www.facebook.com/jnanayogashrama?mibextid=ZbWKwL
uCAOCBkV4Xk,Other,13.97,ಈ ಜಗತ್ತಿನಲ್ಲಿ ಯಾವುದು ಸ್ಥಿರವಿಲ್ಲ ಏಕೆ?,21:08,public,8/29/2025,45.6936635421336,38464,696,38,2,21,0,ಪೂಜ್ಯರ ಪ್ರವಚನದ ಪುಸ್ತಕಗಳು ಈಗ Amazon & Website ನಲ್ಲಿ ಲಭ್ಯವಿರುತ್ತವೆ. ತಾವು ಕೆಳಗಡೆ ಕೊಟ್ಟಿರುವ ಲಿಂಕ್ ಮುಖಾಂತರ ಖರೀದಿಸಬಹದು Amazon : https://amzn.in/d/98q8EXK Website : https://www.jnanayogashrama.org/books_kannada.php
guSXqTi5s6c,Other,13.96,ಜೀವನದಲ್ಲಾಗುವ ಬದಲಾವಣೆಗಳನ್ನು ಎದುರಿಸಲು ನಮ್ಮಲ್ಲಿ ಎಂತಹ  ಜ್ಞಾನ ಇರಬೇಕು?,15:15,public,8/26/2024,45.6614750853809,38179,798,32,4,9,0,#Siddheshwarswamiji  #Jnanayogi #kannadapravachan #motivationalvideo #SiritualTalks #https://amzn.eu/d/j5QXHyw #https://www.jnanayogashrama.org/mdsmall/mdsm_index.php #https://instagram.com/jnanayogashrama?igshid=ZDdkNTZiNTM= #https://www.facebook.com/jnanayogashrama?mibextid=ZbWKwL
CW9aTEOn8o8,Other,13.93,ಮನುಷ್ಯನ ಅಹಂ ಎಂಬುದು ಯಾವಾಗ ಕಡಿಮೆಯಾಗುತ್ತದೆ?,21:22,public,7/3/2024,45.6134841848796,37758,735,29,4,9,0,#Siddheshwarswamiji  #Jnanayogi #kannadapravachan #motivationalvideo #SiritualTalks #https://amzn.eu/d/j5QXHyw #https://www.jnanayogashrama.org/mdsmall/mdsm_index.php #https://instagram.com/jnanayogashrama?igshid=ZDdkNTZiNTM= #https://www.facebook.com/jnanayogashrama?mibextid=ZbWKwL
GHQY680yGoE,Other,13.92,"Live-ಪೂಜ್ಯ ಶ್ರೀ ಸಿದ್ಧೇಶ್ವರ ಸ್ವಾಮೀಜಿಯವರ ಆಧ್ಯಾತ್ಮಿಕ ಪ್ರವಚನ (12-12-2021) ಚನ್ನಬಸವಾಶ್ರಮ, ಭಾಲ್ಕಿ.",52:22,public,12/12/2021,45.6290454446156,37894,664,27,0,9,0,"Live-ಪೂಜ್ಯ ಶ್ರೀ ಸಿದ್ಧೇಶ್ವರ ಸ್ವಾಮೀಜಿಯವರ ಆಧ್ಯಾತ್ಮಿಕ ಪ್ರವಚನ (12-12-2021) ಚನ್ನಬಸವಾಶ್ರಮ, ಭಾಲ್ಕಿ."
rD3_nCLymJE,Other,13.92,ಏಕಾಗ್ರತೆಯಿಂದ ಮನಸ್ಸಿನ ಮೇಲೆ ಎಂತಹ ಪರಿಣಾಮ ಉಂಟಾಗುತ್ತದೆ?,14:49,public,11/23/2023,45.5939536001268,37588,708,29,4,4,0,#https://amzn.eu/d/j5QXHyw #https://www.jnanayogashrama.org/mdsmall/mdsm_index.php #https://instagram.com/jnanayogashrama?igshid=ZDdkNTZiNTM= #https://www.facebook.com/jnanayogashrama?mibextid=ZbWKwL
9c23NYa0sNM,Other,13.92,ಪ್ರಪಂಚದಲ್ಲಿರುವ ವಿಷಯಗಳು ನಮ್ಮಲ್ಲಿ ಹೇಗೆ ತುಂಬಿಕೊಂಡಿವೆ?,25:00,public,10/11/2025,45.5861166222082,37520,583,40,2,21,0,ಪೂಜ್ಯರ ಪ್ರವಚನದ ಪುಸ್ತಕಗಳು ಈಗ Amazon & Website ನಲ್ಲಿ ಲಭ್ಯವಿರುತ್ತವೆ. ತಾವು ಕೆಳಗಡೆ ಕೊಟ್ಟಿರುವ ಲಿಂಕ್ ಮುಖಾಂತರ ಖರೀದಿಸಬಹದು Amazon : https://amzn.in/d/98q8EXK Website : https://www.jnanayogashrama.org/books_kannada.php
BPgRugg89t0,Other,13.91,ನಮ್ಮ ಜೀವನ ಪ್ರತಿದಿನ ಎಲ್ಲಿಂದ ಪ್ರಾರಂಭವಾಗಬೇಕು?,17:34,public,11/24/2025,45.5876159655298,37533,496,44,2,21,0,ಪೂಜ್ಯರ ಪ್ರವಚನದ ಪುಸ್ತಕಗಳು ಈಗ Amazon & Website ನಲ್ಲಿ ಲಭ್ಯವಿರುತ್ತವೆ. ತಾವು ಕೆಳಗಡೆ ಕೊಟ್ಟಿರುವ ಲಿಂಕ್ ಮುಖಾಂತರ ಖರೀದಿಸಬಹದು Amazon : https://amzn.in/d/98q8EXK Website : https://www.jnanayogashrama.org/books_kannada.php
hHZ0r2_z6ds,Other,13.91,ಪ್ರಶಾಂತವಾದ ಜೀವನ ಸಾಗಿಸಲು ನಮ್ಮ ಹತ್ತಿರ ಏನಿರಬೇಕು?,15:54,public,2/12/2025,45.581384518908,37479,643,35,4,9,0,#siddheshwarswamiji   #Jnanayogi #kannadapravachan #motivationalvideo #SiritualTalks #https://amzn.eu/d/j5QXHyw #https://www.jnanayogashrama.org/mdsmall/mdsm_index.php #https://instagram.com/jnanayogashrama?igshid=ZDdkNTZiNTM= #https://www.facebook.com/jnanayogashrama?mibextid=ZbWKwL
5JGdm-NKtR8,Other,13.9,ಮನುಷ್ಯನಾದವನು ಯಾವುದರ ಕಲ್ಪನೆಯಲ್ಲಿ ಬದುಕುತ್ತಿದ್ದಾನೆ?,19:22,public,5/30/2024,45.525128034983,36995,719,32,4,10,0,#Siddheshwarswamiji  #Jnanayogi #kannadapravachan #motivationalvideo #SiritualTalks #https://amzn.eu/d/j5QXHyw #https://www.jnanayogashrama.org/mdsmall/mdsm_index.php #https://instagram.com/jnanayogashrama?igshid=ZDdkNTZiNTM= #https://www.facebook.com/jnanayogashrama?mibextid=ZbWKwL ​
ydBVL0lHvhc,Other,13.89,ವಿಜಯಪುರದ ಜ್ಞಾನಯೋಗಾಶ್ರಮದಲ್ಲಿ ಚಾಣಕ್ಯ ಕರಿಯರ್ ಅಕಾಡೆಮಿ ಕಾರ್ಯಕ್ರಮ-2022.,56:28,public,7/17/2022,45.3265533511205,35336,857,52,2,18,0,BOOKS ARE  SALE IN ONLINE (AMEZON & WEBSITE) LINKS ARE  GIVEN BELOW WEBSITE  - https://www.jnanayogashrama.org AMEZON - https://amzn.eu/d/cJtQoa3
5BWDjt0Ve2c,Other,13.89,ನಮ್ಮ ಮೇಲೆ ಕಾಲದ ಪ್ರಭಾವ ಹೇಗಿರುತ್ತದೆ?,01:00,public,3/3/2023,45.2936025978833,35068,1.5K,11,0,0,0,
5QnTFeGMHw0,Other,13.88,ನಾವು ಎಂತಹವರ ಸಂಘ ಮಾಡಬೇಕು.,01:00,public,12/24/2022,44.7895782191145,31213,2.5K,16,0,0,0,
xkBYognmKi4,Other,13.88,ಏನಾದರೂ ಸಾಧಿಸಲು ಹೊರಟಾಗ ನಮ್ಮ ಪರಿಶ್ರಮ ಹೇಗಿರಬೇಕು?,25:43,public,4/26/2025,45.5524177330332,37229,652,24,4,9,0,#siddheshwarswamiji   #jnanayogi  #kannadapravachan #motivationalvideo #SiritualTalks #https://amzn.eu/d/j5QXHyw #https://www.jnanayogashrama.org/mdsmall/mdsm_index.php #https://instagram.com/jnanayogashrama?igshid=ZDdkNTZiNTM= #https://www.facebook.com/jnanayogashrama?mibextid=ZbWKwL
VpFYEfA6IlY,Other,13.88,ದಾನ ಮಾಡುವಾಗ  ಹೇಗೆ ಮಾಡಿದರೆ ನಾವು ಶ್ರೀಮಂತರಾಗುತ್ತೇವೆ?,19:46,public,9/15/2025,45.5768784434123,37440,562,27,2,21,0,ಪೂಜ್ಯರ ಪ್ರವಚನದ ಪುಸ್ತಕಗಳು ಈಗ Amazon & Website ನಲ್ಲಿ ಲಭ್ಯವಿರುತ್ತವೆ. ತಾವು ಕೆಳಗಡೆ ಕೊಟ್ಟಿರುವ ಲಿಂಕ್ ಮುಖಾಂತರ ಖರೀದಿಸಬಹದು Amazon : https://amzn.in/d/98q8EXK Website : https://www.jnanayogashrama.org/books_kannada.php
WKt20sKKfsY,Other,13.87,ಇದನ್ನು ತಿಳಿದುಕೊಂಡರೆ ಜೀವನ ಪೂರ್ತಿ ನೆಮ್ಮದಿಯಿಂದ ಇರಬಹುದು,17:26,public,9/6/2025,45.529922013402,37036,621,27,2,21,0,ಪೂಜ್ಯರ ಪ್ರವಚನದ ಪುಸ್ತಕಗಳು ಈಗ Amazon & Website ನಲ್ಲಿ ಲಭ್ಯವಿರುತ್ತವೆ. ತಾವು ಕೆಳಗಡೆ ಕೊಟ್ಟಿರುವ ಲಿಂಕ್ ಮುಖಾಂತರ ಖರೀದಿಸಬಹದು Amazon : https://amzn.in/d/98q8EXK Website : https://www.jnanayogashrama.org/books_kannada.php
Hx1SBA9A0dg,Other,13.87,ಈ ಜಗತ್ತಿನಲ್ಲಿ ನಿಜವಾದ ಮಹಾತ್ಮರು ಎಂದರೆ ಯಾರು?,19:18,public,10/24/2025,45.537977959766,37105,476,34,2,21,0,ಪೂಜ್ಯರ ಪ್ರವಚನದ ಪುಸ್ತಕಗಳು ಈಗ Amazon & Website ನಲ್ಲಿ ಲಭ್ಯವಿರುತ್ತವೆ. ತಾವು ಕೆಳಗಡೆ ಕೊಟ್ಟಿರುವ ಲಿಂಕ್ ಮುಖಾಂತರ ಖರೀದಿಸಬಹದು Amazon : https://amzn.in/d/98q8EXK Website : https://www.jnanayogashrama.org/books_kannada.php
15JJpyZ-dp8,Other,13.87,ನಮ್ಮ ಜೀವನ ಸುಗಮವಾಗಿ ಸಾಗಲು ನಮ್ಮ ಆಚಾರಗಳು ಹೇಗಿರಬೇಕು?,24:39,public,4/24/2025,45.5699368458976,37380,542,22,0,0,0,
0xk7B2CnkOA,Other,13.87,ಸವಿಯೆಂಬುದು ಸ್ವಂತದರಲ್ಲಿ ಹೇಗೆ ಇರುವುದು?,16:22,public,7/27/2022,45.5475322354398,37187,611,22,2,18,0,BOOKS ARE  SALE IN ONLINE (AMEZON & WEBSITE) LINKS ARE  GIVEN BELOW WEBSITE  - https://www.jnanayogashrama.org AMEZON - https://amzn.eu/d/cJtQoa3
4BaYMrZUVe8,Other,13.84,ನಮ್ಮ ಕುಟುಂಬವನನ್ನು ಸ್ವರ್ಗ ಮಾಡುವುದು ಹೇಗೆ?,05:35,public,7/4/2022,45.4631490608275,36469,589,26,0,0,0,
rDX7wYfhLik,Other,13.83,ನಿಸರ್ಗ ದೇವರಿಂದ ನಮಗೆ ಸಿಕ್ಕ ಅಪರೂಪದ ಕಾಣಿಕೆ ಎಂದರೆ ಯಾವುದು?,26:12,public,11/9/2024,45.3766036531272,35747,648,30,4,9,0,#siddheshwarswamiji   #Jnanayogi #kannadapravachan #motivationalvideo #SiritualTalks #https://amzn.eu/d/j5QXHyw #https://www.jnanayogashrama.org/mdsmall/mdsm_index.php #https://instagram.com/jnanayogashrama?igshid=ZDdkNTZiNTM= #https://www.facebook.com/jnanayogashrama?mibextid=ZbWKwL
h27_W9P3bTg,Other,13.82,ನಮ್ಮ ಜೀವನ ಆರಂಭ ಮಾಡುವ ಮೊದಲು ನಾವು ಏನನ್ನು ಕಲಿಯಬೇಕು?,28:36,public,5/20/2025,45.3163752431792,35253,577,39,4,9,0,#siddheshwarswamiji   #jnanayogi  #kannadapravachan #motivationalvideo #SiritualTalks #https://amzn.eu/d/j5QXHyw #https://www.jnanayogashrama.org/mdsmall/mdsm_index.php #https://instagram.com/jnanayogashrama?igshid=ZDdkNTZiNTM= #https://www.facebook.com/jnanayogashrama?mibextid=ZbWKwL
gmE5tEOKISU,Other,13.82,ದಾನದಲ್ಲಿಯೂ ಕೂಡಾ ಎಂತಹ ನೀತಿ ಇರುವುದು,08:16,public,6/4/2022,45.3989448555881,35932,595,26,0,0,0,
VJsL5jY396M,Other,13.82,ಯಾವುದೇ ಕೆಲಸ ಮಾಡುವ ಮೊದಲು ಏಕೆ ಯೋಚಿಸಬೇಕು.,00:59,public,2/8/2023,45.0376117448587,33054,1.6K,14,0,0,0,
qNYzGYrcX9Y,Life,13.81,What do we mean by fulfilled life? - Sri Siddheshwar Swamiji Pravachan,13:25,public,12/9/2020,45.5313241251111,37048,330,17,0,0,0,
yeFC5ZKpGs4,Other,13.8,Live-ಜ್ಞಾನಯೋಗಾಶ್ರಮ ವಿಜಯಪುರದಲ್ಲಿ ಶ್ರಾವಣ ಮಾಸದ ನಿಮಿತ್ಯವಾಗಿ ಪ್ರವಚನದ ಉದ್ಘಾಟನಾ ಸಮಾರಂಭ.,36:38,public,7/29/2022,45.4212911601306,36118,495,17,0,12,0,ಸ್ಥಳ : ಜ್ಞಾನಯೋಗಾಶ್ರಮ ವಿಜಯಪುರ  #ಶರಣೆ ಪೂಜ್ಯ ಶ್ರೀ ಯೋಗೇಶ್ವರಿ ತಾಯಿ ಮಾತೋಶ್ರೀ  ಆರೂಢಾಶ್ರಮ ಬುರಣಾಪೂರ.
ltihw0ex6x0,Other,13.8,ನಾವೆಲ್ಲರೂ ಚಿಂತೆಯಿಂದ ಮುಕ್ತರಾಗುವುದು ಹೇಗೆ?,25:21,public,3/11/2025,45.2806240804149,34963,634,32,4,9,0,#siddheshwarswamiji   #Jnanayogi #kannadapravachan #motivationalvideo #SiritualTalks #https://amzn.eu/d/j5QXHyw #https://www.jnanayogashrama.org/mdsmall/mdsm_index.php #https://instagram.com/jnanayogashrama?igshid=ZDdkNTZiNTM= #https://www.facebook.com/jnanayogashrama?mibextid=ZbWKwL
6ibraDxQ6AI,Other,13.79,ಇವೆಲ್ಲವೂ ಇದ್ದರೆ ಅದು ಮಾತ್ರ ನಿಜವಾದ ಧರ್ಮವಾಗುತ್ತದೆ?,29:55,public,6/5/2025,45.2936025978833,35068,554,33,4,9,0,#siddheshwarswamiji   #jnanayogi  #kannadapravachan #motivationalvideo #SiritualTalks #https://amzn.eu/d/j5QXHyw #https://www.jnanayogashrama.org/mdsmall/mdsm_index.php #https://instagram.com/jnanayogashrama?igshid=ZDdkNTZiNTM= #https://www.facebook.com/jnanayogashrama?mibextid=ZbWKwL
2LS47Hzzdw8,Other,13.76,ಸಾಧನೆ ಮಾಡಲು ಹೊರಟವನ ನಡೆ-ನುಡಿ ಹೇಗಿರಬೇಕು?,19:31,public,8/5/2024,45.0387900429166,33063,721,48,0,0,0,
QPe1U4b5rP0,Other,13.75,Live-ಅಭಿವಂದನಾ ಕಾರ್ಯಕ್ರಮ @ಜ್ಞಾನಯೋಗಾಶ್ರಮ ವಿಜಯಪುರ.,02:23:44,public,2/12/2023,45.2688479826843,34868,485,21,0,4,0,ಸ್ಥಳ : ಜ್ಞಾನಯೋಗಾಶ್ರಮ ವಿಜಯಪುರ.
MFtY2C1kgKU,Other,13.75,"ಶ್ರಾವಣ ಮಾಸದ ವಿಶೇಷ ಪ್ರವಚನ ದಿನ-15 ಪೂಜ್ಯ ಶ್ರೀ ಅಮರೇಶ್ವರ ಮಹಾರಾಜರು, ಸಿದ್ಧಸಿರಿ ಆಶ್ರಮ, ಕೌಲಗುಡ್ಡ.",01:15:40,public,8/23/2024,45.2445751418857,34673,399,30,0,0,0,
la9drih7x0k,Other,13.75,ವ್ಯವಹಾರಿಕ ಭಕ್ತಿ ಎಂದರೆ ಏನು?,17:26,public,3/20/2024,45.165211674022,34043,620,28,4,10,0,#Siddheshwarswamiji  #Jnanayogi #kannadapravachan #motivationalvideo #SiritualTalks #https://amzn.eu/d/j5QXHyw #https://www.jnanayogashrama.org/mdsmall/mdsm_index.php #https://instagram.com/jnanayogashrama?igshid=ZDdkNTZiNTM= #https://www.facebook.com/jnanayogashrama?mibextid=ZbWKwL ​
TI-9EcIaTDE,Other,13.73,ಏನಾದರೂ ಕಲಿಯಬೇಕಾದರೆ ಈ ಐದು ವಿಧಾನಗಳನ್ನು ಅಳವಡಿಸಿಕೊಳ್ಳಿ,15:07,public,9/18/2024,45.0453303081884,33113,708,32,4,9,0,#Siddheshwarswamiji  #Jnanayogi #kannadapravachan #motivationalvideo #SiritualTalks #https://amzn.eu/d/j5QXHyw #https://www.jnanayogashrama.org/mdsmall/mdsm_index.php #https://instagram.com/jnanayogashrama?igshid=ZDdkNTZiNTM= #https://www.facebook.com/jnanayogashrama?mibextid=ZbWKwL
osTNDXVcLFM,Other,13.72,ಎಲ್ಲರೂ ನಮ್ಮನ್ನು ಪ್ರೀತಿಸುವ ಹಾಗೆ ಮಾಡುವುದು ಹೇಗೆ?,13:09,public,2/28/2025,45.0963955353738,33506,570,28,4,9,0,#siddheshwarswamiji   #Jnanayogi #kannadapravachan #motivationalvideo #SiritualTalks #https://amzn.eu/d/j5QXHyw #https://www.jnanayogashrama.org/mdsmall/mdsm_index.php #https://instagram.com/jnanayogashrama?igshid=ZDdkNTZiNTM= #https://www.facebook.com/jnanayogashrama?mibextid=ZbWKwL
6TsuMMGBRWw,Other,13.71,ಜೀವನದಲ್ಲಿ ಸಹನೆ ಎಂಬುದು ಎಷ್ಟು ಮುಖ್ಯ.,01:00,public,2/9/2023,44.6416204030012,30164,1.7K,18,0,0,0,
2wFIJDqCTdY,Other,13.71,ರೈತನೇ ನಿಜವಾದ ರಾಜ.,01:00,public,2/22/2023,44.7216578917937,30727,1.6K,14,0,0,0,
E5ly_lTiC94,Other,13.68,LIVE - ಪೂಜ್ಯ ಶ್ರೀ ಸಿದ್ಧೇಶ್ವರ ಸ್ವಾಮೀಜಿಯವರ ಆಧ್ಯಾತ್ಮಿಕ  ಪ್ರವಚನ ಕಾಖಂಡಕಿ (22-10-2022) #jnanayogashrama,01:02:51,public,10/22/2022,44.9964322977017,32741,605,25,0,11,0,"ಸ್ಥಳ :- ಶ್ರೀ ಗುರುದೇವಾಶ್ರಮ, ಕಾಖಂಡಕಿ.  # jnanayogashram vijayapura  # Siddheshwara Swamiji"
hf862thcvdc,Other,13.65,108 Shiva Namananjali - Shivanamavali with lyrics in Sanskrit.  108 शिव नमनाञ्जलि,11:43,public,4/29/2022,45.150693867672,33929,226,15,0,0,0,
-vv-ftwqh7M,Other,13.64,ಬದುಕು ಶಾಂತಿಯುತವಾಗಿ ನಡೆಯಬೇಕೆಂದರೆ ಏನು ಮಾಡಬೇಕು?,18:21,public,9/21/2025,44.894782290233,31981,528,31,2,21,0,ಪೂಜ್ಯರ ಪ್ರವಚನದ ಪುಸ್ತಕಗಳು ಈಗ Amazon & Website ನಲ್ಲಿ ಲಭ್ಯವಿರುತ್ತವೆ. ತಾವು ಕೆಳಗಡೆ ಕೊಟ್ಟಿರುವ ಲಿಂಕ್ ಮುಖಾಂತರ ಖರೀದಿಸಬಹದು Amazon : https://amzn.in/d/98q8EXK Website : https://www.jnanayogashrama.org/books_kannada.php
8DjbWqx9nzI,Other,13.64,ಈ ಜಗತ್ತಿನಲ್ಲಿ ಒಬ್ಬನೇ ಬದುಕಲು ಎಂದಿಗೂ ಸಾಧ್ಯವಿಲ್ಲ.,00:37,public,4/10/2023,44.6318524005696,30096,1.3K,15,0,0,0,
m6ciM6sj-eM,Other,13.64,ಯುವಕರು ತಮ್ಮ 25 ವಯಸ್ಸನ್ನು ಯಾವುದಕ್ಕಾಗಿ ಮೀಸಲಿಡಬೇಕು?,18:43,public,5/29/2025,44.8717143126614,31811,693,23,4,9,0,#siddheshwarswamiji   #jnanayogi  #kannadapravachan #motivationalvideo #SiritualTalks #https://amzn.eu/d/j5QXHyw #https://www.jnanayogashrama.org/mdsmall/mdsm_index.php #https://instagram.com/jnanayogashrama?igshid=ZDdkNTZiNTM= #https://www.facebook.com/jnanayogashrama?mibextid=ZbWKwL
Dxb89MRBR2g,Other,13.63,ನಾವು ಎಲ್ಲದರಲ್ಲೂ ಸಣ್ಣವರೆಂದು ಏಕೆ ತಿಳಿದುಕೊಳ್ಳಬಾರದು?,19:38,public,11/17/2025,44.8404447464845,31582,492,36,2,21,0,ಪೂಜ್ಯರ ಪ್ರವಚನದ ಪುಸ್ತಕಗಳು ಈಗ Amazon & Website ನಲ್ಲಿ ಲಭ್ಯವಿರುತ್ತವೆ. ತಾವು ಕೆಳಗಡೆ ಕೊಟ್ಟಿರುವ ಲಿಂಕ್ ಮುಖಾಂತರ ಖರೀದಿಸಬಹದು Amazon : https://amzn.in/d/98q8EXK Website : https://www.jnanayogashrama.org/books_kannada.php
awen8PQ9pb4,Other,13.63,ನಮ್ಮ ಜೀವನದಲ್ಲಿ ಅಮೃತತ್ವವನ್ನು ಅನುಭವಿಸುವುದು ಹೇಗೆ?,17:26,public,12/3/2024,44.7752723232652,31110,596,41,0,0,0,
xBRHTD5RGUI,Other,13.62,ಈ ಜಗತ್ತಿನಲ್ಲಿ ನಮಗೆ ಯಾವಾಗ ಸಂತೋಷ ಸಿಗುತ್ತದೆ?,00:57,public,3/27/2023,44.5672334529622,29650,1.4K,9,0,0,0,
rXUk3O7HD7c,Other,13.62,Live-ಪೂಜ್ಯ ಶ್ರೀ ಸಿದ್ಧೇಶ್ವರ ಸ್ವಾಮೀಜಿಯವರ ಆಧ್ಯಾತ್ಮಿಕ ಪ್ರವಚನ(17-3-2022),42:51,public,3/17/2022,44.7140449713741,30673,601,44,0,6,0,Live-ಪೂಜ್ಯ ಶ್ರೀ ಸಿದ್ಧೇಶ್ವರ ಸ್ವಾಮೀಜಿಯವರ ಆಧ್ಯಾತ್ಮಿಕ ಪ್ರವಚನ(17-3-2022)
sfuCboiIWvY,Other,13.61,Live-ನಿಪ್ಪಾಣಿಯಲ್ಲಿ ಪೂಜ್ಯ ಶ್ರೀ ಸಿದ್ಧೇಶ್ವರ ಸ್ವಾಮೀಜಿಯವರ ಆಧ್ಯಾತ್ಮಿಕ ಪ್ರವಚನ (07-03-2022),35:41,public,3/7/2022,44.597924578557,29861,582,57,0,7,0,Live-ನಿಪ್ಪಾಣಿಯಲ್ಲಿ ಪೂಜ್ಯ ಶ್ರೀ ಸಿದ್ಧೇಶ್ವರ ಸ್ವಾಮೀಜಿಯವರ ಆಧ್ಯಾತ್ಮಿಕ ಪ್ರವಚನ(07-03-2022)
1gJc_6BdczE,Other,13.6,Live-ಪೂಜ್ಯ ಶ್ರೀ ಸಿದ್ಧೇಶ್ವರ ಸ್ವಾಮೀಜಿಯವರ ಆಧ್ಯಾತ್ಮಿಕ ಪ್ರವಚನ(14-03--2022)  ನಿಪ್ಪಾಣಿ.,50:54,public,3/14/2022,44.642194305425,30168,606,46,0,7,0,Live-ಪೂಜ್ಯ ಶ್ರೀ ಸಿದ್ಧೇಶ್ವರ ಸ್ವಾಮೀಜಿಯವರ ಆಧ್ಯಾತ್ಮಿಕ ಪ್ರವಚನ(14-03--2022)  ನಿಪ್ಪಾಣಿ.
CEjW6Q3vEKo,Other,13.6,ಸಂತರಲ್ಲಿ ಅತಿ ದೊಡ್ಡ ಸಂತ ಎಂದರೆ ಯಾರು?,21:37,public,10/25/2024,44.65894737282,30285,600,43,4,9,0,#siddheshwarswamiji   #Jnanayogi #kannadapravachan #motivationalvideo #SiritualTalks #https://amzn.eu/d/j5QXHyw #https://www.jnanayogashrama.org/mdsmall/mdsm_index.php #https://instagram.com/jnanayogashrama?igshid=ZDdkNTZiNTM= #https://www.facebook.com/jnanayogashrama?mibextid=ZbWKwL
hrMc9tgrXaE,Other,13.58,ಮನುಷ್ಯ ಸಿದ್ಧಿ ಪುರುಷನಾಗುವುದು ಹೇಗೆ?,18:08,public,8/28/2024,44.6337215180007,30109,659,32,4,9,0,#Siddheshwarswamiji  #Jnanayogi #kannadapravachan #motivationalvideo #SiritualTalks #https://amzn.eu/d/j5QXHyw #https://www.jnanayogashrama.org/mdsmall/mdsm_index.php #https://instagram.com/jnanayogashrama?igshid=ZDdkNTZiNTM= #https://www.facebook.com/jnanayogashrama?mibextid=ZbWKwL
03hF-7d4fGI,Other,13.58,ಸುಖದ ಸೂತ್ರ ಎಂದರೆ ಯಾವುದು?,00:52,public,3/2/2023,44.4157201496602,28630,1.4K,15,0,0,0,
9PHbJVjwVgw,Other,13.57,ನಮ್ಮ ಮನಸ್ಸು ಹೇಗಿದ್ದರೆ ಮಾತ್ರ ನಮಗೆ ಸತ್ಯದ ದರ್ಶನ ಆಗುತ್ತದೆ?,20:25,public,10/25/2025,44.610227067668,29946,614,37,2,21,0,ಪೂಜ್ಯರ ಪ್ರವಚನದ ಪುಸ್ತಕಗಳು ಈಗ Amazon & Website ನಲ್ಲಿ ಲಭ್ಯವಿರುತ್ತವೆ. ತಾವು ಕೆಳಗಡೆ ಕೊಟ್ಟಿರುವ ಲಿಂಕ್ ಮುಖಾಂತರ ಖರೀದಿಸಬಹದು Amazon : https://amzn.in/d/98q8EXK Website : https://www.jnanayogashrama.org/books_kannada.php
bf_WIgK_Mww,Other,13.57,ಕೊಡೋದಿದ್ದರೆ  ಇನ್ನೊಬ್ಬರಿಗೆ ಎಂತಹ ವಸ್ತು ಕೊಡಬೇಕು ?,07:28,public,9/21/2022,44.7635702706136,31026,446,22,0,0,0,
L7ThAeWylEk,Other,13.56,ಹಾಗಾದರೆ ನಾನು ಯಾರು ?,14:22,public,9/12/2022,44.7102334837157,30646,570,20,0,0,0,
jiyDHEt_cts,Other,13.56,ಮನುಷ್ಯ ಸಂಪತ್ತಿಗಿಂತ ಯಾವುದಕ್ಕೆ ಹೆಚ್ಚು ಮಹತ್ವ ನೀಡಬೇಕು?,14:19,public,8/19/2024,44.5938643248524,29833,613,33,4,9,0,#Siddheshwarswamiji  #Jnanayogi #kannadapravachan #motivationalvideo #SiritualTalks #https://amzn.eu/d/j5QXHyw #https://www.jnanayogashrama.org/mdsmall/mdsm_index.php #https://instagram.com/jnanayogashrama?igshid=ZDdkNTZiNTM= #https://www.facebook.com/jnanayogashrama?mibextid=ZbWKwL
zXBUoNNpbr4,Other,13.56,ಇಡೀ ಜಗತ್ತು ಯಾರ ಕೈಯಲ್ಲಿ ಸಿಕ್ಕಿಹಾಕಿಕೊಂಡಿದೆ?,16:23,public,1/25/2025,44.6132611267636,29967,591,34,4,9,0,#siddheshwarswamiji   #Jnanayogi #kannadapravachan #motivationalvideo #SiritualTalks #https://amzn.eu/d/j5QXHyw #https://www.jnanayogashrama.org/mdsmall/mdsm_index.php #https://instagram.com/jnanayogashrama?igshid=ZDdkNTZiNTM= #https://www.facebook.com/jnanayogashrama?mibextid=ZbWKwL
GojYUbE2-t4,Other,13.55,ನಿಸರ್ಗ ಕೊಟ್ಟಿದ್ದನ್ನು ಹೇಗೆ ಬಳಸಬೇಕು?,01:00,public,5/4/2023,44.3841613719077,28422,1.3K,16,0,0,0,
6Af9kDyYL6s,Other,13.54,LIVE - ವಿಶೇಷ ಕಾರ್ಯಕ್ರಮ @ ಕಾಖಂಡಕಿ. ಜಿ|| ವಿಜಯಪುರ.,01:04:05,public,10/21/2022,44.5238084667423,29354,731,28,0,4,0,ಸ್ಥಳ :-ಶ್ರೀ ಗುರುದೇವಾಶ್ರಮ ಕಾಖಂಡಕಿ.
iAmDu9GNdMk,Other,13.53,ಈ ಜಗತ್ತಿನಲ್ಲಿ ಅತೀ ಹೆಚ್ಚು ಬೆಲೆ ಯಾವುದಕ್ಕಿದೆ?,21:08,public,4/19/2025,44.5675253881498,29652,541,28,4,9,0,#siddheshwarswamiji   #jnanayogi  #kannadapravachan #motivationalvideo #SiritualTalks #https://amzn.eu/d/j5QXHyw #https://www.jnanayogashrama.org/mdsmall/mdsm_index.php #https://instagram.com/jnanayogashrama?igshid=ZDdkNTZiNTM= #https://www.facebook.com/jnanayogashrama?mibextid=ZbWKwL
zUVIepwCl9c,Other,13.52,ಮನುಷ್ಯನಿಗೆ ಯಾವುದರ ಜ್ಞಾನವಾಗಬೇಕು?,00:52,public,3/4/2023,44.279976539943,27746,1.4K,12,0,0,0,
sTAy7hIkT2g,Other,13.52,Live-ವಿಶೇಷ ಕಾರ್ಯಕ್ರಮ(07-10-2022),55:33,public,10/7/2022,44.6391804683613,30147,544,12,0,4,0,ಸ್ಥಳ :-  ಜ್ಞಾನಯೋಗಾಶ್ರಮ ವಿಜಯಪುರ.
8qMd1xn7TXg,Other,13.52,Live: - ಪೂಜ್ಯ ಶ್ರೀ ಸಿದ್ಧೇಶ್ವರ ಸ್ವಾಮೀಜಿಯವರ ಸಾಯಂಕಾಲದ ದರ್ಶನದ ಸಮಯ (30-12-2022),03:05,public,12/30/2022,44.6135499738754,29969,459,25,0,4,0,ಸ್ಥಳ : ಜ್ಞಾನಯೋಗಾಶ್ರಮ ವಿಜಯಪುರ.
8oEPdQyYOEE,Other,13.51,ನಮ್ಮ ಬದುಕಿನಲ್ಲಿ  ಜ್ಞಾನದ ಬೆಳಕು ಮೂಡಬೇಕಾದರೆ ಏನು ಮಾಡಬೇಕು?,20:37,public,11/3/2024,44.5010422459642,29200,647,25,4,9,0,#siddheshwarswamiji   #Jnanayogi #kannadapravachan #motivationalvideo #SiritualTalks #https://amzn.eu/d/j5QXHyw #https://www.jnanayogashrama.org/mdsmall/mdsm_index.php #https://instagram.com/jnanayogashrama?igshid=ZDdkNTZiNTM= #https://www.facebook.com/jnanayogashrama?mibextid=ZbWKwL
hKyTYDEqEdE,Other,13.51,ಬಸವ ಜಯಂತಿಯ ವಿಶೇಷ,15:29,public,4/23/2023,44.4315642861683,28735,600,39,0,0,0,
IYVDU8YA43E,Other,13.49,ನಮ್ಮಲ್ಲಿ ಆತ್ಮವಿಶ್ವಾಸ ಎಂಬುದು ಹೇಗಿರಬೇಕು?,17:27,public,4/12/2025,44.3763881463133,28371,563,38,4,9,0,#siddheshwarswamiji   #jnanayogi  #kannadapravachan #motivationalvideo #SiritualTalks #https://amzn.eu/d/j5QXHyw #https://www.jnanayogashrama.org/mdsmall/mdsm_index.php #https://instagram.com/jnanayogashrama?igshid=ZDdkNTZiNTM= #https://www.facebook.com/jnanayogashrama?mibextid=ZbWKwL
b9m7yrl_XkI,Other,13.48,ನಾವೆಲ್ಲರೂ ಎಂತಹ ಕುದುರೆಯ ರಥದಲ್ಲಿ ಕುಳಿತಿದ್ದೇವೆ?,10:47,public,7/24/2022,44.4402914806534,28793,558,27,2,18,0,BOOKS ARE  SALE IN ONLINE (AMEZON & WEBSITE) LINKS ARE  GIVEN BELOW WEBSITE  - https://www.jnanayogashrama.org AMEZON - https://amzn.eu/d/cJtQoa3
kI0HrBPkK-4,Other,13.48,ಮನುಷ್ಯನಿಗೆ ಅಹಂಕಾರ ಯಾಕಿರಬಾರದು?,01:00,public,3/8/2023,44.1283824351697,26791,1.5K,10,0,0,0,
GtOhqZ9cEzo,Other,13.47,ಏನೇ ಸಾಹಸ ಮಾಡಬೇಕಾದರೆ ಮೊದಲು ನಮ್ಮ ಹತ್ತಿರ ಏನಿರಬೇಕು?,18:10,public,7/14/2025,44.4005763794072,28530,568,28,4,9,0,#siddheshwarswamiji   #jnanayogi  #kannadapravachan #motivationalvideo #SiritualTalks #https://amzn.eu/d/j5QXHyw #https://www.jnanayogashrama.org/mdsmall/mdsm_index.php #https://instagram.com/jnanayogashrama?igshid=ZDdkNTZiNTM= #https://www.facebook.com/jnanayogashrama?mibextid=ZbWKwL
k54mcRK4WUU,Other,13.47,ನಾವು ಹೋಗುವ ದಾರಿಯಲ್ಲಿ ಕಷ್ಟಗಳು ಬಾರದ ಹಾಗೆ ಮಾಡುವುದು ಹೇಗೆ?,17:21,public,11/10/2025,44.4145105960653,28622,489,31,2,21,0,ಪೂಜ್ಯರ ಪ್ರವಚನದ ಪುಸ್ತಕಗಳು ಈಗ Amazon & Website ನಲ್ಲಿ ಲಭ್ಯವಿರುತ್ತವೆ. ತಾವು ಕೆಳಗಡೆ ಕೊಟ್ಟಿರುವ ಲಿಂಕ್ ಮುಖಾಂತರ ಖರೀದಿಸಬಹದು Amazon : https://amzn.in/d/98q8EXK Website : https://www.jnanayogashrama.org/books_kannada.php
hvuhhnsP-yc,Other,13.46,LIVE - ಶ್ರೀ  ಸಿದ್ಧೇಶ್ವರ ಮಹಾಸ್ವಾಮಿಗಳವರ ಗುರುನಮನ ಮಹೋತ್ಸವದ ನಿಮಿತ್ಯವಾಗಿ ಯುವಕರು ಮತ್ತು ದೇಶಪ್ರೇಮ ಗೋಷ್ಠಿ,02:55:17,public,12/29/2023,44.3808099278382,28400,635,22,0,5,0,29-12-2023  ಸ್ಥಳ : ಜ್ಞಾನಯೋಗಾಶ್ರಮ ವಿಜಯಪುರ.
TGmK7O_pPFA,Other,13.46,LIVE - ಪೂಜ್ಯ ಶ್ರೀ ಸಿದ್ಧೇಶ್ವರ ಸ್ವಾಮೀಜಿಯವರ ಆಧ್ಯಾತ್ಮಿಕ  ಪ್ರವಚನ ಕಾಖಂಡಕಿ (24-10-2022),01:00:40,public,10/24/2022,44.4196488659579,28656,488,25,0,11,0,"ಸ್ಥಳ :- ಶ್ರೀ ಗುರುದೇವಾಶ್ರಮ, ಕಾಖಂಡಕಿ.  # jnanayogashram vijayapura  # Siddheshwara Swamiji"
s9MrdlgyBvo,Other,13.45,ಏನು ಮಾಡಿದರೆ ನಾವು ಚೆನ್ನಾಗಿ ಬದುಕಲು ಸಾಧ್ಯವಾಗುತ್ತದೆ?,17:23,public,10/22/2025,44.4067917353739,28571,457,25,2,21,0,ಪೂಜ್ಯರ ಪ್ರವಚನದ ಪುಸ್ತಕಗಳು ಈಗ Amazon & Website ನಲ್ಲಿ ಲಭ್ಯವಿರುತ್ತವೆ. ತಾವು ಕೆಳಗಡೆ ಕೊಟ್ಟಿರುವ ಲಿಂಕ್ ಮುಖಾಂತರ ಖರೀದಿಸಬಹದು Amazon : https://amzn.in/d/98q8EXK Website : https://www.jnanayogashrama.org/books_kannada.php
BuwGHRukwkI,Other,13.45,ಮನಸ್ಸು ಮಲಿನ ಮಾಡಿಕೊಳ್ಳದೆ ಸಂತೋಷವಾದ ಜೀವನವನ್ನು ಸಾಗಿಸುವುದು ಹೇಗೆ?,13:22,public,10/13/2024,44.2891701500762,27805,610,31,4,9,0,#Siddheshwarswamiji  #Jnanayogi #kannadapravachan #motivationalvideo #SiritualTalks #https://amzn.eu/d/j5QXHyw #https://www.jnanayogashrama.org/mdsmall/mdsm_index.php #https://instagram.com/jnanayogashrama?igshid=ZDdkNTZiNTM= #https://www.facebook.com/jnanayogashrama?mibextid=ZbWKwL
dYkJzNsyVoM,Other,13.45,ಜೀವನದಲ್ಲಿ ಆನಂದವನ್ನು ಗಳಿಸಬೇಕಾದರೆ ಏನು ಮಾಡಬೇಕು?,21:07,public,12/10/2025,44.3557443178364,28236,419,35,2,21,0,ಪೂಜ್ಯರ ಪ್ರವಚನದ ಪುಸ್ತಕಗಳು ಈಗ Amazon & Website ನಲ್ಲಿ ಲಭ್ಯವಿರುತ್ತವೆ. ತಾವು ಕೆಳಗಡೆ ಕೊಟ್ಟಿರುವ ಲಿಂಕ್ ಮುಖಾಂತರ ಖರೀದಿಸಬಹದು Amazon : https://amzn.in/d/98q8EXK Website : https://www.jnanayogashrama.org/books_kannada.php
RFUqsfNZeIo,Other,13.43,ನಾವು ಶ್ರೀಮಂತರಾಗುವುದು ಯಾವಾಗ?,11:51,public,2/16/2023,44.3135398009268,27962,528,23,0,0,0,
_HSU1EziluE,Other,13.43,ಜಗತ್ತಿನ ಸತ್ಯ ನಮಗೆ  ಕಾಣಬೇಕಾದರೆ ಏನು ಮಾಡಬೇಕು?,13:27,public,9/6/2024,44.3186446788011,27995,534,21,4,9,0,#Siddheshwarswamiji  #Jnanayogi #kannadapravachan #motivationalvideo #SiritualTalks #https://amzn.eu/d/j5QXHyw #https://www.jnanayogashrama.org/mdsmall/mdsm_index.php #https://instagram.com/jnanayogashrama?igshid=ZDdkNTZiNTM= #https://www.facebook.com/jnanayogashrama?mibextid=ZbWKwL
8adiN5an4jA,Other,13.42,ನೋಡಿ ನಮ್ಮ ಮನಸ್ಸಿಗೆ ಎಂತಹ ಶಕ್ತಿ ಇದೆ?,12:53,public,9/14/2024,44.1695428847442,27047,664,33,4,9,0,#Siddheshwarswamiji  #Jnanayogi #kannadapravachan #motivationalvideo #SiritualTalks #https://amzn.eu/d/j5QXHyw #https://www.jnanayogashrama.org/mdsmall/mdsm_index.php #https://instagram.com/jnanayogashrama?igshid=ZDdkNTZiNTM= #https://www.facebook.com/jnanayogashrama?mibextid=ZbWKwL
90_IZqWGfJ8,Other,13.42,ಒಳ್ಳೆಯ ವಸ್ತುಗಳು ನಮಗೆ ಕಾಣಿಸಬೇಕಾದರೆ ಏನು ಮಾಡಬೇಕು?,16:21,public,2/3/2024,44.2974121988635,27858,548,23,4,5,0,#https://amzn.eu/d/j5QXHyw #https://www.jnanayogashrama.org/mdsmall/mdsm_index.php #https://instagram.com/jnanayogashrama?igshid=ZDdkNTZiNTM= #https://www.facebook.com/jnanayogashrama?mibextid=ZbWKwL ​
icFiWNkDr3M,Other,13.41,ನಮ್ಮಲ್ಲಿ ಎಂತಹ ಸಾಮರ್ಥ್ಯ ಇದೆ ಎಂದು ತಿಳಿದುಕೊಳ್ಳುವುದು ಹೇಗೆ?,26:11,public,9/24/2025,44.2547890800614,27585,519,27,2,21,0,ಪೂಜ್ಯರ ಪ್ರವಚನದ ಪುಸ್ತಕಗಳು ಈಗ Amazon & Website ನಲ್ಲಿ ಲಭ್ಯವಿರುತ್ತವೆ. ತಾವು ಕೆಳಗಡೆ ಕೊಟ್ಟಿರುವ ಲಿಂಕ್ ಮುಖಾಂತರ ಖರೀದಿಸಬಹದು Amazon : https://amzn.in/d/98q8EXK Website : https://www.jnanayogashrama.org/books_kannada.php
6C1F0oMLCyM,Other,13.41,ಮನುಷ್ಯನು ಯಾವಾಗ ಬದಲಾಗುತ್ತಾನೆ ?,01:00,public,9/15/2022,43.9051136135498,25444,1.5K,13,0,0,0,
Wi02qRKZSw4,Other,13.41,LIVE - ಪೂಜ್ಯ ಶ್ರೀ ಸಿದ್ಧೇಶ್ವರ ಸ್ವಾಮೀಜಿಯವರ ಆಧ್ಯಾತ್ಮಿಕ  ಪ್ರವಚನ ಕಾಖಂಡಕಿ (09-11-2022),58:04,public,11/9/2022,44.1727421199289,27067,490,39,0,11,0,"ಸ್ಥಳ :- ಶ್ರೀ ಗುರುದೇವಾಶ್ರಮ, ಕಾಖಂಡಕಿ.  # jnanayogashram vijayapura  # Siddheshwara Swamiji"
AP1jXfly19E,Other,13.4,ಮಾತು ಎಂಬ ಸಂಪತ್ತನ್ನು ಬಳಸಿ ಶ್ರೀಮಂತರಾಗುವುದು ಹೇಗೆ?,19:07,public,8/4/2025,44.1544747213196,26953,505,37,2,21,0,ಪೂಜ್ಯರ ಪ್ರವಚನದ ಪುಸ್ತಕಗಳು ಈಗ Amazon & Website ನಲ್ಲಿ ಲಭ್ಯವಿರುತ್ತವೆ. ತಾವು ಕೆಳಗಡೆ ಕೊಟ್ಟಿರುವ ಲಿಂಕ್ ಮುಖಾಂತರ ಖರೀದಿಸಬಹದು? Amazon : https://amzn.in/d/98q8EXK Website : https://www.jnanayogashrama.org/books_kannada.php
tnXdomLrtAA,Other,13.4,ನಮ್ಮ ಆನಂದವನ್ನು ನಾವು ಎಲ್ಲಿ ಕಳೆದುಕೊಳ್ಳುತ್ತಿದ್ದೇವೆ?,19:16,public,6/23/2025,44.1695428847442,27047,549,33,4,9,0,#siddheshwarswamiji   #jnanayogi  #kannadapravachan #motivationalvideo #SiritualTalks #https://amzn.eu/d/j5QXHyw #https://www.jnanayogashrama.org/mdsmall/mdsm_index.php #https://instagram.com/jnanayogashrama?igshid=ZDdkNTZiNTM= #https://www.facebook.com/jnanayogashrama?mibextid=ZbWKwL
cYT2ze4reAI,Other,13.39,ದೇವರು ನಮ್ಮ ಅನುಭವಕ್ಕೆ ಬರಬೇಕಾದರೆ ಏನು ಮಾಡಬೇಕು?,13:03,public,11/24/2024,44.0802975207921,26495,583,37,4,9,0,#siddheshwarswamiji   #Jnanayogi #kannadapravachan #motivationalvideo #SiritualTalks #https://amzn.eu/d/j5QXHyw #https://www.jnanayogashrama.org/mdsmall/mdsm_index.php #https://instagram.com/jnanayogashrama?igshid=ZDdkNTZiNTM= #https://www.facebook.com/jnanayogashrama?mibextid=ZbWKwL
rIjsLwDfXJU,Other,13.37,ಸಮೃದ್ಧ ಜೀವನಕ್ಕಾಗಿ ನಾವೇನು ಮಾಡಬೇಕು ?,09:11,public,9/19/2022,44.2196581982482,27362,448,15,0,0,0,
bhkslEdTj5Q,Other,13.37,LIVE-ಜ್ಞಾನಯೋಗಾಶ್ರಮ ವಿಜಯಪುರದಲ್ಲಿ ಶ್ರಾವಣ ಮಾಸದ ಕೊನೆಯ ಸೋಮವಾರದ ನಿಮಿತ್ಯ ವಿಶೇಷ ಕಾರ್ಯಕ್ರಮ.,01:13:25,public,8/22/2022,44.1864719477671,27153,457,22,0,4,0,ಸ್ಥಳ :-  ಜ್ಞಾನಯೋಗಾಶ್ರಮ ವಿಜಯಪುರ
3oie-iH0FJQ,Other,13.35,ನಾವು ಮಾಡುವ ಕೆಲಸದಲ್ಲಿ  ಉತ್ಸಾಹ ಹೇಗಿರಬೇಕು?,12:51,public,7/30/2022,44.1029444821388,26634,545,19,2,18,0,BOOKS ARE  SALE ON ONLINE (AMAZON & WEBSITE) LINKS ARE  GIVEN BELOW WEBSITE  - https://www.jnanayogashrama.org AMAZON - https://amzn.eu/d/cJtQoa3
E6CD_a_RIds,Other,13.33,ನಮ್ಮಲ್ಲಿ ಅಭಿಮಾನ ಎಂಬ ಕಸವನ್ನು ಏಕೆ ಬೆಳೆಸಬಾರದು?,23:58,public,2/26/2025,43.9472632004621,25693,541,33,0,0,0,
ceKaEafiL4E,Other,13.33,ನಮ್ಮ ಜೀವನವನ್ನು ಯಾವುದಕ್ಕಾಗಿ ಕಳೆಯಬೇಕು?,01:00,public,3/20/2023,43.7264404725745,24415,1.4K,11,0,0,0,
WV_0UaJlHjM,Other,13.31,ಪ್ರೀತಿಸಿದರೆ ಇದನ್ನೇ ಏಕೆ ಪ್ರೀತಿಸಬೇಕು?,28:13,public,11/26/2025,43.965585833065,25802,429,30,2,21,0,ಪೂಜ್ಯರ ಪ್ರವಚನದ ಪುಸ್ತಕಗಳು ಈಗ Amazon & Website ನಲ್ಲಿ ಲಭ್ಯವಿರುತ್ತವೆ. ತಾವು ಕೆಳಗಡೆ ಕೊಟ್ಟಿರುವ ಲಿಂಕ್ ಮುಖಾಂತರ ಖರೀದಿಸಬಹದು Amazon : https://amzn.in/d/98q8EXK Website : https://www.jnanayogashrama.org/books_kannada.php
y0m23NwYgsA,Other,13.3,ಮನುಷ್ಯನಿಗೆ ಎಂತಹವರ ಸಂಘವು  ಅವಶ್ಯವಿದೆ.,01:00,public,3/11/2023,43.7666708330859,24643,1.2K,5,0,0,0,
v-ofkgrPlSs,Other,13.3,ನಮ್ಮ ಜೀವನದ ಗುರಿ ಹೇಗಿರಬೇಕು?,19:22,public,4/10/2025,43.9442299682788,25675,524,24,4,9,0,#siddheshwarswamiji   #jnanayogi  #kannadapravachan #motivationalvideo #SiritualTalks #https://amzn.eu/d/j5QXHyw #https://www.jnanayogashrama.org/mdsmall/mdsm_index.php #https://instagram.com/jnanayogashrama?igshid=ZDdkNTZiNTM= #https://www.facebook.com/jnanayogashrama?mibextid=ZbWKwL
dWzWPgIwOSg,Other,13.28,ಸಂಪತ್ತನ್ನು ಹೇಗೆ ಗಳಿಸಿದರೆ ನಾವು ಶ್ರೀಮಂತರಾಗಲು ಸಾಧ್ಯವಾಗುತ್ತದೆ?,17:30,public,12/12/2025,43.8477508560454,25109,380,38,2,21,0,ಪೂಜ್ಯರ ಪ್ರವಚನದ ಪುಸ್ತಕಗಳು ಈಗ Amazon & Website ನಲ್ಲಿ ಲಭ್ಯವಿರುತ್ತವೆ. ತಾವು ಕೆಳಗಡೆ ಕೊಟ್ಟಿರುವ ಲಿಂಕ್ ಮುಖಾಂತರ ಖರೀದಿಸಬಹದು Amazon : https://amzn.in/d/98q8EXK Website : https://www.jnanayogashrama.org/books_kannada.php
JDV94QHzrP4,Other,13.28,ಯಾವುದನ್ನು ತಿಳಿದುಕೊಂಡರೆ ಇದೇ ಕ್ಷಣದಲ್ಲಿ ಆನಂದವನ್ನು ಅನುಭವಿಸಬಹುದು?,24:58,public,11/5/2025,43.872330107289,25252,468,30,2,21,0,ಪೂಜ್ಯರ ಪ್ರವಚನದ ಪುಸ್ತಕಗಳು ಈಗ Amazon & Website ನಲ್ಲಿ ಲಭ್ಯವಿರುತ್ತವೆ. ತಾವು ಕೆಳಗಡೆ ಕೊಟ್ಟಿರುವ ಲಿಂಕ್ ಮುಖಾಂತರ ಖರೀದಿಸಬಹದು Amazon : https://amzn.in/d/98q8EXK Website : https://www.jnanayogashrama.org/books_kannada.php
PZqc_mUc4O4,Other,13.28,LIVE - ಪೂಜ್ಯ ಶ್ರೀ ಸಿದ್ಧೇಶ್ವರ ಸ್ವಾಮೀಜಿಯವರ ಆಧ್ಯಾತ್ಮಿಕ  ಪ್ರವಚನ ಕಾಖಂಡಕಿ (31-10-2022),45:53,public,10/31/2022,43.8536075350482,25143,471,30,0,11,0,"ಸ್ಥಳ :- ಶ್ರೀ ಗುರುದೇವಾಶ್ರಮ, ಕಾಖಂಡಕಿ.  # jnanayogashram vijayapura  # Siddheshwara Swamiji"
c12jO_4lXU0,Other,13.27,ಈ ಮೂರು  ಭಕ್ತಿಗಳಲ್ಲಿ ಯಾವುದು ಶ್ರೇಷ್ಠ ಭಕ್ತಿ?,20:50,public,11/22/2024,43.8316905117751,25016,496,30,4,9,0,#siddheshwarswamiji   #Jnanayogi #kannadapravachan #motivationalvideo #SiritualTalks #https://amzn.eu/d/j5QXHyw #https://www.jnanayogashrama.org/mdsmall/mdsm_index.php #https://instagram.com/jnanayogashrama?igshid=ZDdkNTZiNTM= #https://www.facebook.com/jnanayogashrama?mibextid=ZbWKwL
-d-UmYP8OV4,Other,13.27,ನಾವೆಲ್ಲರೂ ತಿಳಿದುಕೊಳ್ಳಬೇಕಾದ ಜಗತ್ತಿನ ಸ್ವರೂಪ ಎಂದರೆ ಯಾವುದು?,21:32,public,1/11/2025,43.8778112986154,25284,433,27,4,9,0,#siddheshwarswamiji   #Jnanayogi #kannadapravachan #motivationalvideo #SiritualTalks #https://amzn.eu/d/j5QXHyw #https://www.jnanayogashrama.org/mdsmall/mdsm_index.php #https://instagram.com/jnanayogashrama?igshid=ZDdkNTZiNTM= #https://www.facebook.com/jnanayogashrama?mibextid=ZbWKwL
76DUDPI8CMg,Other,13.27,ನಮ್ಮ ಅಂತರಂಗದ ಭೂಮಿಯಲ್ಲಿ ಒಳ್ಳೆಯ ಬೆಳೆಯನ್ನು ಬೆಳೆಯುವುದು ಹೇಗೆ?,25:09,public,5/25/2025,43.860143870233,25181,470,28,4,9,0,#siddheshwarswamiji   #jnanayogi  #kannadapravachan #motivationalvideo #SiritualTalks #https://amzn.eu/d/j5QXHyw #https://www.jnanayogashrama.org/mdsmall/mdsm_index.php #https://instagram.com/jnanayogashrama?igshid=ZDdkNTZiNTM= #https://www.facebook.com/jnanayogashrama?mibextid=ZbWKwL
tBKskb4iPUQ,Other,13.25,ನಾವು ಎಲ್ಲದರಲ್ಲೂ ಕಡಿಮೆ ಎಂದು ಏಕೆ ಭಾವಿಸಬಾರದು?,33:32,public,3/26/2025,43.7414823863319,24500,544,31,4,9,0,#siddheshwarswamiji   #jnanayogi  #kannadapravachan #motivationalvideo #SiritualTalks #https://amzn.eu/d/j5QXHyw #https://www.jnanayogashrama.org/mdsmall/mdsm_index.php #https://instagram.com/jnanayogashrama?igshid=ZDdkNTZiNTM= #https://www.facebook.com/jnanayogashrama?mibextid=ZbWKwL
ekVu6Ef99RE,Other,13.24,ಎಲ್ಲವೂ ಇರುವುದು ಯಾವುದಕ್ಕಾಗಿ?,00:53,public,9/17/2022,43.4328953923516,22814,1.5K,8,0,0,0,
LfHOYffNjV4,Other,13.24,ಬರುತ್ತೆ ಅಂದರೇ ಬಿಡಲ್ಲ,00:46,public,8/4/2022,43.455789860908,22935,1.3K,16,0,0,0,
lJYDVWWnKIo,Other,13.24,ನಮ್ಮ ಜೀವನಕ್ಕೆ ಎಲ್ಲದರ ಆಧಾರ  ಬೇಕು.,00:48,public,4/3/2023,43.5515317580686,23448,1.2K,10,0,0,0,
h0pn6MSPFPE,Other,13.23,ಸಂತರು ಬಾಳಿ ಬದುಕುವ ರೀತಿ ಹೇಗಿರುತ್ತದೆ?,17:42,public,1/20/2025,43.7150801966904,24351,508,29,4,9,0,#siddheshwarswamiji   #Jnanayogi #kannadapravachan #motivationalvideo #SiritualTalks #https://amzn.eu/d/j5QXHyw #https://www.jnanayogashrama.org/mdsmall/mdsm_index.php #https://instagram.com/jnanayogashrama?igshid=ZDdkNTZiNTM= #https://www.facebook.com/jnanayogashrama?mibextid=ZbWKwL
OGZq2lmMpvg,Other,13.23,ನಾವೆಲ್ಲರೂ ಸತ್ಯದ ಆಚರಣೆಯನ್ನು ಹೇಗೆ ಮಾಡಬೇಕು?,21:11,public,12/1/2024,43.690840147467,24215,451,34,4,9,0,#siddheshwarswamiji   #Jnanayogi #kannadapravachan #motivationalvideo #SiritualTalks #https://amzn.eu/d/j5QXHyw #https://www.jnanayogashrama.org/mdsmall/mdsm_index.php #https://instagram.com/jnanayogashrama?igshid=ZDdkNTZiNTM= #https://www.facebook.com/jnanayogashrama?mibextid=ZbWKwL
JeMrzs-j-WI,Other,13.23,LIVE - ಪೂಜ್ಯ ಶ್ರೀ ಸಿದ್ಧೇಶ್ವರ ಸ್ವಾಮೀಜಿಯವರ ಆಧ್ಯಾತ್ಮಿಕ  ಪ್ರವಚನ (30-09-2022),54:12,public,9/30/2022,43.6643060931844,24067,552,34,0,4,0,ಸ್ಥಳ :-  ಜ್ಞಾನಯೋಗಾಶ್ರಮ ವಿಜಯಪುರ
PnYosJDVTig,Other,13.22,ಸಾಮಾನ್ಯ ಮನುಷ್ಯ ಅಸಾಮಾನ್ಯನಾಗುವುದು ಹೇಗೆ?,16:42,public,9/23/2024,43.630908119469,23882,588,28,4,9,0,#Siddheshwarswamiji  #Jnanayogi #kannadapravachan #motivationalvideo #SiritualTalks #https://amzn.eu/d/j5QXHyw #https://www.jnanayogashrama.org/mdsmall/mdsm_index.php #https://instagram.com/jnanayogashrama?igshid=ZDdkNTZiNTM= #https://www.facebook.com/jnanayogashrama?mibextid=ZbWKwL
42Egwm-Rc9A,Other,13.22,LIVE - ಪೂಜ್ಯ ಶ್ರೀ ಸಿದ್ಧೇಶ್ವರ ಸ್ವಾಮೀಜಿಯವರ ಆಧ್ಯಾತ್ಮಿಕ  ಪ್ರವಚನ ಕಾಖಂಡಕಿ (11-11-2022),01:12:17,public,11/11/2022,43.6990541905151,24261,523,22,0,11,0,"ಸ್ಥಳ :- ಶ್ರೀ ಗುರುದೇವಾಶ್ರಮ, ಕಾಖಂಡಕಿ.  # jnanayogashram vijayapura  # Siddheshwara Swamiji"
5POMz2pgOvg,Other,13.21,ನಿಸರ್ಗ ನಮಗೇನು ಕೊಟ್ಟಿದೆ?,01:00,public,9/21/2022,43.3431869621861,22346,1.4K,13,0,0,0,
Qff3O06qbdU,Other,13.21,LIVE - ಶ್ರೀ  ಸಿದ್ಧೇಶ್ವರ ಮಹಾಸ್ವಾಮಿಗಳವರ ಗುರುನಮನ ಮಹೋತ್ಸವದ ನಿಮಿತ್ಯವಾಗಿ ಪ್ರಣವ ಮಂಟಪದ ಗದ್ದುಗೆಯ ಮಹಾಪೂಜೆ,45:29,public,1/2/2024,43.7351180740824,24464,311,28,0,5,0,02-01-2024  ಸ್ಥಳ : ಜ್ಞಾನಯೋಗಾಶ್ರಮ ವಿಜಯಪುರ.
eqlmOBomuyU,Other,13.21,ನಮಗಷ್ಟು ಸಂತೋಷ ಕೊಟ್ಟರೆ ಸಾಕು ನಾವು ಮಾಡುವ ಕೆಲಸ,00:56,public,2/20/2023,43.4083531177143,22685,1.3K,12,0,0,0,
_2moY1vsl14,Other,13.2,ಯಾವುದೇ ವಸ್ತುವಿನ ಬಗ್ಗೆ ತಿಳಿದುಕೊಳ್ಳಬೇಕಾದರೆ ನಾವು ಅದನ್ನು ಹೇಗೆ ನೋಡಬೇಕು?,23:10,public,9/11/2024,43.5990764646501,23707,557,26,4,9,0,#Siddheshwarswamiji  #Jnanayogi #kannadapravachan #motivationalvideo #SiritualTalks #https://amzn.eu/d/j5QXHyw #https://www.jnanayogashrama.org/mdsmall/mdsm_index.php #https://instagram.com/jnanayogashrama?igshid=ZDdkNTZiNTM= #https://www.facebook.com/jnanayogashrama?mibextid=ZbWKwL
L-sqrcqy3fA,Other,13.19,ನಮ್ಮ ಸಂತೋಷಕ್ಕಾಗಿ ನಾವು ಎಂತಹ ಕೆಲಸ ಮಾಡಬೇಕು?,23:04,public,9/1/2025,43.6243789921658,23846,468,27,2,21,0,ಪೂಜ್ಯರ ಪ್ರವಚನದ ಪುಸ್ತಕಗಳು ಈಗ Amazon & Website ನಲ್ಲಿ ಲಭ್ಯವಿರುತ್ತವೆ. ತಾವು ಕೆಳಗಡೆ ಕೊಟ್ಟಿರುವ ಲಿಂಕ್ ಮುಖಾಂತರ ಖರೀದಿಸಬಹದು Amazon : https://amzn.in/d/98q8EXK Website : https://www.jnanayogashrama.org/books_kannada.php
iy_HxQTh3YA,Other,13.19,LIVE - ಪೂಜ್ಯ ಶ್ರೀ ಸಿದ್ಧೇಶ್ವರ ಸ್ವಾಮೀಜಿಯವರ ಆಧ್ಯಾತ್ಮಿಕ  ಪ್ರವಚನ ಕಾಖಂಡಕಿ (03-11-2022),56:49,public,11/3/2022,43.692091116605,24222,442,17,0,11,0,"ಸ್ಥಳ :- ಶ್ರೀ ಗುರುದೇವಾಶ್ರಮ, ಕಾಖಂಡಕಿ.  # jnanayogashram vijayapura  # Siddheshwara Swamiji"
Wyt7yVpAJLM,Other,13.18,ನಮ್ಮಲ್ಲಿ ಯಾವುದೇ ಜ್ಞಾನವು ಪ್ರಕಾಶವಾಗಬೇಕಾದರೆ ನಮ್ಮ ಮನಸ್ಸು ಹೇಗಿರಬೇಕು?,16:49,public,3/4/2025,43.5446968199428,23411,472,31,4,9,0,#siddheshwarswamiji   #Jnanayogi #kannadapravachan #motivationalvideo #SiritualTalks #https://amzn.eu/d/j5QXHyw #https://www.jnanayogashrama.org/mdsmall/mdsm_index.php #https://instagram.com/jnanayogashrama?igshid=ZDdkNTZiNTM= #https://www.facebook.com/jnanayogashrama?mibextid=ZbWKwL
9jW21dnUmUQ,Other,13.18,"ಪೂಜ್ಯ ಶ್ರೀ ಬಸವಲಿಂಗ ಮಹಾಸ್ವಾಮಿಗಳು, ವಿಜಯಮಹಾಂತೇಶ್ವರ ತೀರ್ಥ, ಶಿರೂರ.",01:11:33,public,9/1/2024,43.5589087585296,23488,366,37,0,0,0,
u6SDYrG1yVI,Other,13.17,LIVE - ಪೂಜ್ಯ ಶ್ರೀ ಸಿದ್ಧೇಶ್ವರ ಸ್ವಾಮೀಜಿಯವರ ಆಧ್ಯಾತ್ಮಿಕ  ಪ್ರವಚನ (27-09-2022),44:44,public,9/27/2022,43.4763106274377,23044,527,35,0,4,0,ಸ್ಥಳ :-  ಜ್ಞಾನಯೋಗಾಶ್ರಮ ವಿಜಯಪುರ
OGSEhOkDsiI,Other,13.17,ನಾವು ಮಾಡುವ ಪ್ರಪಂಚವು ಸತ್ಯವನ್ನು ಹೇಗೆ ಮರೆಮಾಚಿದೆ?,26:05,public,10/6/2025,43.5081225424931,23214,432,37,2,21,0,ಪೂಜ್ಯರ ಪ್ರವಚನದ ಪುಸ್ತಕಗಳು ಈಗ Amazon & Website ನಲ್ಲಿ ಲಭ್ಯವಿರುತ್ತವೆ. ತಾವು ಕೆಳಗಡೆ ಕೊಟ್ಟಿರುವ ಲಿಂಕ್ ಮುಖಾಂತರ ಖರೀದಿಸಬಹದು Amazon : https://amzn.in/d/98q8EXK Website : https://www.jnanayogashrama.org/books_kannada.php
ZDYP5oU3JEA,Other,13.16,ಇರುವುದೆಲ್ಲವೂ ಚೆನ್ನಾಗಿದೆ.,00:47,public,8/20/2022,43.0222625605853,20749,1.7K,18,0,0,0,
Mresg79YOXg,Other,13.16,LIVE - ಪೂಜ್ಯ ಶ್ರೀ ಸಿದ್ಧೇಶ್ವರ ಸ್ವಾಮೀಜಿಯವರ ಆಧ್ಯಾತ್ಮಿಕ  ಪ್ರವಚನ (29-09-2022),54:45,public,9/29/2022,43.471424594476,23018,503,35,0,4,0,ಸ್ಥಳ :-  ಜ್ಞಾನಯೋಗಾಶ್ರಮ ವಿಜಯಪುರ
TW4izzOKS1I,Other,13.15,ಜಗತ್ತನ್ನು ಹೇಗೆ ನೋಡಿದರೆ ನಾವು ಆನಂದವಾಗಿ ಇರಬಹುದು?,22:11,public,5/16/2025,43.4943037319846,23140,423,30,4,9,0,#siddheshwarswamiji   #jnanayogi  #kannadapravachan #motivationalvideo #SiritualTalks #https://amzn.eu/d/j5QXHyw #https://www.jnanayogashrama.org/mdsmall/mdsm_index.php #https://instagram.com/jnanayogashrama?igshid=ZDdkNTZiNTM= #https://www.facebook.com/jnanayogashrama?mibextid=ZbWKwL
1RgPaVLKe8c,Other,13.15,ನಾವು ಎಂತಹ ಪೂಜೆ ಮಾಡಿದರೆ ನಮಗೆ ನೆಮ್ಮದಿ ದೊರಕುತ್ತದೆ?,18:39,public,3/22/2025,43.4533359233149,22922,472,35,4,9,0,#siddheshwarswamiji   #Jnanayogi #kannadapravachan #motivationalvideo #SiritualTalks #https://amzn.eu/d/j5QXHyw #https://www.jnanayogashrama.org/mdsmall/mdsm_index.php #https://instagram.com/jnanayogashrama?igshid=ZDdkNTZiNTM= #https://www.facebook.com/jnanayogashrama?mibextid=ZbWKwL
fBsddHhZYMo,Other,13.15,ಜಾಗತಿಕ ತಾತ್ವಿಕ ಚಿಂತನೆಗಳ ಕುರಿತು ಜಗದ್ಗುರು ಪೂಜ್ಯ ಶ್ರೀ ಸದಾಶಿವಾನಂದ  ಮಹಾಸ್ವಾಮಿಗಳವರಿಂದ ಸಾನಿಧ್ಯ ನುಡಿಗಳು,40:16,public,1/12/2025,43.5566969783319,23476,390,24,0,24,0,ಪೂಜ್ಯ ಶ್ರೀ ಸಿದ್ಧೇಶ್ವರ ಮಹಾಸ್ವಾಮಿಗಳವರ ಗುರುನಮನ ಮಹೋತ್ಸವ-2025  30-12-2024 ರಂದು ನಡೆದ ಜಾಗತಿಕ ತಾತ್ವಿಕ ಚಿಂತನೆಗಳ ಕುರಿತು  ಜಗದ್ಗುರು ಪೂಜ್ಯ ಶ್ರೀ ಸದಾಶಿವಾನಂದ ಮಹಾಸ್ವಾಮಿಗಳವರಿಂದ ಸಾನಿಧ್ಯ ನುಡಿಗಳು  ಸ್ಥಳ : ಜ್ಞಾನಯೋಗಾಶ್ರಮ ವಿಜಯಪುರ
eug222IPzRw,Other,13.14,LIVE - ಪೂಜ್ಯ ಶ್ರೀ ಸಿದ್ಧೇಶ್ವರ ಸ್ವಾಮೀಜಿಯವರ ಆಧ್ಯಾತ್ಮಿಕ  ಪ್ರವಚನ (06-10-2022),54:28,public,10/6/2022,43.3999501787735,22641,480,36,0,4,0,ಸ್ಥಳ :-  ಜ್ಞಾನಯೋಗಾಶ್ರಮ ವಿಜಯಪುರ.
q29Fj2FKYgw,Other,13.12,ದೂರದೃಷ್ಟಿ ಏಕಿರಬೇಕು?,00:57,public,9/18/2022,43.1304110943424,21274,1.4K,4,0,0,0,
IGEsg-CEn2o,Other,13.11,LIVE - ಪೂಜ್ಯ ಶ್ರೀ ಸಿದ್ಧೇಶ್ವರ ಸ್ವಾಮೀಜಿಯವರ ಆಧ್ಯಾತ್ಮಿಕ  ಪ್ರವಚನ ಕಾಖಂಡಕಿ (29-10-2022),59:36,public,10/29/2022,43.3968905152359,22625,464,22,0,11,0,"ಸ್ಥಳ :- ಶ್ರೀ ಗುರುದೇವಾಶ್ರಮ, ಕಾಖಂಡಕಿ.  # jnanayogashram vijayapura  # Siddheshwara Swamiji"
CUg3WHhL3lE,Other,13.09,ನಾವು ನಮ್ಮ ಜೀವನದಲ್ಲಿ ಎಂತವರ ಸಂಗ ಮಾಡಬೇಕು?,17:43,public,3/24/2025,43.3196873958135,22225,485,26,4,9,0,#siddheshwarswamiji   #Jnanayogi #kannadapravachan #motivationalvideo #SiritualTalks #https://amzn.eu/d/j5QXHyw #https://www.jnanayogashrama.org/mdsmall/mdsm_index.php #https://instagram.com/jnanayogashrama?igshid=ZDdkNTZiNTM= #https://www.facebook.com/jnanayogashrama?mibextid=ZbWKwL
IzGnUDsUPaw,Other,13.09,ನಮ್ಮ ಮನಸ್ಸಿನ ದೌರ್ಬಲ್ಯತೆಯನ್ನು ಹೋಗಲಾಡಿಸುವುದು ಹೇಗೆ?,17:00,public,10/8/2025,43.3111103653347,22181,479,29,2,21,0,ಪೂಜ್ಯರ ಪ್ರವಚನದ ಪುಸ್ತಕಗಳು ಈಗ Amazon & Website ನಲ್ಲಿ ಲಭ್ಯವಿರುತ್ತವೆ. ತಾವು ಕೆಳಗಡೆ ಕೊಟ್ಟಿರುವ ಲಿಂಕ್ ಮುಖಾಂತರ ಖರೀದಿಸಬಹದು Amazon : https://amzn.in/d/98q8EXK Website : https://www.jnanayogashrama.org/books_kannada.php
CU1NHLgmsbI,Other,13.07,ಯಾವ ಕಾರಣಗಳಿಂದ ಮನುಷ್ಯನ ಮನಸ್ಸು ಮಲೀನವಾಗುತ್ತಿದೆ?,21:20,public,9/28/2025,43.2701357295555,21972,425,27,2,21,0,ಪೂಜ್ಯರ ಪ್ರವಚನದ ಪುಸ್ತಕಗಳು ಈಗ Amazon & Website ನಲ್ಲಿ ಲಭ್ಯವಿರುತ್ತವೆ. ತಾವು ಕೆಳಗಡೆ ಕೊಟ್ಟಿರುವ ಲಿಂಕ್ ಮುಖಾಂತರ ಖರೀದಿಸಬಹದು Amazon : https://amzn.in/d/98q8EXK Website : https://www.jnanayogashrama.org/books_kannada.php
2el3lsvjSQU,Other,13.06,LIVE - ಶ್ರೀ  ಸಿದ್ಧೇಶ್ವರ ಮಹಾಸ್ವಾಮಿಗಳವರ ಗುರುನಮನ ಮಹೋತ್ಸವದ ನಿಮಿತ್ಯವಾಗಿ ಶಿಕ್ಷಣ ಹಾಗೂ ವಿಜ್ಞಾನ ಗೋಷ್ಠಿ,02:40:38,public,12/30/2023,43.2962553415243,22105,444,19,0,5,0,30-12-2023  ಸ್ಥಳ : ಜ್ಞಾನಯೋಗಾಶ್ರಮ ವಿಜಯಪುರ.
jK1MlpFcB5A,Other,13.06,ಜಗತ್ತಿನಲ್ಲಿ ಎಲ್ಲವೂ ಬೇರೆ-ಬೇರೆ ಏಕೆ ಇದೆ?,21:47,public,7/30/2025,43.2644194828606,21943,451,22,2,21,0,ಪೂಜ್ಯರ ಪ್ರವಚನದ ಪುಸ್ತಕಗಳು ಈಗ Amazon & Website ನಲ್ಲಿ ಲಭ್ಯವಿರುತ್ತವೆ. ತಾವು ಕೆಳಗಡೆ ಕೊಟ್ಟಿರುವ ಲಿಂಕ್ ಮುಖಾಂತರ ಖರೀದಿಸಬಹದು? Amazon : https://amzn.in/d/98q8EXK Website : https://www.jnanayogashrama.org/books_kannada.php
aV_UJW5Ehwc,Other,13.04,ನಾವು ಕೆಲಸವನ್ನು ಹೇಗೆ ಮಾಡಿದರೆ ಮಾತ್ರ ಜೀವನದ ಸೊಬಗು ಹೆಚ್ಚುತ್ತದೆ?,20:49,public,11/15/2025,43.224192959744,21740,366,27,2,21,0,ಪೂಜ್ಯರ ಪ್ರವಚನದ ಪುಸ್ತಕಗಳು ಈಗ Amazon & Website ನಲ್ಲಿ ಲಭ್ಯವಿರುತ್ತವೆ. ತಾವು ಕೆಳಗಡೆ ಕೊಟ್ಟಿರುವ ಲಿಂಕ್ ಮುಖಾಂತರ ಖರೀದಿಸಬಹದು Amazon : https://amzn.in/d/98q8EXK Website : https://www.jnanayogashrama.org/books_kannada.php
Kr63UxGOGQE,Other,13.03,ಈ ಜಗತ್ತಿನಲ್ಲಿ ನಾವು ಕೂಡಾ ಋಷಿಗಳ ಹಾಗೆ ಜೀವನ ಸಾಗಿಸಬಹುದು ಅದು ಹೇಗೆ?,27:42,public,6/2/2025,43.1775560327402,21507,432,23,4,9,0,#siddheshwarswamiji   #jnanayogi  #kannadapravachan #motivationalvideo #SiritualTalks #https://amzn.eu/d/j5QXHyw #https://www.jnanayogashrama.org/mdsmall/mdsm_index.php #https://instagram.com/jnanayogashrama?igshid=ZDdkNTZiNTM= #https://www.facebook.com/jnanayogashrama?mibextid=ZbWKwL
nQOGYptQbDk,Other,13.03,ನಚಿಕೇತನನ್ನು ಆತನ ತಂದೆ ಯಮನಿಗೆ ಕೊಟ್ಟಿದ್ದು ಏಕೆ?,18:21,public,6/25/2025,43.2062382135044,21650,370,22,4,9,0,#siddheshwarswamiji   #jnanayogi  #kannadapravachan #motivationalvideo #SiritualTalks #https://amzn.eu/d/j5QXHyw #https://www.jnanayogashrama.org/mdsmall/mdsm_index.php #https://instagram.com/jnanayogashrama?igshid=ZDdkNTZiNTM= #https://www.facebook.com/jnanayogashrama?mibextid=ZbWKwL
fZlvwL3L1ug,Other,13,"ಶ್ರಾವಣ ಮಾಸದ ವಿಶೇಷ ಪ್ರವಚನ ದಿನ-6 ಪೂಜ್ಯ ಶ್ರೀಗುರುಮಹಾಂತ ಮಹಾಸ್ವಾಮಿಗಳು, ವಿಜಯಮಹಾಂತೇಶ್ವರ ಮಠ, ಚಿತ್ತರಗಿ-ಇಳಕಲ್",01:10:40,public,8/12/2024,43.0806894892485,21031,325,32,0,0,0,
W2ud1Y1UGGQ,Other,13,LIVE - ಪೂಜ್ಯ ಶ್ರೀ ಸಿದ್ಧೇಶ್ವರ ಸ್ವಾಮೀಜಿಯವರ ಆಧ್ಯಾತ್ಮಿಕ  ಪ್ರವಚನ (11-10-2022),01:03:43,public,10/11/2022,42.991700408641,20603,489,35,0,4,0,ಸ್ಥಳ :-  ಜ್ಞಾನಯೋಗಾಶ್ರಮ ವಿಜಯಪುರ.
9DzB4Jfvc3E,Other,12.99,LIVE - ಪೂಜ್ಯ ಶ್ರೀ ಸಿದ್ಧೇಶ್ವರ ಸ್ವಾಮೀಜಿಯವರ ಆಧ್ಯಾತ್ಮಿಕ  ಪ್ರವಚನ (28-09-2022),51:08,public,9/28/2022,42.9807629276597,20551,531,27,0,4,0,ಸ್ಥಳ :-  ಜ್ಞಾನಯೋಗಾಶ್ರಮ ವಿಜಯಪುರ
BuSHyBdx8F0,Other,12.98,ನಮ್ಮ ಭಾವನೆಗಳು ಹೇಗಿದ್ದರೆ ನಮ್ಮ ಬದುಕು ಶ್ರೀಮಂತ ಆಗುವುದು?,24:27,public,10/27/2025,42.9609209107805,20457,452,30,2,21,0,ಪೂಜ್ಯರ ಪ್ರವಚನದ ಪುಸ್ತಕಗಳು ಈಗ Amazon & Website ನಲ್ಲಿ ಲಭ್ಯವಿರುತ್ತವೆ. ತಾವು ಕೆಳಗಡೆ ಕೊಟ್ಟಿರುವ ಲಿಂಕ್ ಮುಖಾಂತರ ಖರೀದಿಸಬಹದು Amazon : https://amzn.in/d/98q8EXK Website : https://www.jnanayogashrama.org/books_kannada.php
q-C0rSwSE38,Other,12.96,ನಮ್ಮ ಜೀವನದಲ್ಲಿ ಸುಖ ಮತ್ತು ಶಾಂತಿಯನ್ನು ಅನುಭವಿಸುವುದು ಹೇಗೆ?,14:14,public,5/27/2025,42.7610993441225,19534,416,54,4,9,0,#siddheshwarswamiji   #jnanayogi  #kannadapravachan #motivationalvideo #SiritualTalks #https://amzn.eu/d/j5QXHyw #https://www.jnanayogashrama.org/mdsmall/mdsm_index.php #https://instagram.com/jnanayogashrama?igshid=ZDdkNTZiNTM= #https://www.facebook.com/jnanayogashrama?mibextid=ZbWKwL
yLRHu6T4NEg,Other,12.96,ಜೀವನದಲ್ಲಿ ಬೀಳಿಸುವವರ ಮಧ್ಯೆ ಮನಸ್ಸನ್ನು ಸ್ಥಿರವಾಗಿ ನಿಲ್ಲಿಸುವುದು ಹೇಗೆ?,22:14,public,9/22/2025,42.9776027417263,20536,436,23,2,21,0,ಪೂಜ್ಯರ ಪ್ರವಚನದ ಪುಸ್ತಕಗಳು ಈಗ Amazon & Website ನಲ್ಲಿ ಲಭ್ಯವಿರುತ್ತವೆ. ತಾವು ಕೆಳಗಡೆ ಕೊಟ್ಟಿರುವ ಲಿಂಕ್ ಮುಖಾಂತರ ಖರೀದಿಸಬಹದು Amazon : https://amzn.in/d/98q8EXK Website : https://www.jnanayogashrama.org/books_kannada.php
YLfgybfzFWw,Other,12.95,ಮನುಷ್ಯ ಏಕೆ ತನ್ನ ಇತಿ-ಮಿತಿಗಳನ್ನು ತಿಳಿದುಕೊಂಡು ಬದುಕಬೇಕು?,21:05,public,8/23/2025,42.9524498308679,20417,437,21,2,21,0,ಪೂಜ್ಯರ ಪ್ರವಚನದ ಪುಸ್ತಕಗಳು ಈಗ Amazon & Website ನಲ್ಲಿ ಲಭ್ಯವಿರುತ್ತವೆ. ತಾವು ಕೆಳಗಡೆ ಕೊಟ್ಟಿರುವ ಲಿಂಕ್ ಮುಖಾಂತರ ಖರೀದಿಸಬಹದು Amazon : https://amzn.in/d/98q8EXK Website : https://www.jnanayogashrama.org/books_kannada.php
PGhN_pev3Jw,Other,12.93,ಜಗತ್ತಿನಲ್ಲಿ ನಿಜವಾಗಲೂ  ತಣ್ಣಗ ಇದ್ದವರು ಯಾರು?,17:47,public,9/4/2025,42.8553395655045,19964,418,26,2,21,0,ಪೂಜ್ಯರ ಪ್ರವಚನದ ಪುಸ್ತಕಗಳು ಈಗ Amazon & Website ನಲ್ಲಿ ಲಭ್ಯವಿರುತ್ತವೆ. ತಾವು ಕೆಳಗಡೆ ಕೊಟ್ಟಿರುವ ಲಿಂಕ್ ಮುಖಾಂತರ ಖರೀದಿಸಬಹದು Amazon : https://amzn.in/d/98q8EXK Website : https://www.jnanayogashrama.org/books_kannada.php
zmvyBsyLMZg,Other,12.89,ನಮ್ಮ ಜೀವನದಲ್ಲಿ ನಾವು ತೆಗೆದುಕೊಳ್ಳುವ ನಿರ್ಧಾರಗಳು ಹೇಗಿರಬೇಕು?,12:55,public,1/23/2025,42.6763002159337,19155,466,31,4,9,0,#siddheshwarswamiji   #Jnanayogi #kannadapravachan #motivationalvideo #SiritualTalks #https://amzn.eu/d/j5QXHyw #https://www.jnanayogashrama.org/mdsmall/mdsm_index.php #https://instagram.com/jnanayogashrama?igshid=ZDdkNTZiNTM= #https://www.facebook.com/jnanayogashrama?mibextid=ZbWKwL
fT9azTGFwVo,Other,12.89,ನೀತಿಯಲ್ಲಿ ಎಂತಹ ಪ್ರಕಾರಗಳು,13:34,public,6/21/2022,42.815045600229,19779,405,15,0,0,0,
D9TLgdMt9Rk,Mind,12.87,What is the relation between mind and speech? Talk by Sri Siddheshwar Swamiji,10:51,public,9/25/2021,42.748895984245,19479,322,21,0,0,0,
oDWcV1uoYho,Other,12.87,ಎಲ್ಲವೂ ಒಳ್ಳೆಯದು ಎಂದು ಭಾವಿಸು.,00:59,public,9/11/2022,42.3861580622912,17913,1.3K,6,0,0,0,
m1XDzNioq2A,Other,12.86,ತಪಸ್ವಿ ಜೀವನ ಸಾಗಿಸುವುದು ಹೇಗೆ ?,01:00,public,9/1/2022,42.4164952317517,18039,1.2K,7,0,0,0,
L9S8TsB0mqc,Other,12.82,ವ್ಯಾವಹಾರಿಕ ಪ್ರೇಮ ಎಂದರೆ ಏನು?,15:28,public,11/19/2024,42.5541612179933,18622,417,21,4,9,0,#siddheshwarswamiji   #Jnanayogi #kannadapravachan #motivationalvideo #SiritualTalks #https://amzn.eu/d/j5QXHyw #https://www.jnanayogashrama.org/mdsmall/mdsm_index.php #https://instagram.com/jnanayogashrama?igshid=ZDdkNTZiNTM= #https://www.facebook.com/jnanayogashrama?mibextid=ZbWKwL
O9TaNyXxbZE,Other,12.82,ಜೀವನ ಎಂದರೆ ಏನು?,00:44,public,9/5/2022,42.2128784307827,17210,1.3K,11,0,0,0,
Zad_W0DefAE,Other,12.81,ಈ ಜಗತ್ತಿನಲ್ಲಿ ನಿಜವಾಗಲೂ ಯಾವುದು ಪವಿತ್ರ? ಯಾವುದು ಅಪವಿತ್ರ?,16:06,public,12/17/2025,42.4739353498363,18280,378,33,2,21,0,ಪೂಜ್ಯರ ಪ್ರವಚನದ ಪುಸ್ತಕಗಳು ಈಗ Amazon & Website ನಲ್ಲಿ ಲಭ್ಯವಿರುತ್ತವೆ. ತಾವು ಕೆಳಗಡೆ ಕೊಟ್ಟಿರುವ ಲಿಂಕ್ ಮುಖಾಂತರ ಖರೀದಿಸಬಹದು Amazon : https://amzn.in/d/98q8EXK Website : https://www.jnanayogashrama.org/books_kannada.php
K2WxcRSN6kI,Other,12.81,Live-ಪೂಜ್ಯ ಶ್ರೀ ಸಿದ್ಧೇಶ್ವರ ಸ್ವಾಮೀಜಿಯವರ ಆಧ್ಯಾತ್ಮಿಕ ಪ್ರವಚನ(26-03--2022)  ನಿಪ್ಪಾಣಿ.,43:42,public,3/26/2022,42.4468594944274,18166,406,33,0,7,0,Live-ಪೂಜ್ಯ ಶ್ರೀ ಸಿದ್ಧೇಶ್ವರ ಸ್ವಾಮೀಜಿಯವರ ಆಧ್ಯಾತ್ಮಿಕ ಪ್ರವಚನ(26-03--2022)  ನಿಪ್ಪಾಣಿ.
GdbntZyN8a8,Other,12.8,LIVE - ವಿಶೇಷ ಕಾರ್ಯಕ್ರಮ @ ಕಾಖಂಡಕಿ. ಜಿ|| ವಿಜಯಪುರ. (10-11-2022),01:41:36,public,11/10/2022,42.589575861867,18775,286,15,0,11,0,"ಸ್ಥಳ :- ಶ್ರೀ ಗುರುದೇವಾಶ್ರಮ, ಕಾಖಂಡಕಿ.  # jnanayogashram vijayapura  # Siddheshwara Swamiji"
ArljKyQ39g0,Other,12.76,ಜೀವನದಲ್ಲಿ ಶ್ರದ್ಧೆ ಎಂಬುದು ಹೇಗಿರಬೇಕು?,20:34,public,10/21/2025,42.315270153138,17622,379,31,2,21,0,ಪೂಜ್ಯರ ಪ್ರವಚನದ ಪುಸ್ತಕಗಳು ಈಗ Amazon & Website ನಲ್ಲಿ ಲಭ್ಯವಿರುತ್ತವೆ. ತಾವು ಕೆಳಗಡೆ ಕೊಟ್ಟಿರುವ ಲಿಂಕ್ ಮುಖಾಂತರ ಖರೀದಿಸಬಹದು Amazon : https://amzn.in/d/98q8EXK Website : https://www.jnanayogashrama.org/books_kannada.php
HzWuyDMAIEI,Other,12.76,ವೈವಿಧ್ಯತೆಯಲ್ಲಿ ಆನಂದ ಪಡುವುದು ಹೇಗೆ?,25:11,public,9/26/2025,42.4027976077042,17982,336,24,2,21,0,ಪೂಜ್ಯರ ಪ್ರವಚನದ ಪುಸ್ತಕಗಳು ಈಗ Amazon & Website ನಲ್ಲಿ ಲಭ್ಯವಿರುತ್ತವೆ. ತಾವು ಕೆಳಗಡೆ ಕೊಟ್ಟಿರುವ ಲಿಂಕ್ ಮುಖಾಂತರ ಖರೀದಿಸಬಹದು Amazon : https://amzn.in/d/98q8EXK Website : https://www.jnanayogashrama.org/books_kannada.php
Mirmw-ETvsI,Other,12.75,"LIVE : 02-01-2026 ""ಪುಷ್ಪ ನಮನ""",18:29,public,1/2/2026,42.3441551675653,17740,251,33,0,9,0,"LIVE - ಪೂಜ್ಯ ಶ್ರೀ ಸಿದ್ಧೇಶ್ವರ ಮಹಾಸ್ವಾಮಿಗಳವರ ಗುರುನಮನ ಮಹೋತ್ಸವ ""ಜಪಯೋಗ"""
SgQ1XFQyCSQ,Other,12.75,ಯಾವುದರಿಂದ ಪ್ರೇಮ ಹೆಚ್ಚುತ್ತದೆ.,00:58,public,9/12/2022,42.0402297494889,16537,1.2K,12,0,0,0,
G7nOw1aFMXs,Other,12.75,ನಾವು ಭಾರತೀಯರು,00:52,public,8/14/2025,42.3356076698348,17705,569,13,0,0,0,
FDyqcScD2RA,Other,12.73,ವಿಜಯದಶಮಿ ವಿಶೇಷ,04:21,public,10/12/2024,42.1329261901535,16895,479,41,4,9,0,#Siddheshwarswamiji  #Jnanayogi #kannadapravachan #motivationalvideo #SiritualTalks #https://amzn.eu/d/j5QXHyw #https://www.jnanayogashrama.org/mdsmall/mdsm_index.php #https://instagram.com/jnanayogashrama?igshid=ZDdkNTZiNTM= #https://www.facebook.com/jnanayogashrama?mibextid=ZbWKwL
Mt0X_LU72EQ,Other,12.72,ಗೌರವಾನ್ವಿತ ರಾಜ್ಯಪಾಲರಾದ ಸನ್ಮಾನ್ಯ ಶ್ರೀ ಸಿ. ಎಚ್. ವಿಜಯ ಶಂಕರವರಿಂದ ಉದ್ಘಾಟನಾಪರ ಮಾತುಗಳು,29:13,public,1/16/2025,42.485285229914,18328,133,5,0,19,0,ಪೂಜ್ಯ ಶ್ರೀ ಸಿದ್ಧೇಶ್ವರ ಮಹಾಸ್ವಾಮಿಗಳವರ ಗುರುನಮನ ಮಹೋತ್ಸವ-2025  02-01-2025  ಸನ್ಮಾನ್ಯ ಶ್ರೀ ಸಿ. ಎಚ್. ವಿಜಯ ಶಂಕರವರಿಂದ ಉದ್ಘಾಟನಾಪರ ಮಾತುಗಳು              ಸ್ಥಳ : ಜ್ಞಾನಯೋಗಾಶ್ರಮ ವಿಜಯಪುರ
aLkLj1VLwpQ,Other,12.71,LIVE - ಪೂಜ್ಯ ಶ್ರೀ ಸಿದ್ಧೇಶ್ವರ ಸ್ವಾಮೀಜಿಯವರ ಆಧ್ಯಾತ್ಮಿಕ  ಪ್ರವಚನದ ಉದ್ಘಾಟನಾ ಕಾರ್ಯಕ್ರಮ. (16-08-2022),01:01:10,public,8/16/2022,42.2800050839575,17479,314,19,0,4,0,ಸ್ಥಳ :-  ಜ್ಞಾನಯೋಗಾಶ್ರಮ ವಿಜಯಪುರ
X5jF6k2m0RM,Other,12.7,ಕುಟುಂಬದಲ್ಲಿ ಆತ್ಮೀಯತೆ ಮತ್ತು ಗೌರವ ಎಷ್ಟು ಅವಶ್ಯಕ?,14:48,public,8/28/2025,42.229194270489,17275,360,21,2,21,0,ಪೂಜ್ಯರ ಪ್ರವಚನದ ಪುಸ್ತಕಗಳು ಈಗ Amazon & Website ನಲ್ಲಿ ಲಭ್ಯವಿರುತ್ತವೆ. ತಾವು ಕೆಳಗಡೆ ಕೊಟ್ಟಿರುವ ಲಿಂಕ್ ಮುಖಾಂತರ ಖರೀದಿಸಬಹದು Amazon : https://amzn.in/d/98q8EXK Website : https://www.jnanayogashrama.org/books_kannada.php
AqrPPnPlY3c,Other,12.7,ಮುಕ್ತಾವಸ್ತೆ ಪಡೆಯುವುದು ಹೇಗೆ?,00:59,public,3/1/2023,42.0412765080944,16541,872,11,0,0,0,
SFceslelQlc,Other,12.67,ಈ ಜಗತ್ತಿನಲ್ಲಿ ಎಲ್ಲವನ್ನು ಗಟ್ಟಿಯಾಗಿ ನಿಲ್ಲಿಸುತ್ತೇನೆ ಎಂದು ಏಕೆ ಹೋಗಬಾರದು?,14:06,public,3/2/2025,42.1385583850036,16917,371,18,4,9,0,#siddheshwarswamiji   #Jnanayogi #kannadapravachan #motivationalvideo #SiritualTalks #https://amzn.eu/d/j5QXHyw #https://www.jnanayogashrama.org/mdsmall/mdsm_index.php #https://instagram.com/jnanayogashrama?igshid=ZDdkNTZiNTM= #https://www.facebook.com/jnanayogashrama?mibextid=ZbWKwL
u7u4rJCruCA,Other,12.67,ಈ ಮೂರು ಪ್ರಯೋಗಗಳನ್ನು ಮಾಡಿದರೆ ನಮ್ಮ ಬದುಕು ಬದಲಾಗುತ್ತದೆ?,14:02,public,2/24/2025,42.0940697887671,16744,443,22,4,9,0,#siddheshwarswamiji   #Jnanayogi #kannadapravachan #motivationalvideo #SiritualTalks #https://amzn.eu/d/j5QXHyw #https://www.jnanayogashrama.org/mdsmall/mdsm_index.php #https://instagram.com/jnanayogashrama?igshid=ZDdkNTZiNTM= #https://www.facebook.com/jnanayogashrama?mibextid=ZbWKwL
_P62JGJeAdE,Other,12.66,ಯಾವ ಕೆಲಸಗಳನ್ನು ಮಾಡಿದರೆ ನಮ್ಮ ಮನೆ ಸಂತೋಷದ ನಿಲಯವಾಗುತ್ತದೆ?,14:59,public,12/3/2025,42.0582509488326,16606,305,30,2,21,0,ಪೂಜ್ಯರ ಪ್ರವಚನದ ಪುಸ್ತಕಗಳು ಈಗ Amazon & Website ನಲ್ಲಿ ಲಭ್ಯವಿರುತ್ತವೆ. ತಾವು ಕೆಳಗಡೆ ಕೊಟ್ಟಿರುವ ಲಿಂಕ್ ಮುಖಾಂತರ ಖರೀದಿಸಬಹದು Amazon : https://amzn.in/d/98q8EXK Website : https://www.jnanayogashrama.org/books_kannada.php
0TMmKyKgd24,Other,12.65,"ಶ್ರಾವಣ ಮಾಸದ ವಿಶೇಷ ಪ್ರವಚನ ದಿನ-20 ಪೂಜ್ಯ ಶ್ರೀ ಶಿವಯೋಗೇಶ್ವರ ಮಹಾಸ್ವಾಮಿಗಳು, ಶ್ರೀ ಗುರುದೇವಾಶ್ರಮ, ಕಾಖಂಡಕಿ",58:31,public,8/27/2024,42.0943282667822,16745,245,27,0,0,0,
MZ6XQfhW7Z0,Other,12.64,"17-10-2024 ವಿಶೇಷ ಉಪನ್ಯಾಸ : ಎಂ. ಡಿ. ಪವಿತ್ರ, ಮನೆಮದ್ದು ಮತ್ತು ಪಾರಂಪರಿಕ ವೈದ್ಯರು.",01:19:45,public,10/18/2024,42.0205560052463,16462,266,28,4,9,0,#Siddheshwarswamiji  #Jnanayogi #kannadapravachan #motivationalvideo #SiritualTalks #https://amzn.eu/d/j5QXHyw #https://www.jnanayogashrama.org/mdsmall/mdsm_index.php #https://instagram.com/jnanayogashrama?igshid=ZDdkNTZiNTM= #https://www.facebook.com/jnanayogashrama?mibextid=ZbWKwL
AhEnHXSSByE,Other,12.64,ನಮ್ಮ ಜೀವನ ನಾವೇ ಕಟ್ಕೊಬೇಕು.,00:41,public,7/19/2022,41.8989755816648,16006,881,6,2,18,0,BOOKS ARE  SALE IN ONLINE (AMEZON & WEBSITE) LINKS ARE  GIVEN BELOW WEBSITE  - https://www.jnanayogashrama.org AMEZON - https://amzn.eu/d/cJtQoa3
fobLQBY6IIk,Other,12.64,Live-ಪೂಜ್ಯ ಶ್ರೀ ಸಿದ್ಧೇಶ್ವರ ಸ್ವಾಮೀಜಿಯವರ ಆಧ್ಯಾತ್ಮಿಕ ಪ್ರವಚನದ ನಿಮಿತ್ಯವಾಗಿ ವಿಶೇಷ ಕಾರ್ಯಕ್ರಮ(16-3-2022),01:02:20,public,3/16/2022,42.0465065070664,16561,322,20,0,9,0,Live-ಪೂಜ್ಯ ಶ್ರೀ ಸಿದ್ಧೇಶ್ವರ ಸ್ವಾಮೀಜಿಯವರ ಆಧ್ಯಾತ್ಮಿಕ ಪ್ರವಚನದ ನಿಮಿತ್ಯವಾಗಿ ವಿಶೇಷ ಕಾರ್ಯಕ್ರಮ(16-3-2022)
Pz9hohe2Q5I,Other,12.62,Live-ಪೂಜ್ಯ ಶ್ರೀ ಸಿದ್ಧೇಶ್ವರ ಸ್ವಾಮೀಜಿಯವರ ಆಧ್ಯಾತ್ಮಿಕ ಪ್ರವಚನದ ನಿಮಿತ್ಯವಾಗಿ ವಿಶೇಷ ಕಾರ್ಯಕ್ರಮ(3-4-2022),01:41:08,public,4/3/2022,41.9804074847977,16310,357,21,0,9,0,Live-ಪೂಜ್ಯ ಶ್ರೀ ಸಿದ್ಧೇಶ್ವರ ಸ್ವಾಮೀಜಿಯವರ ಆಧ್ಯಾತ್ಮಿಕ ಪ್ರವಚನದ ನಿಮಿತ್ಯವಾಗಿ ವಿಶೇಷ ಕಾರ್ಯಕ್ರಮ(3-4-2022)
zTnPbUdr0e0,Other,12.62,ಈ ಜಗತ್ತಿನಲ್ಲಿ ಸಂತೋಷ ಎಂಬುದು ಎಲ್ಲಿದೆ?,14:00,public,10/3/2025,41.9671189108872,16260,341,23,2,21,0,ಪೂಜ್ಯರ ಪ್ರವಚನದ ಪುಸ್ತಕಗಳು ಈಗ Amazon & Website ನಲ್ಲಿ ಲಭ್ಯವಿರುತ್ತವೆ. ತಾವು ಕೆಳಗಡೆ ಕೊಟ್ಟಿರುವ ಲಿಂಕ್ ಮುಖಾಂತರ ಖರೀದಿಸಬಹದು Amazon : https://amzn.in/d/98q8EXK Website : https://www.jnanayogashrama.org/books_kannada.php
HQeLZ6SpDQ4,Other,12.61,ನಿಜವಾಗಲೂ ಯಾರು ನಮ್ಮ ಪೂರ್ವಜರು?,19:08,public,4/17/2025,41.9604592925204,16235,371,19,0,0,0,
iuK7cyp0qog,Other,12.6,ಎಂತಹವರಿಂದ ಜಗತ್ತು ಭಾರತದ ಕಡೆಗೆ  ನೋಡುತ್ತಿದೆ ?,06:46,public,7/6/2022,41.9218991007126,16091,374,17,0,0,0,
FZ3sk5k-qyU,Other,12.57,ನಾವು ಮನಸ್ಸು ಮಾಡಿದರೆ ಇಂದೇ ಯೋಗಿ ಆಗುವುದು ಹೇಗೆ?,13:32,public,3/8/2025,41.7565897118238,15488,433,27,4,9,0,#siddheshwarswamiji   #Jnanayogi #kannadapravachan #motivationalvideo #SiritualTalks #https://amzn.eu/d/j5QXHyw #https://www.jnanayogashrama.org/mdsmall/mdsm_index.php #https://instagram.com/jnanayogashrama?igshid=ZDdkNTZiNTM= #https://www.facebook.com/jnanayogashrama?mibextid=ZbWKwL
mLSU4rZbEKM,Other,12.56,ನಮ್ಮಲ್ಲಿ ದೇವರ ಮೇಲಿರುವ ಭಕ್ತಿ ಏಕೆ ಒಡೆದು ಹೋಗುತ್ತಿದೆ?,16:46,public,10/31/2025,41.7980284015956,15637,324,24,2,21,0,ಪೂಜ್ಯರ ಪ್ರವಚನದ ಪುಸ್ತಕಗಳು ಈಗ Amazon & Website ನಲ್ಲಿ ಲಭ್ಯವಿರುತ್ತವೆ. ತಾವು ಕೆಳಗಡೆ ಕೊಟ್ಟಿರುವ ಲಿಂಕ್ ಮುಖಾಂತರ ಖರೀದಿಸಬಹದು Amazon : https://amzn.in/d/98q8EXK Website : https://www.jnanayogashrama.org/books_kannada.php
k3H4NHYYpZc,Other,12.55,ಇರೋತನಕ ಏನು ಮಾಡಬೇಕು? #jnanayogi #kannadapravachan #motivationalvideo #live #siddheshwarswamiji,01:32,public,6/20/2025,41.7352994119787,15412,532,11,0,0,0,
R-FGx_PErXE,Other,12.52,ನಮ್ಮ ಮನೆಯಲ್ಲಿ ನಾವೇನು ಸಂಗ್ರಹಿಸಬೇಕು.,01:00,public,8/30/2022,41.4244793186051,14344,1.1K,6,0,0,0,
olULzTq0ZcY,Other,12.5,"ಶ್ರಾವಣ ಮಾಸದ ವಿಶೇಷ ಪ್ರವಚನ ದಿನ-3  - ಸಂಗಮೇಶ್ವರ ಸ್ವಾಮಿಗಳು, ಜ್ಞಾನಯೋಗಾಶ್ರಮ, ವಿಜಯಪುರ",46:02,public,8/8/2024,41.4942186535153,14577,332,37,0,10,0,ಸಮಯ : ಪ್ರತಿದಿನ ಸಾಯಂಕಾಲ 5:00 ಗಂಟೆಗೆ  ಸ್ಥಳ : ಜ್ಞಾನಯೋಗಾಶ್ರಮ ವಿಜಯಪುರ.
2ystrHcK0bI,Other,12.49,Live-ಗುರುಪೂರ್ಣಿಮೆ ಮಹೋತ್ಸವ-2022,33:04,public,7/13/2022,41.5809331647585,14872,286,22,0,4,0,ಸ್ಥಳ : ಜ್ಞಾನಯೋಗಾಶ್ರಮ ವಿಜಯಪುರ
GeozSAfZLxE,Other,12.49,LIVE - ವಿಶೇಷ ಕಾರ್ಯಕ್ರಮ @ ಕಾಖಂಡಕಿ. ಜಿ|| ವಿಜಯಪುರ. (30-10-2022),54:45,public,10/30/2022,41.7546331361272,15481,234,4,0,11,0,"ಸ್ಥಳ :- ಶ್ರೀ ಗುರುದೇವಾಶ್ರಮ, ಕಾಖಂಡಕಿ.  # jnanayogashram vijayapura  # Siddheshwara Swamiji"
AKs0t3ZO_dQ,Other,12.47,ಜಗತ್ತನ್ನು ಹೇಗೆ ನೋಡಿದರೆ ದೇವರಲ್ಲಿ ಭಕ್ತಿ ಉಂಟಾಗುತ್ತದೆ?,24:17,public,11/3/2025,41.5349997654833,14715,291,22,2,21,0,ಪೂಜ್ಯರ ಪ್ರವಚನದ ಪುಸ್ತಕಗಳು ಈಗ Amazon & Website ನಲ್ಲಿ ಲಭ್ಯವಿರುತ್ತವೆ. ತಾವು ಕೆಳಗಡೆ ಕೊಟ್ಟಿರುವ ಲಿಂಕ್ ಮುಖಾಂತರ ಖರೀದಿಸಬಹದು Amazon : https://amzn.in/d/98q8EXK Website : https://www.jnanayogashrama.org/books_kannada.php
X6L5v8aoAyw,Other,12.43,ನಾವು ಜಗತ್ತಿನಿಂದ ಅತಿಯಾದ ನಿರೀಕ್ಷೆಯನ್ನು ಏಕೆ ಪಡಬಾರದು?,11:44,public,11/1/2024,41.3774558865735,14189,411,18,4,9,0,#siddheshwarswamiji   #Jnanayogi #kannadapravachan #motivationalvideo #SiritualTalks #https://amzn.eu/d/j5QXHyw #https://www.jnanayogashrama.org/mdsmall/mdsm_index.php #https://instagram.com/jnanayogashrama?igshid=ZDdkNTZiNTM= #https://www.facebook.com/jnanayogashrama?mibextid=ZbWKwL
S-o1PkzroNQ,Other,12.43,ಈ ಜಗತ್ತಿನಲ್ಲಿ ನಿಜವಾದ ಧರ್ಮ ಎಂದರೆ ಏನು?,20:08,public,2/15/2025,41.390248265707,14231,327,22,4,9,0,#siddheshwarswamiji   #Jnanayogi #kannadapravachan #motivationalvideo #SiritualTalks #https://amzn.eu/d/j5QXHyw #https://www.jnanayogashrama.org/mdsmall/mdsm_index.php #https://instagram.com/jnanayogashrama?igshid=ZDdkNTZiNTM= #https://www.facebook.com/jnanayogashrama?mibextid=ZbWKwL
TmKVpr5STzc,Other,12.42,ಬದುಕಿನಲ್ಲಿ ಶಾಂತಿ ಉಂಟಾಗಬೇಕಾದರೆ ತನ್ಮಯತೆ ಎಂಬುದು ಹೇಗಿರಬೇಕು?,18:44,public,11/22/2025,41.3234346915641,14013,271,32,2,21,0,ಪೂಜ್ಯರ ಪ್ರವಚನದ ಪುಸ್ತಕಗಳು ಈಗ Amazon & Website ನಲ್ಲಿ ಲಭ್ಯವಿರುತ್ತವೆ. ತಾವು ಕೆಳಗಡೆ ಕೊಟ್ಟಿರುವ ಲಿಂಕ್ ಮುಖಾಂತರ ಖರೀದಿಸಬಹದು Amazon : https://amzn.in/d/98q8EXK Website : https://www.jnanayogashrama.org/books_kannada.php
T09DSjCLgtE,Other,12.42,ನಾವು ಯಾವ ಮಾರ್ಗದಲ್ಲಿ ನಡೆದರೆ ಜೀವನದಲ್ಲಿ ಆನಂದವನ್ನು ಅನುಭವಿಸಬಹುದು?,14:00,public,3/6/2025,41.3578897412318,14125,322,20,4,9,0,#siddheshwarswamiji   #Jnanayogi #kannadapravachan #motivationalvideo #SiritualTalks #https://amzn.eu/d/j5QXHyw #https://www.jnanayogashrama.org/mdsmall/mdsm_index.php #https://instagram.com/jnanayogashrama?igshid=ZDdkNTZiNTM= #https://www.facebook.com/jnanayogashrama?mibextid=ZbWKwL
8d1cPgyCqGc,Other,12.41,LIVE - ಪೂಜ್ಯ ಶ್ರೀ ಸಿದ್ಧೇಶ್ವರ ಸ್ವಾಮೀಜಿಯವರ ಆಧ್ಯಾತ್ಮಿಕ  ಪ್ರವಚನ ಕಾಖಂಡಕಿ (02-11-2022),31:06,public,11/2/2022,41.4045188599093,14278,293,12,0,11,0,"ಸ್ಥಳ :- ಶ್ರೀ ಗುರುದೇವಾಶ್ರಮ, ಕಾಖಂಡಕಿ.  # jnanayogashram vijayapura  # Siddheshwara Swamiji"
UBkG4RNBB5g,Other,12.39,ನಾವು ಜೀವನದಲ್ಲಿ ಯಾವ ಯಾವುದನ್ನು ಎಷ್ಟೆಷ್ಟು ಸಂಗ್ರಹಿಸಿಡಬೇಕು?,14:54,public,6/12/2025,41.2690434765498,13838,310,21,4,9,0,#siddheshwarswamiji   #jnanayogi  #kannadapravachan #motivationalvideo #SiritualTalks #https://amzn.eu/d/j5QXHyw #https://www.jnanayogashrama.org/mdsmall/mdsm_index.php #https://instagram.com/jnanayogashrama?igshid=ZDdkNTZiNTM= #https://www.facebook.com/jnanayogashrama?mibextid=ZbWKwL
nEjMMxQ2OYM,Other,12.39,# ಸೂರ್ಯನು ಹೇಗೆ ದೇವರು?‌‌       (ಇವತ್ತಿನ ಪ್ರವಚನದ ತಾತ್ಪರ್ಯ),04:49,public,8/19/2022,41.3391580654302,14064,313,12,0,0,0,
vuaMWL3TjME,Other,12.38,ದೇವರು ಕೊಟ್ಟ ದೇಹದ ಮೂರು ಭಾಗಗಳನ್ನು ಬಳಸಿ ಆನಂದವಾಗಿ ಬದುಕುವುದು ಹೇಗೆ?,26:27,public,6/13/2025,41.2743572711063,13855,293,17,4,9,0,#siddheshwarswamiji   #jnanayogi  #kannadapravachan #motivationalvideo #SiritualTalks #https://amzn.eu/d/j5QXHyw #https://www.jnanayogashrama.org/mdsmall/mdsm_index.php #https://instagram.com/jnanayogashrama?igshid=ZDdkNTZiNTM= #https://www.facebook.com/jnanayogashrama?mibextid=ZbWKwL
GzYHEJFZEV0,Other,12.32,"""ವಚನ ನಮನ ಮತ್ತು ಚಿತ್ರ ನಮನ"" ಕಾರ್ಯಕ್ರಮ",01:21,public,12/25/2025,41.2467797764003,13767,194,2,0,19,0,"ಜ್ಞಾನಯೋಗಿ ಪೂಜ್ಯ ಶ್ರೀ ಸಿದ್ಧೇಶ್ವರ ಮಹಾಸ್ವಾಮಿಗಳವರ ""ಗುರುನಮನ"" ಮಹೋತ್ಸವದ ಅಂಗವಾಗಿ ಇಂದು ಆಶ್ರಮದಲ್ಲಿ ಶಾಲಾ ವಿದ್ಯಾರ್ಥಿಗಳಿಂದ ""ವಚನ ನಮನ ಮತ್ತು ಚಿತ್ರ ನಮನ"" ಕಾರ್ಯಕ್ರಮ ಏರ್ಪಡಿಸಲಾಗಿತ್ತು."
f7es3lWA9A4,Other,12.31,ನಿಸರ್ಗ ಕೊಟ್ಟ 4 ವಸ್ತುಗಳನ್ನು ಬಳಸಿಕೊಂಡು ಜೀವನವನ್ನು ಮಾಡುವುದು ಹೇಗೆ?,17:18,public,7/16/2025,41.0423971037189,13132,302,19,4,9,0,#siddheshwarswamiji   #jnanayogi  #kannadapravachan #motivationalvideo #SiritualTalks #https://amzn.eu/d/j5QXHyw #https://www.jnanayogashrama.org/mdsmall/mdsm_index.php #https://instagram.com/jnanayogashrama?igshid=ZDdkNTZiNTM= #https://www.facebook.com/jnanayogashrama?mibextid=ZbWKwL
hAd9Q_ZWwvc,Other,12.2,LIVE - ವಿಶೇಷ ಕಾರ್ಯಕ್ರಮ @ ಕಾಖಂಡಕಿ. ಜಿ|| ವಿಜಯಪುರ. (13-11-2022),01:51:08,public,11/13/2022,40.7407757024994,12248,238,16,0,11,0,"ಸ್ಥಳ :- ಶ್ರೀ ಗುರುದೇವಾಶ್ರಮ, ಕಾಖಂಡಕಿ.  # jnanayogashram vijayapura  # Siddheshwara Swamiji"
dUX1PE6tQwg,Other,12.19,"LIVE : 02-01-2026 ""ಗುರುನಮನ ಮಹೋತ್ಸವ """,02:24:05,public,1/3/2026,40.6312705601277,11942,256,29,0,9,0,"LIVE - ಪೂಜ್ಯ ಶ್ರೀ ಸಿದ್ಧೇಶ್ವರ ಮಹಾಸ್ವಾಮಿಗಳರ ಗುರುನಮನ ಮಹೋತ್ಸವ ""ಜಪಯೋಗ"""
9XyXIdlprmQ,Other,12.18,Live -ಜ್ಞಾನಯೋಗಾಶ್ರಮದ ಆಧ್ಯಾತ್ಮಿಕ ಸಾಹಿತ್ಯದ ಸಮಗ್ರ ಸಂಪುಟದ ವಿಚಾರ ಗೋಷ್ಠಿ,02:41:06,public,3/30/2023,40.5937788183811,11839,313,25,0,3,0,"ಸ್ಥಳ :ಜ್ಞಾನಯೋಗಾಶ್ರಮ, ವಿಜಯಪುರ"
O3FnflocYs4,Other,12.18,"ಶ್ರಾವಣ ಮಾಸದ ವಿಶೇಷ ಪ್ರವಚನ - ಪೂಜ್ಯ ಶ್ರೀ ಸಂಗಮೇಶ್ವರ ಸ್ವಾಮಿಗಳು, ಜ್ಞಾನಯೋಗಾಶ್ರಮ, ವಿಜಯಪುರ",43:13,public,8/6/2024,40.4999112712566,11585,291,39,0,10,0,ಸಮಯ : ಪ್ರತಿದಿನ ಸಾಯಂಕಾಲ 5:00 ಗಂಟೆಗೆ  ಸ್ಥಳ : ಜ್ಞಾನಯೋಗಾಶ್ರಮ ವಿಜಯಪುರ.
0QWtETZzZbM,Other,12.17,Live-ಗುರುಪೂರ್ಣಿಮೆಯ ನಿಮಿತ್ಯವಾಗಿ ಗುರುಸ್ಮರಣೋತ್ಸವ,02:30:42,public,7/12/2022,40.6377893072564,11960,243,16,0,13,0,ಜ್ಞಾನಯೋಗಾಶ್ರಮ ವಿಜಯಪುರದಲ್ಲಿ ದಿನಾಂಕ 12-07-2022 ರಿಂದ ವೇದಾಂತ ಕೇಸರಿ ಶ್ರೀ ಮಲ್ಲಿಕಾರ್ಜುನ ಶಿವಯೋಗಿಗಳವರ ಪ್ರವಚನದ ಧ್ವನಿಸುರುಳಿ ಪ್ರಸಾರ
jdnfNInHw8Y,Other,12.14,ನಮ್ಮ ನಿರ್ಧಾರ ಹೇಗಿರಬೇಕು?,01:00,public,9/8/2022,40.3524738716897,11197,787,6,0,0,0,
xk6fwDqpS8w,Other,12.13,"ಶ್ರಾವಣ ಮಾಸದ ವಿಶೇಷ ಪ್ರವಚನ ದಿನ-4  ಪೂಜ್ಯ ಶ್ರೀ ಯೋಗೀಶ್ವರಿ ಮಾತಾಜಿ, ಸಿದ್ಧಾರೂಢ ಮಠ, ಬುರಣಾಪೂರ",55:33,public,8/10/2024,40.6003542359362,11857,157,9,0,0,0,
tSJYgqeVVPA,Other,12.09,ನಾವು ಮಾಡುವ ಕೆಲಸ ಹೇಗಿದ್ದರೆ ಮಾತ್ರ ಅದು ಧರ್ಮ ಕಾರ್ಯವಾಗುತ್ತವೆ?,16:57,public,4/14/2025,40.3586540924599,11213,290,16,4,9,0,#siddheshwarswamiji   #jnanayogi  #kannadapravachan #motivationalvideo #SiritualTalks #https://amzn.eu/d/j5QXHyw #https://www.jnanayogashrama.org/mdsmall/mdsm_index.php #https://instagram.com/jnanayogashrama?igshid=ZDdkNTZiNTM= #https://www.facebook.com/jnanayogashrama?mibextid=ZbWKwL
zlgmjM1bHsA,Other,12.06,"ಶ್ರಾವಣ ಮಾಸದ ವಿಶೇಷ ಪ್ರವಚನ ದಿನ-19 ಪೂಜ್ಯ ಶ್ರೀ ಮಲ್ಲಯ್ಯಾ ಮಹಾಸ್ವಾಮಿಗಳು, ಶಿವಾನಂದ ಮಠ, ಘೋಡಗೇರಿ",01:24:17,public,8/26/2024,40.2760411542985,11001,196,22,0,0,0,
8kAN4eu00qI,Other,12.06,Live-ಜ್ಞಾನಯೋಗಾಶ್ರಮ ವಿಜಯಪುರದಲ್ಲಿ ನವರಾತ್ರಿಯ ನಿಮಿತ್ಯವಾಗಿ ಆಧ್ಯಾತ್ಮಿಕ ಪ್ರವಚನ ಉದ್ಘಾಟನಾ ಸಮಾರಂಭ (26-09-2022),57:43,public,9/26/2022,40.3034937616144,11071,232,16,0,4,0,ಸ್ಥಳ :-  ಜ್ಞಾನಯೋಗಾಶ್ರಮ ವಿಜಯಪುರ
wkeQ_ZzwreQ,Other,12,Live-ಜ್ಞಾನಯೋಗಾಶ್ರಮ ವಿಜಯಪುರದಲ್ಲಿ ಶ್ರಾವಣ ಮಾಸದ ನಿಮಿತ್ಯವಾಗಿ ಪ್ರವಚನದ ಉದ್ಘಾಟನಾ ಸಮಾರಂಭ.,25:48,public,7/29/2022,40.2122314087237,10840,166,6,0,4,0,ಸ್ಥಳ : ಜ್ಞಾನಯೋಗಾಶ್ರಮ ವಿಜಯಪುರ
mGzxcz-63VU,Other,12,Live - 21-07-2024  ಗುರುಪೂರ್ಣಿಮಾ ಮಹೋತ್ಸವ (ಜಪಯೋಗ),03:27:46,public,7/21/2024,40.1507079103928,10687,238,10,0,4,0,"ಸ್ಥಳ : ಜ್ಞಾನಯೋಗಾಶ್ರಮ, ವಿಜಯಪುರ"
VTjFr-G8whI,Other,11.99,Live- 67 ನೇ ಕನ್ನಡ ರಾಜ್ಯೋತ್ಸವದ ಕಾಯ೯ಕ್ರಮ (01-11-2022),01:15:03,public,11/1/2022,40.0759536026787,10504,251,14,0,11,0,"ಸ್ಥಳ :- ಶ್ರೀ ಗುರುದೇವಾಶ್ರಮ, ಕಾಖಂಡಕಿ.  # jnanayogashram vijayapura  # Siddheshwara Swamiji"
6-uOt-gK5Z0,Other,11.98,ನಮ್ಮ ಹತ್ತಿರ ಇರುವುದನ್ನೇ ಏನೆಂದು ಭಾವಿಸಿದರೆ ಆನಂದವಾಗಿ ಬದುಕಬಹುದು?,12:18,public,9/3/2025,40.0249734135367,10381,276,17,2,21,0,ಪೂಜ್ಯರ ಪ್ರವಚನದ ಪುಸ್ತಕಗಳು ಈಗ Amazon & Website ನಲ್ಲಿ ಲಭ್ಯವಿರುತ್ತವೆ. ತಾವು ಕೆಳಗಡೆ ಕೊಟ್ಟಿರುವ ಲಿಂಕ್ ಮುಖಾಂತರ ಖರೀದಿಸಬಹದು Amazon : https://amzn.in/d/98q8EXK Website : https://www.jnanayogashrama.org/books_kannada.php
Bhvq4yXwL7E,Other,11.92,"Live-ಜ್ಞಾನಯೋಗಾಶ್ರಮ ವಿಜಯಪುರದಲ್ಲಿ ""ನೂರರ ಅಂಗಳದಲ್ಲಿಯ ಹಿರಿಯರು"" ಎಂಬ ಗ್ರಂಥ ಬಿಡುಗಡೆ ಕಾರ್ಯಕ್ರಮ",01:59:39,public,5/6/2022,39.8799838408691,10039,216,14,0,4,0,ಸ್ಥಳ : ಜ್ಞಾನಯೋಗಾಶ್ರಮ ವಿಜಯಪುರ.
b3jI5kVM6Jw,Other,11.91,Live-Sri Siddheshwar Swamiji's English Pravachan (17-4-2022),50:38,public,4/17/2022,39.8309902178914,9926,201,18,0,4,0,"Place : Jnanayogashrama, vijayapur"
qEUy258zMC8,Other,11.91,LIVE - ವಿಶೇಷ ಕಾರ್ಯಕ್ರಮ @ ಕಾಖಂಡಕಿ. ಜಿ|| ವಿಜಯಪುರ. (27-10-2022),01:24:33,public,10/27/2022,39.9424750795597,10185,193,2,0,11,0,"ಸ್ಥಳ :- ಶ್ರೀ ಗುರುದೇವಾಶ್ರಮ, ಕಾಖಂಡಕಿ.  # jnanayogashram vijayapura  # Siddheshwara Swamiji"
bylsOZedOHs,Purpose,11.85,Leading a Life of Purpose,01:26:01,public,10/8/2022,39.5994770531228,9409,324,16,0,0,0,
cRwwastdoaA,Other,11.84,ಜಗತ್ತಿನಲ್ಲಿ ನಾವು ಹೇಗೆ ಬದುಕಬೇಕು?,01:06,public,11/3/2025,39.6320140313569,9480,291,9,0,0,0,
z2xpp0tsJqs,Other,11.84,Live-ಗುರುಪೂರ್ಣಿಮೆ ಮಹೋತ್ಸವ-2022,01:51:56,public,7/13/2022,39.6954635359722,9620,195,6,0,4,0,ಸ್ಥಳ : ಜ್ಞಾನಯೋಗಾಶ್ರಮ ವಿಜಯಪುರ
VW0TktaUSik,Other,11.82,ಜ್ಞಾನಯೋಗಿ ಪೂಜ್ಯ ಶ್ರೀ ಸಿದ್ದೇಶ್ವರ ಮಹಾಸ್ವಾಮಿಗಳವರ ಗುರು ನಮನ ಮಹೋತ್ಸವ 2025  ಹಳ್ಳಿಗಳಲ್ಲಿ ಜ್ಞಾನದಾಸೋಹ- ಮಖಣಾಪೂರ,04:53,public,11/25/2024,39.5643755407666,9333,187,17,0,0,0,
xh5ynQk_KGw,Other,11.8,#Sri Siddheshwar Swamiji's English Pravachan (06-10-2022).,40:03,public,11/7/2022,39.525245024485,9249,219,8,0,0,0,
G2IuT96qjbo,Other,11.78,ನಾವೆಲ್ಲರೂ ಮಾಡುವ ಭಕ್ತಿ ಹೇಗಾಗಿದೆ?,19:14,public,5/7/2025,39.3582825332018,8899,219,23,4,9,0,#siddheshwarswamiji   #jnanayogi  #kannadapravachan #motivationalvideo #SiritualTalks #https://amzn.eu/d/j5QXHyw #https://www.jnanayogashrama.org/mdsmall/mdsm_index.php #https://instagram.com/jnanayogashrama?igshid=ZDdkNTZiNTM= #https://www.facebook.com/jnanayogashrama?mibextid=ZbWKwL
VLjkFnHthVs,Other,11.71,"ಶ್ರಾವಣ ಮಾಸದ ವಿಶೇಷ ಪ್ರವಚನ ದಿನ-24 ಪೂಜ್ಯ ಶ್ರೀ ಡಾ. ಅಭಿನವ ಬ್ರಹ್ಮಾನಂದ ಮಹಾಸ್ವಾಮಿಗಳು, ಪರಮಾನಂದವಾಡಿ.",01:16:13,public,9/1/2024,39.2723221639223,8724,112,13,0,0,0,
M1fFaxS5PvE,Other,11.69,Live-Sri Siddheshwar Swamiji's English Pravachan (23-10-2022).,58:49,public,10/23/2022,39.2239297219192,8627,167,7,0,4,0,PLACE: Gurudev Ashram Kakhandaki.
57_NKSDjgFI,Other,11.69,Live- ದೀಪಾವಳಿ ಪಾಡ್ಯಾ ನಿಮಿತ್ಯವಾಗಿ ವೀಶೆಷ ಕಾಯ೯ಕ್ರಮ (26-10-2022),37:55,public,10/26/2022,39.2189099056262,8617,166,8,0,11,0,"ಸ್ಥಳ :- ಶ್ರೀ ಗುರುದೇವಾಶ್ರಮ, ಕಾಖಂಡಕಿ.  # jnanayogashram vijayapura  # Siddheshwara Swamiji"
NFEaF5gCJ1M,Other,11.67,Live-ಪೂಜ್ಯ ಶ್ರೀ ಸಿದ್ಧೇಶ್ವರ ಮಹಾಸ್ವಾಮಿಗಳವರ ವಿಡಿಯೋ ಆಧಾರಿತ ಆಧ್ಯಾತ್ಮಿಕ ಪ್ರವಚನ (14-08-2024),43:20,public,8/14/2024,39.0899320397687,8364,247,9,0,4,0,"ಸ್ಥಳ : ಜ್ಞಾನಯೋಗಾಶ್ರಮ, ವಿಜಯಪುರ"
1UTOmLOZXos,Other,11.61,ಶ್ರಾವಣ ಮಾಸದ ಪ್ರವಚನದ ಮುಕ್ತಾಯ ಕಾರ್ಯಕ್ರಮ,01:10:50,public,9/3/2024,38.9665865183503,8129,120,9,0,0,0,
QAwIvQayF1A,Other,11.6,LIVE - ವೇದಾಂತ ಕೇಸರಿ ಪೂಜ್ಯ ಶ್ರೀ ಮಲ್ಲಿಕಾರ್ಜುನ ಶಿವಯೋಗಿಗಳ 120ನೇ ಜಯಂತ್ಯೋತ್ಸವದ ಅಂಗವಾಗಿ  ಪ್ರವಚನ (14-10-2…,01:34:00,public,10/14/2022,38.9070801064523,8018,159,11,0,11,0,"#ಪೂಜ್ಯ ಶ್ರೀ ಮಹೇಶಾನಂದ ಸ್ವಾಮೀಜಿಗಳು         (ಭಕ್ತಿ ಯೋಗಾಶ್ರಮ, ಇಚಲಕರಂಜಿ)  ಸ್ಥಳ :-  ಜ್ಞಾನಯೋಗಾಶ್ರಮ ವಿಜಯಪುರ."
lXKyX7_Jq0k,Other,11.56,Live - 21-07-2024  ಗುರುಪೂರ್ಣಿಮಾ ಮಹೋತ್ಸವ ಪ್ರಣವ ಮಂಟಪದ ಗದ್ದುಗೆಯ ಮಹಾಪೂಜೆ,21:32,public,7/21/2024,38.7766633196207,7780,152,10,0,4,0,"ಸ್ಥಳ : ಜ್ಞಾನಯೋಗಾಶ್ರಮ, ವಿಜಯಪುರ"
ZbeApVyBbVA,Other,11.48,"ಶ್ರಾವಣ ಮಾಸದ ವಿಶೇಷ ಪ್ರವಚನ ದಿನ-18 ಪೂಜ್ಯ ಶ್ರೀ ಶರಣಾನಂದ ಮಹಾಸ್ವಾಮಿಗಳು, ಕಾಡಸಿದ್ಧೇಶ್ವರ ಮಠ, ಚಿಕ್ಕಾಲಗುಂದಿ",41:19,public,8/25/2024,38.4980767884158,7295,136,13,0,0,0,
fFYgghb-UGA,Other,11.48,"ಶ್ರಾವಣ ಮಾಸದ ವಿಶೇಷ ಪ್ರವಚನ ದಿನ-5 ಪೂಜ್ಯ ಶ್ರೀ ಶ್ರೀಕೃಷ್ಣ ಮಹಾರಾಜರು, ಶಾಂತಿ ಕುಟೀರ ಕನ್ನೂರ",01:09:24,public,8/11/2024,38.4998563067534,7298,158,14,0,0,0,
yt5aTO7KXKA,Other,11.47,Live-ಪೂಜ್ಯ ಶ್ರೀ ಸಿದ್ಧೇಶ್ವರ ಮಹಾಸ್ವಾಮಿಗಳವರ ವಿಡಿಯೋ ಆಧಾರಿತ ಆಧ್ಯಾತ್ಮಿಕ ಪ್ರವಚನ (13-08-2024),46:59,public,8/13/2024,38.4515506182771,7217,250,9,0,4,0,"ಸ್ಥಳ : ಜ್ಞಾನಯೋಗಾಶ್ರಮ, ವಿಜಯಪುರ"
WaEI21AhTqs,Other,11.45,ಪೂಜ್ಯ ಶ್ರೀ ಸಿದ್ದೇಶ್ವರ ಮಹಾಸ್ವಾಮಿಗಳವರ ಗುರು ನಮನ ಮಹೋತ್ಸವ 2025  ಹಳ್ಳಿಗಳಲ್ಲಿ ಜ್ಞಾನದಾಸೋಹ-ಬೊಮ್ಮನಳ್ಳಿ,14:19,public,11/27/2024,38.3329988426423,7022,177,20,0,0,0,
5eWYvo1scrM,Other,11.41,LIVE - ಪೂಜ್ಯ ಶ್ರೀ ಸಿದ್ಧೇಶ್ವರ ಸ್ವಾಮೀಜಿಯವರ ಆಧ್ಯಾತ್ಮಿಕ  ಪ್ರವಚನ ಕಾಖಂಡಕಿ (02-11-2022),08:14,public,11/2/2022,38.3323824380094,7021,139,5,0,11,0,"ಸ್ಥಳ :- ಶ್ರೀ ಗುರುದೇವಾಶ್ರಮ, ಕಾಖಂಡಕಿ.  # jnanayogashram vijayapura  # Siddheshwara Swamiji"
2sBSiqIKmPo,Other,11.35,Live - 21-07-2024  ಗುರುಪೂರ್ಣಿಮಾ ಮಹೋತ್ಸವದ ನಿಮಿತ್ಯ ಸಾಂಸ್ಕೃತಿಕ ಕಾರ್ಯಕ್ರಮಗಳು,05:26:18,public,7/21/2024,38.1207829188522,6686,154,5,0,4,0,"ಸ್ಥಳ : ಜ್ಞಾನಯೋಗಾಶ್ರಮ, ವಿಜಯಪುರ"
_iMYNwr6P0Y,Other,11.35,Live- ದೀಪಾವಳಿ ಪಾಡ್ಯಾ ನಿಮಿತ್ಯವಾಗಿ ವೀಶೆಷ ಕಾಯ೯ಕ್ರಮ (26-10-2022),08:48,public,10/26/2022,38.172262385382,6766,67,4,0,11,0,"ಸ್ಥಳ :- ಶ್ರೀ ಗುರುದೇವಾಶ್ರಮ, ಕಾಖಂಡಕಿ.  # jnanayogashram vijayapura  # Siddheshwara Swamiji"
latfIOMzKQ4,Other,11.33,"ಶ್ರಾವಣ ಮಾಸದ ವಿಶೇಷ ಪ್ರವಚನ ದಿನ-17 ಪೂಜ್ಯ ಶ್ರೀ ವಿರತೀಶಾನಂದ ಮಹಾಸ್ವಾಮಿಗಳು, ಮನಗೂಳಿ.",01:08:34,public,8/24/2024,38.0086483903665,6515,112,14,0,0,0,
CbeExTx9yLg,Other,11.3,LIVE - ವೇದಾಂತ ಕೇಸರಿ ಪೂಜ್ಯ ಶ್ರೀ ಮಲ್ಲಿಕಾರ್ಜುನ ಶಿವಯೋಗಿಗಳ 120ನೇ ಜಯಂತ್ಯೋತ್ಸವದ ಅಂಗವಾಗಿ  ಆಧ್ಯಾತ್ಮಿಕ  ಪ್ರ…,29:22,public,10/13/2022,37.9166651467568,6378,158,12,0,4,0,ಸ್ಥಳ :-  ಜ್ಞಾನಯೋಗಾಶ್ರಮ ವಿಜಯಪುರ.
NuEH3CHneNk,Other,11.28,"LIVE : 30-12-2025 ""ಆಧ್ಯಾತ್ಮ  ಮತ್ತು ಮಹಿಳೆ "" ಗೋಷ್ಠಿ",02:23:24,public,12/31/2025,37.8468889109043,6276,174,12,0,12,0,"LIVE - ಪೂಜ್ಯ ಶ್ರೀ ಸಿದ್ಧೇಶ್ವರ ಮಹಾಸ್ವಾಮಿಗಳವರ ಗುರುನಮನ ಮಹೋತ್ಸವ ""ಆಧ್ಯಾತ್ಮ  ಮತ್ತು ಮಹಿಳೆ ""ಗೋಷ್ಠಿ"
4oSE-efnl7c,Other,11.28,"ಶ್ರಾವಣ ಮಾಸದ ವಿಶೇಷ ಪ್ರವಚನ ದಿನ-16 ಪೂಜ್ಯ ಶ್ರೀ ಗೀರಿಶಾನಂದ ಮಹಾಸ್ವಾಮಿಗಳು, ಅವಜೀಕರ ಆಶ್ರಮ, ಕನಕನಾಳ",01:01:21,public,8/23/2024,37.9064742187551,6363,106,7,0,0,0,
OiAAyjZtc0U,Other,11.25,Live-ಗುರುಪೂರ್ಣಿಮೆಯ ನಿಮಿತ್ಯವಾಗಿ ಗುರುಸ್ಮರಣೋತ್ಸವ,01:23:37,public,7/10/2022,37.8060085906123,6217,152,4,0,13,0,ಜ್ಞಾನಯೋಗಾಶ್ರಮ ವಿಜಯಪುರದಲ್ಲಿ ದಿನಾಂಕ 12-07-2022 ರಿಂದ ವೇದಾಂತ ಕೇಸರಿ ಶ್ರೀ ಮಲ್ಲಿಕಾರ್ಜುನ ಶಿವಯೋಗಿಗಳವರ ಪ್ರವಚನದ ಧ್ವನಿಸುರುಳಿ ಪ್ರಸಾರ.
7Z1oI47mR8A,Other,11.24,ಗುರುದೇವರ ಬದುಕು ಕುರಿತು ಪೂಜ್ಯ ಶ್ರೀ ನಿರ್ಭಯಾನಂದ ಮಹಾಸ್ವಾಮಿಗಳವರಿಂದ ಸಾನಿಧ್ಯ ನುಡಿಗಳು,18:05,public,1/14/2025,37.7577043490723,6148,96,12,0,22,0,ಪೂಜ್ಯ ಶ್ರೀ ಸಿದ್ಧೇಶ್ವರ ಮಹಾಸ್ವಾಮಿಗಳವರ ಗುರುನಮನ ಮಹೋತ್ಸವ-2025  01-01-2025 ರಂದು ನಡೆದ ಗುರುದೇವರ ಬದುಕು ಕುರಿತು  ಪೂಜ್ಯ ಶ್ರೀ ನಿರ್ಭಯಾನಂದ ಮಹಾಸ್ವಾಮಿಗಳವರಿಂದ ಸಾನಿಧ್ಯ ನುಡಿಗಳು                   ಸ್ಥಳ : ಜ್ಞಾನಯೋಗಾಶ್ರಮ ವಿಜಯಪುರ
x8FsccHp1JQ,Other,11.23,ಪೂಜ್ಯ ಶ್ರೀ  ಸಿದ್ಧೇಶ್ವರ ಮಹಾಸ್ವಾಮಿಗಳವರ ಜನ್ಮ ದಿನದ ನಿಮಿತ್ಯ ವಿಶೇಷ ಕಾರ್ಯಕ್ರಮ,02:08:37,public,11/3/2024,37.6565662786714,6006,188,14,0,2,0,"ಜ್ಞಾನಯೋಗಾಶ್ರಮ, ವಿಜಯಪುರ"
AfxngD092cU,Other,11.22,"LIVE : 31-12-2025 ""ದಯಾ-ಧರ್ಮ"" ಗೋಷ್ಠಿ",02:48:57,public,1/1/2026,37.6745445595801,6031,172,7,0,9,0,"LIVE - ಪೂಜ್ಯ ಶ್ರೀ ಸಿದ್ಧೇಶ್ವರ ಮಹಾಸ್ವಾಮಿಗಳವರ ಗುರುನಮನ ಮಹೋತ್ಸವ ""ದಯಾ-ಧರ್ಮ""ಗೋಷ್ಠಿ"
KGZIoZ4uAuU,Other,11.13,ಪೂಜ್ಯ ಶ್ರೀ ಸಿದ್ದೇಶ್ವರ ಮಹಾಸ್ವಾಮಿಗಳವರ ಗುರು ನಮನ ಮಹೋತ್ಸವ 2025  ಹಳ್ಳಿಗಳಲ್ಲಿ ಜ್ಞಾನದಾಸೋಹ-ಹೊರ್ತಿ,49:54,public,12/8/2024,37.3567237212925,5604,125,13,0,0,0,
OA-63LaA0JU,Other,11.13,ದಿನಾಂಕ (26-09-2022) ಸೋಮವಾರ ನಾಳೆಯಿಂದ ಪರಮ ಪೂಜ್ಯರ ಪ್ರವಚನ ಪ್ರಾರಂಭ .,00:46,public,9/25/2022,37.3077919551108,5541,231,15,0,0,0,
G8wtGLwTDVw,Other,11.12,ಜಾಗತಿಕ ತಾತ್ವಿಕ ಚಿಂತನೆಗಳ ಕುರಿತು ಶ್ರೀ ಕೃಷ್ಣ ದಿಕ್ಷಿತವರಿಂದ ಅನುಭಾವದ ಮಾತುಗಳು,27:53,public,1/12/2025,37.4005236249648,5661,91,7,0,24,0,ಪೂಜ್ಯ ಶ್ರೀ ಸಿದ್ಧೇಶ್ವರ ಮಹಾಸ್ವಾಮಿಗಳವರ ಗುರುನಮನ ಮಹೋತ್ಸವ-2025 30-12-2024 ರಂದು ನಡೆದ ಜಾಗತಿಕ ತಾತ್ವಿಕ ಚಿಂತನೆಗಳ ಕುರಿತು  ಗೌರವಾನ್ವಿತ ನ್ಯಾಯಮೂರ್ತಿಗಳಾದ ಶ್ರೀ ಕೃಷ್ಣ ದಿಕ್ಷಿತವರಿಂದ ಅನುಭಾವದ ಮಾತುಗಳು                             ಸ್ಥಳ : ಜ್ಞಾನಯೋಗಾಶ್ರಮ ವಿಜಯಪುರ
aDHlpQvaufA,Other,11.12,ಪೂಜ್ಯ ಶ್ರೀ ಸಿದ್ದೇಶ್ವರ ಮಹಾಸ್ವಾಮಿಗಳವರ ಗುರು ನಮನ ಮಹೋತ್ಸವ 2025  ಹಳ್ಳಿಗಳಲ್ಲಿ ಜ್ಞಾನದಾಸೋಹ-ಚಿಕ್ಕರೂಗಿ,18:23,public,12/4/2024,37.3038846829102,5536,154,17,0,0,0,
aaqvk4ocpiE,Other,11.07,LIVE -ವೇದಾಂತ ಕೇಸರಿ ಪೂಜ್ಯ ಶ್ರೀ ಮಲ್ಲಿಕಾರ್ಜುನ ಶಿವಯೋಗಿಗಳ 120ನೇ ಜಯಂತ್ಯೋತ್ಸವದ ಅಂಗವಾಗಿ  ಪ್ರವಚನ (16-10-2022),01:37:47,public,10/16/2022,37.2178175800272,5427,123,5,0,11,0,"ಪೂಜ್ಯ ಶ್ರೀ ಮಹೇಶಾನಂದ ಸ್ವಾಮೀಜಿಗಳು         (ಭಕ್ತಿ ಯೋಗಾಶ್ರಮ, ಇಚಲಕರಂಜಿ)  ಸ್ಥಳ :-  ಜ್ಞಾನಯೋಗಾಶ್ರಮ ವಿಜಯಪುರ."
IuRhfzGF7Ss,Other,11.06,LIVE -ವೇದಾಂತ ಕೇಸರಿ ಪೂಜ್ಯ ಶ್ರೀ ಮಲ್ಲಿಕಾರ್ಜುನ ಶಿವಯೋಗಿಗಳ 120ನೇ ಜಯಂತ್ಯೋತ್ಸವದ ಅಂಗವಾಗಿ  ಪ್ರವಚನ (17-10-2022),01:04:29,public,10/17/2022,37.1906169555317,5393,113,5,0,11,0,"ಪೂಜ್ಯ ಶ್ರೀ ಮಹೇಶಾನಂದ ಸ್ವಾಮೀಜಿಗಳು         (ಭಕ್ತಿ ಯೋಗಾಶ್ರಮ, ಇಚಲಕರಂಜಿ)  ಸ್ಥಳ :-  ಜ್ಞಾನಯೋಗಾಶ್ರಮ ವಿಜಯಪುರ."
cdZl89piH54,Other,11.05,"LIVE : 01-01-2026 ""ನೇಗಿಲಯೋಗ "" ಗೋಷ್ಠಿ",58:11,public,1/1/2026,37.1616287421589,5357,144,6,0,9,0,"LIVE - ಪೂಜ್ಯ ಶ್ರೀ ಸಿದ್ಧೇಶ್ವರ ಮಹಾಸ್ವಾಮಿಗಳವರ ಗುರುನಮನ ಮಹೋತ್ಸವ ""ದಯಾ-ಧರ್ಮ""ಗೋಷ್ಠಿ"
AyxsFFqHXJE,Other,11.04,ಪೂಜ್ಯ ಶ್ರೀ ಸಿದ್ದೇಶ್ವರ ಮಹಾಸ್ವಾಮಿಗಳವರ ಗುರು ನಮನ ಮಹೋತ್ಸವ 2025  ಹಳ್ಳಿಗಳಲ್ಲಿ ಜ್ಞಾನದಾಸೋಹ-ಕನ್ನೂರ,53:36,public,12/14/2024,37.0478436864524,5218,138,14,0,0,0,
mNcWD5KjAC0,Other,11.04,"ಶ್ರಾವಣ ಮಾಸದ ವಿಶೇಷ ಪ್ರವಚನ ದಿನ-22 ಪೂಜ್ಯ ಮಾತಾಜಿ ಕೈವಲ್ಯಮಯಿ, ಅಧ್ಯಕ್ಷರು, ಕೃಪಾಮಯಿ ಶಾರದಾ ಆಶ್ರಮ, ವಿಜಯಪುರ",39:47,public,8/30/2024,37.0850090384783,5263,106,13,0,0,0,
r0WhdaKPjNI,Other,11.02,ಮಾತೃಭಕ್ತಿ ಕುರಿತು ಶ್ರೀಮತಿ ಡಾ. ವಿಜಯಲಕ್ಷ್ಮೀ  ಬಾಳೇಕುಂದ್ರಿಯವರಿಂದ  ಅನುಭಾವದ  ಮಾತುಗಳು,40:37,public,1/11/2025,37.0800720587156,5257,86,4,0,21,0,ಪೂಜ್ಯ ಶ್ರೀ ಸಿದ್ಧೇಶ್ವರ ಮಹಾಸ್ವಾಮಿಗಳವರ ಗುರುನಮನ ಮಹೋತ್ಸವ-2025  29-12-2024 ರಂದು ನಡೆದ ಮಾತೃಭಕ್ತಿ ಕುರಿತು  ಶ್ರೀಮತಿ ಡಾ. ವಿಜಯಲಕ್ಷ್ಮೀ  ಬಾಳೇಕುಂದ್ರಿಯವರಿಂದ  ಅನುಭಾವದ  ಮಾತುಗಳು    ಸ್ಥಳ : ಜ್ಞಾನಯೋಗಾಶ್ರಮ ವಿಜಯಪುರ
R-glnTctAck,Other,11,Live-ಗುರುಪೂರ್ಣಿಮೆಯ ನಿಮಿತ್ಯವಾಗಿ ಗುರುಸ್ಮರಣೋತ್ಸವ,01:20:07,public,7/11/2022,37.0569580645405,5229,59,2,0,13,0,ಜ್ಞಾನಯೋಗಾಶ್ರಮ ವಿಜಯಪುರದಲ್ಲಿ ದಿನಾಂಕ 12-07-2022 ರಿಂದ ವೇದಾಂತ ಕೇಸರಿ ಶ್ರೀ ಮಲ್ಲಿಕಾರ್ಜುನ ಶಿವಯೋಗಿಗಳವರ ಪ್ರವಚನದ ಧ್ವನಿಸುರುಳಿ ಪ್ರಸಾರ
QR3ulR3k7M0,Other,10.99,Live-Sri Siddheshwar Swamiji's English Pravachan (30-10-2022).,01:04:13,public,10/30/2022,36.9462979137161,5097,105,9,0,4,0,PLACE: Gurudev Ashram Kakhandaki..
FxzaoYX9_hE,Other,10.98,Spiritual Disclosure by Jnanayogi Shri Siddheshwar Swamiji(27-3-2022),33:13,public,3/27/2022,36.9326902463931,5081,114,7,0,5,0,"Place : Samadhi Math, Nipani"
f0PmbT-fVBs,Other,10.91,Live-ಪೂಜ್ಯ ಶ್ರೀ ಸಿದ್ಧೇಶ್ವರ ಮಹಾಸ್ವಾಮಿಗಳವರ ವಿಡಿಯೋ ಆಧಾರಿತ ಆಧ್ಯಾತ್ಮಿಕ ಪ್ರವಚನದ ಉದ್ಘಾಟನಾ ಸಮಾರಂಭ,01:06:01,public,8/11/2024,36.6701952441349,4782,136,8,0,4,0,"ಸ್ಥಳ : ಜ್ಞಾನಯೋಗಾಶ್ರಮ, ವಿಜಯಪುರ"
rS_TadnG-oE,Other,10.84,"ಶ್ರಾವಣ ಮಾಸದ ವಿಶೇಷ ಪ್ರವಚನ ದಿನ-10 ಪೂಜ್ಯ ಗುರುಪಾದ ಮಹಾಸ್ವಾಮಿಗಳು,ಶ್ರೀ ಗುರುದೇವಾಶ್ರಮ, ಯಕ್ಕಂಚಿ",43:44,public,8/27/2024,36.4824505490206,4579,83,5,0,0,0,
DTHkK2HLaxg,Other,10.83,Live - 21-07-2024  ಗುರುಪೂರ್ಣಿಮಾ ಮಹೋತ್ಸವ ಪ್ರಣವ ಮಂಟಪದ ಗದ್ದುಗೆಯ ಮಹಾಪೂಜೆ,12:48,public,7/21/2024,36.477721951235,4574,58,6,0,4,0,"ಸ್ಥಳ : ಜ್ಞಾನಯೋಗಾಶ್ರಮ, ವಿಜಯಪುರ"
4tD5jP0Nr68,Other,10.77,Live-ಜ್ಞಾನಯೋಗಾಶ್ರಮ ವಿಜಯಪುರದಲ್ಲಿ ನವರಾತ್ರಿಯ ನಿಮಿತ್ಯವಾಗಿ ಆಧ್ಯಾತ್ಮಿಕ ಪ್ರವಚನ ಉದ್ಘಾಟನಾ ಸಮಾರಂಭ (26-09-2022),19:36,public,9/26/2022,36.2574131408343,4347,70,6,0,4,0,ಸ್ಥಳ :-  ಜ್ಞಾನಯೋಗಾಶ್ರಮ ವಿಜಯಪುರ
9UconbuvTEQ,Other,10.77,Live-ಗುರುಪೂರ್ಣಿಮೆಯ ನಿಮಿತ್ಯವಾಗಿ ಗುರುಸ್ಮರಣೋತ್ಸವ,01:17:24,public,7/12/2022,36.2224243882575,4312,112,9,0,13,0,ಜ್ಞಾನಯೋಗಾಶ್ರಮ ವಿಜಯಪುರದಲ್ಲಿ ದಿನಾಂಕ 12-07-2022 ರಿಂದ ವೇದಾಂತ ಕೇಸರಿ ಶ್ರೀ ಮಲ್ಲಿಕಾರ್ಜುನ ಶಿವಯೋಗಿಗಳವರ ಪ್ರವಚನದ ಧ್ವನಿಸುರುಳಿ ಪ್ರಸಾರ.
C_xXAF6BgY4,Other,10.77,H K ಪಾಟೀಲರವರು  ವಿಜಯಪುರದ ಜ್ಞಾನಯೋಗಾಶ್ರಮಕ್ಕೆ ಭೇಟಿ ನೀಡಿ ಪೂಜ್ಯ ಅಪ್ಪಗಳವರ ಬಗ್ಗೆ  ಅನಿಸಿಕೆಗಳನ್ನು ಹಂಚಿಕೊಂಡರು.,15:37,public,11/22/2023,36.2970569730577,4387,84,1,0,0,0,
C-rxZkGRfNU,Other,10.75,LIVE -ವೇದಾಂತ ಕೇಸರಿ ಪೂಜ್ಯ ಶ್ರೀ ಮಲ್ಲಿಕಾರ್ಜುನ ಶಿವಯೋಗಿಗಳ 120ನೇ ಜಯಂತ್ಯೋತ್ಸವದ ಅಂಗವಾಗಿ  ಪ್ರವಚನ (18-10-2022),01:33:20,public,10/18/2022,36.2163978125017,4306,78,4,0,11,0,"ಪೂಜ್ಯ ಶ್ರೀ ಮಹೇಶಾನಂದ ಸ್ವಾಮೀಜಿಗಳು         (ಭಕ್ತಿ ಯೋಗಾಶ್ರಮ, ಇಚಲಕರಂಜಿ)  ಸ್ಥಳ :-  ಜ್ಞಾನಯೋಗಾಶ್ರಮ ವಿಜಯಪುರ."
wxLJAAymwqA,Other,10.68,LIVE- ಭಜನೆ ಹಾಗೂ ಭಕ್ತಿ ಗೀತೆಗಳು.,01:19:13,public,10/20/2022,35.9851814010982,4082,78,3,0,4,0,ಸ್ಥಳ :-  ಜ್ಞಾನಯೋಗಾಶ್ರಮ ವಿಜಯಪುರ.
t4pdT06y8a8,Other,10.65,ಗುರುದೇವರ ಬದುಕು  ಕುರಿತು  ಶ್ರೀ ಗೋ. ರು. ಚನ್ನಬಸಪ್ಪರವರಿಂದ ಅನುಭಾವದ ಮಾತುಗಳು,23:14,public,1/14/2025,35.9049203832924,4007,59,3,0,22,0,ಪೂಜ್ಯ ಶ್ರೀ ಸಿದ್ಧೇಶ್ವರ ಮಹಾಸ್ವಾಮಿಗಳವರ ಗುರುನಮನ ಮಹೋತ್ಸವ-2025  01-01-2025 ರಂದು ನಡೆದ ಗುರುದೇವರ ಬದುಕು ಕುರಿತು  ಶ್ರೀ ಗೋ. ರು. ಚನ್ನಬಸಪ್ಪರವರಿಂದ ಅನುಭಾವದ ಮಾತುಗಳು                        ಸ್ಥಳ : ಜ್ಞಾನಯೋಗಾಶ್ರಮ ವಿಜಯಪುರ
r2GQkN8jMtI,Other,10.65,"ಶ್ರಾವಣ ಮಾಸದ ವಿಶೇಷ ಪ್ರವಚನ ದಿನ-23 ಪೂಜ್ಯ ಶ್ರೀ ತೇಜೋಮಯಾನಂದ ಮಹಾಸ್ವಾಮಿಗಳು, ಶ್ರೀ ಗುರುದೇವಾಶ್ರಮ, ನಿಂಬಾಳ.",01:10:43,public,8/30/2024,35.8538541449009,3960,83,8,0,0,0,
w7oh25sVy4w,Other,10.64,"LIVE : 01-01-2026 ""ನೇಗಿಲಯೋಗ "" ಗೋಷ್ಠಿ",01:02:58,public,1/2/2026,35.8242434128287,3933,99,6,0,9,0,"LIVE - ಪೂಜ್ಯ ಶ್ರೀ ಸಿದ್ಧೇಶ್ವರ ಮಹಾಸ್ವಾಮಿಗಳವರ ಗುರುನಮನ ಮಹೋತ್ಸವ ""ದಯಾ-ಧರ್ಮ""ಗೋಷ್ಠಿ"
JrpNNZTvqw4,Other,10.6,(18-12-2024) ಯೋಗಗುರು ವೈದ್ಯ ಚನ್ನಬಸವಣ್ಣನವರಿಂದ ಆರೋಗ್ಯ-ಆಧ್ಯಾತ್ಮ ಕಾರ್ಯಕ್ರಮ,01:14:53,public,12/18/2024,35.629550839695,3760,105,12,0,4,0,"ಸ್ಥಳ : ಜ್ಞಾನಯೋಗಾಶ್ರಮ, ವಿಜಯಪುರ"
3X98NBrI7BE,Other,10.55,"ಸೇವಾಭಾವ ಕುರಿತು  ಶ್ರೀ ಬಸವರಾಜ ಪಾಟೀಲ, ಸೇಡಂರವರಿಂದ ಅನುಭಾವದ ಮಾತುಗಳು",33:43,public,1/13/2025,35.5352938829189,3679,73,6,0,21,0,"ಪೂಜ್ಯ ಶ್ರೀ ಸಿದ್ಧೇಶ್ವರ ಮಹಾಸ್ವಾಮಿಗಳವರ ಗುರುನಮನ ಮಹೋತ್ಸವ-2025  31-12-2024 ರಂದು ನಡೆದ ಸೇವಾಭಾವ ಕುರಿತು  ಶ್ರೀ ಬಸವರಾಜ ಪಾಟೀಲ, ಸೇಡಂರವರಿಂದ ಅನುಭಾವದ ಮಾತುಗಳು                                    ಸ್ಥಳ : ಜ್ಞಾನಯೋಗಾಶ್ರಮ ವಿಜಯಪುರ"
IT9dEe1A8o8,Other,10.54,ಪೂಜ್ಯ ಶ್ರೀ ಸಿದ್ದೇಶ್ವರ ಮಹಾಸ್ವಾಮಿಗಳವರ ಗುರು ನಮನ ಮಹೋತ್ಸವ 2025  ಹಳ್ಳಿಗಳಲ್ಲಿ ಜ್ಞಾನದಾಸೋಹ-ಗುಣಕಿ,12:22,public,11/28/2024,35.4401411607742,3599,123,13,0,0,0,
m4WciN0R_Ow,Other,10.54,"LIVE : 02-01-2026 ""ಜಪಯೋಗ""",01:52:22,public,1/2/2026,35.4915456209305,3642,98,4,0,9,0,"LIVE - ಪೂಜ್ಯ ಶ್ರೀ ಸಿದ್ಧೇಶ್ವರ ಮಹಾಸ್ವಾಮಿಗಳವರ ಗುರುನಮನ ಮಹೋತ್ಸವ ""ಜಪಯೋಗ"""
huRYUPgYZKk,Other,10.54,"LIVE : 29-12-2025 ""ಯುವ ಸಮಾವೇಶ"" ಗೋಷ್ಠಿ",42:07,public,12/30/2025,35.4844094525823,3636,103,7,0,10,0,"LIVE - ಪೂಜ್ಯ ಶ್ರೀ ಸಿದ್ಧೇಶ್ವರ ಮಹಾಸ್ವಾಮಿಗಳವರ ಗುರುನಮನ ಮಹೋತ್ಸವ """"ಯುವ ಸಮಾವೇಶ""ಗೋಷ್ಠಿ"
nfzU7C449-4,Other,10.52,ಸೇವಾಭಾವ ಕುರಿತು  ಪೂಜ್ಯ ಜಗದ್ಗುರು ಶ್ರೀ ಶಿವರಾತ್ರಿ ದೇಶಿಕೇಂದ್ರ ಮಹಾಸ್ವಾಮಿಗಳವರಿಂದ ಸಾನಿಧ್ಯ ನುಡಿಗಳು,21:12,public,1/13/2025,35.487979007525,3639,60,0,0,23,0,ಪೂಜ್ಯ ಶ್ರೀ ಸಿದ್ಧೇಶ್ವರ ಮಹಾಸ್ವಾಮಿಗಳವರ ಗುರುನಮನ ಮಹೋತ್ಸವ-2025  31-12-2024 ರಂದು ನಡೆದ ಸೇವಾಭಾವ ಕುರಿತು  ಪೂಜ್ಯ ಜಗದ್ಗುರು ಶ್ರೀ ಶಿವರಾತ್ರಿ ದೇಶಿಕೇಂದ್ರ ಮಹಾಸ್ವಾಮಿಗಳವರಿಂದ ಸಾನಿಧ್ಯ ನುಡಿಗಳು              ಸ್ಥಳ : ಜ್ಞಾನಯೋಗಾಶ್ರಮ ವಿಜಯಪುರ
KVV_oaejgRE,Other,10.52,ಗುರುದೇವರ ಬದುಕು  ಕುರಿತು  ಮ. ನಿ. ಪ್ರ  ಶ್ರೀ ಗುರುಮಹಾಂತ ಮಹಾಸ್ವಾಮಿಗಳವರಿಂದ ಸಾನಿಧ್ಯ ನುಡಿಗಳು,11:53,public,1/16/2025,35.4557465324426,3612,60,3,0,24,0,ಪೂಜ್ಯ ಶ್ರೀ ಸಿದ್ಧೇಶ್ವರ ಮಹಾಸ್ವಾಮಿಗಳವರ ಗುರುನಮನ ಮಹೋತ್ಸವ-2025  01-01-2025 ರಂದು ನಡೆದ ಗುರುದೇವರ ಬದುಕು  ಕುರಿತು   ಮ. ನಿ. ಪ್ರ  ಶ್ರೀ ಗುರುಮಹಾಂತ ಮಹಾಸ್ವಾಮಿಗಳವರಿಂದ ಸಾನಿಧ್ಯ ನುಡಿಗಳು                   ಸ್ಥಳ : ಜ್ಞಾನಯೋಗಾಶ್ರಮ ವಿಜಯಪುರ
R4oFrShw5Y4,Other,10.47,LIVE -ವೇದಾಂತ ಕೇಸರಿ ಪೂಜ್ಯ ಶ್ರೀ ಮಲ್ಲಿಕಾರ್ಜುನ ಶಿವಯೋಗಿಗಳ 120ನೇ ಜಯಂತ್ಯೋತ್ಸವದ ಅಂಗವಾಗಿ  ಪ್ರವಚನ (15-10-2022),01:28:20,public,10/15/2022,35.2558872403826,3449,91,8,0,11,0,"#ಪೂಜ್ಯ ಶ್ರೀ ಮಹೇಶಾನಂದ ಸ್ವಾಮೀಜಿಗಳು         (ಭಕ್ತಿ ಯೋಗಾಶ್ರಮ, ಇಚಲಕರಂಜಿ)  ಸ್ಥಳ :-  ಜ್ಞಾನಯೋಗಾಶ್ರಮ ವಿಜಯಪುರ."
mGIkC1WBHkQ,Other,10.42,LIVE- ಪೂಜ್ಯ ಶ್ರೀ ಮಲ್ಲಿಕಾರ್ಜುನ ಶಿವಯೋಗಿಗಳ ಭಾವ ಚಿತ್ರ ಪೂಜೆ.,36:51,public,10/20/2022,35.0856848744872,3316,73,6,0,4,0,ಸ್ಥಳ :-  ಜ್ಞಾನಯೋಗಾಶ್ರಮ ವಿಜಯಪುರ.
9OQ3rhkxFQk,Other,10.41,Live-ಗುರುಪೂರ್ಣಿಮೆಯ ನಿಮಿತ್ಯವಾಗಿ ಗುರುಸ್ಮರಣೋತ್ಸವ,01:07:50,public,7/11/2022,35.0581882496862,3295,83,5,0,13,0,ಜ್ಞಾನಯೋಗಾಶ್ರಮ ವಿಜಯಪುರದಲ್ಲಿ ದಿನಾಂಕ 12-07-2022 ರಿಂದ ವೇದಾಂತ ಕೇಸರಿ ಶ್ರೀ ಮಲ್ಲಿಕಾರ್ಜುನ ಶಿವಯೋಗಿಗಳವರ ಪ್ರವಚನದ ಧ್ವನಿಸುರುಳಿ ಪ್ರಸಾರ.
KagwHkb4-qA,Other,10.4,Live-ಜ್ಞಾನಯೋಗಾಶ್ರಮ ವಿಜಯಪುರದಲ್ಲಿ ವಿಶ್ವ ಪುಸ್ತಕ ದಿನದ ಅಂಗವಾಗಿ ವಿಶೇಷ ಕಾರ್ಯಕ್ರಮ,49:48,public,4/23/2022,35.0595015815497,3296,73,3,0,4,0,ಸ್ಥಳ : ಜ್ಞಾನಯೋಗಾಶ್ರಮ ವಿಜಯಪುರ.
ifPyIT2mhEk,Other,10.39,ವಿಶ್ವ ಯೋಗ ದಿನಾಚರಣೆ - 2024,02:00:17,public,6/21/2024,35.005325484159,3255,131,2,0,0,0,
nxvxZyozkEo,Other,10.38,"LIVE : 29-12-2025 ""ಯುವ ಸಮಾವೇಶ"" ಗೋಷ್ಠಿ",48:08,public,12/30/2025,34.9679335874608,3227,79,7,0,10,0,"LIVE - ಪೂಜ್ಯ ಶ್ರೀ ಸಿದ್ಧೇಶ್ವರ ಮಹಾಸ್ವಾಮಿಗಳವರ ಗುರುನಮನ ಮಹೋತ್ಸವ """"ಯುವ ಸಮಾವೇಶ""ಗೋಷ್ಠಿ"
AO1t1K9WWjg,Other,10.33,"ಜ್ಞಾನಯೋಗಿ ಪೂಜ್ಯ ಶ್ರೀ ಸಿದ್ಧೇಶ್ವರ ಮಹಾಸ್ವಾಮಿಗಳವರ ""ಗುರುನಮನ ಮಹೋತ್ಸವ""- 2025 (ಪೂರ್ವಭಾವಿ ಸಭೆ) 04-12-2024",01:23:57,public,12/5/2024,34.7773711118042,3088,83,7,0,0,0,
Hg-idJ3endw,Other,10.32,"ಜಗದ್ಗುರು ಶ್ರೀ ವಚನಾನಂದ ಮಹಾಸ್ವಾಮಿಗಳು, ವೀರಶೈವ ಲಿಂಗಾಯತ ಪಂಚಮಸಾಲಿ ಪೀಠ, ಹರಿಹರ",46:01,public,8/14/2024,34.7095668249928,3040,81,12,0,0,0,
6fZ62MYjeVY,Other,10.26,16-07-2024 ಗುರುಪೂರ್ಣಿಮಾ ಮಹೋತ್ಸವದ ನಿಮಿತ್ಯ ಪೂಜ್ಯ ಶ್ರೀ ಮಲ್ಲಿಕಾರ್ಜುನ ಶಿವಯೋಗಿಗಳವರ ಧ್ವನಿ ಸುರುಳಿ ಪ್ರವಚನ,01:25:44,public,7/16/2024,34.5648013191712,2940,88,6,0,4,0,"ಸ್ಥಳ : ಜ್ಞಾನಯೋಗಾಶ್ರಮ, ವಿಜಯಪುರ"
6aFs8pawOVA,Other,10.23,20-07-2024 ಗುರುಪೂರ್ಣಿಮಾ ಮಹೋತ್ಸವದ ನಿಮಿತ್ಯ ಪೂಜ್ಯ ಶ್ರೀ ಮಲ್ಲಿಕಾರ್ಜುನ ಶಿವಯೋಗಿಗಳವರ ಧ್ವನಿ ಸುರುಳಿ ಪ್ರವಚನ,01:25:12,public,7/20/2024,34.4544686827864,2866,104,4,0,4,0,"ಸ್ಥಳ : ಜ್ಞಾನಯೋಗಾಶ್ರಮ, ವಿಜಯಪುರ"
3foXtoLBAJs,Other,10.22,15-07-2024 ಗುರುಪೂರ್ಣಿಮಾ ಮಹೋತ್ಸವದ ನಿಮಿತ್ಯ ಪೂಜ್ಯ ಶ್ರೀ ಮಲ್ಲಿಕಾರ್ಜುನ ಶಿವಯೋಗಿಗಳವರ ಧ್ವನಿ ಸುರುಳಿ ಪ್ರವಚನ,01:12:48,public,7/15/2024,34.4119766221817,2838,90,7,0,4,0,"ಸ್ಥಳ : ಜ್ಞಾನಯೋಗಾಶ್ರಮ, ವಿಜಯಪುರ"
kGYFElejDAM,Other,10.19,20-07-2024 ಗುರುಪೂರ್ಣಿಮಾ ಮಹೋತ್ಸವದ ನಿಮಿತ್ಯ ಪೂಜ್ಯ ಶ್ರೀ ಮಲ್ಲಿಕಾರ್ಜುನ ಶಿವಯೋಗಿಗಳವರ ಧ್ವನಿ ಸುರುಳಿ ಪ್ರವಚನ,01:21:35,public,7/21/2024,34.3644400455376,2807,80,3,0,4,0,"ಸ್ಥಳ : ಜ್ಞಾನಯೋಗಾಶ್ರಮ, ವಿಜಯಪುರ"
6vjNtqKIqY8,Other,10.19,14-07-2024 ಗುರುಪೂರ್ಣಿಮಾ ಮಹೋತ್ಸವದ ನಿಮಿತ್ಯ ಪೂಜ್ಯ ಶ್ರೀ ಮಲ್ಲಿಕಾರ್ಜುನ ಶಿವಯೋಗಿಗಳವರ ಧ್ವನಿ ಸುರುಳಿ ಪ್ರವಚನ,01:19:38,public,7/14/2024,34.3163755577348,2776,87,10,0,4,0,"ಸ್ಥಳ : ಜ್ಞಾನಯೋಗಾಶ್ರಮ, ವಿಜಯಪುರ"
3sDfVxp_r_8,Other,10.17,ಪೂಜ್ಯರ ಅತ್ಯಮೂಲ್ಯವಾದ ಸಮಗ್ರ ಸಾಹಿತ್ಯ ಸಂಪುಟಗಳು.,11:53,public,3/24/2023,34.2456407962959,2731,109,7,0,0,0,
rlCogcQDh18,Other,10.17,ಯೋಗಗುರು ವೈದ್ಯ ಚನ್ನಬಸವಣ್ಣನವರಿಂದ ಆರೋಗ್ಯ-ಆಧ್ಯಾತ್ಮ ಕಾರ್ಯಕ್ರಮ,01:29:50,public,12/20/2024,34.2756477098982,2750,83,4,0,0,0,
sEFtGzwJUwE,Other,10.16,ಯೋಗಗುರು ವೈದ್ಯ ಚನ್ನಬಸವಣ್ಣನವರಿಂದ ಆರೋಗ್ಯ-ಆಧ್ಯಾತ್ಮ ಕಾರ್ಯಕ್ರಮ,01:58:30,public,12/20/2024,34.2551391580949,2737,85,2,0,0,0,
DR1HcxOOXQs,Other,10.13,14-07-2024 ಗುರುಪೂರ್ಣಿಮಾ ಮಹೋತ್ಸವದ ನಿಮಿತ್ಯ ವಿಶೇಷ ಕಾರ್ಯಕ್ರಮ (ಧರ್ಮ ಧ್ವಜಾರೋಹಣ),12:38,public,7/14/2024,34.1202268806861,2653,79,8,0,4,0,"ಸ್ಥಳ : ಜ್ಞಾನಯೋಗಾಶ್ರಮ, ವಿಜಯಪುರ"
1G3jZR4mK6M,Other,10.12,ಯೋಗ ಗುರು ಭವರಲಾಲ್ ಆರ್ಯ ರಾಜ್ಯ ಪ್ರಭಾರಿಯವರಿಂದ ಸುದ್ಧಿಗೋಷ್ಠಿ.,06:22,public,12/16/2023,34.0759536026787,2626,96,7,0,0,0,
XOH-uok6emI,Other,10.12,"LIVE : 01-01-2026 ""ನೇಗಿಲಯೋಗಿ"" ಗೋಷ್ಠಿ",29:22,public,1/2/2026,34.1283761678285,2658,78,3,0,9,0,"LIVE - ಪೂಜ್ಯ ಶ್ರೀ ಸಿದ್ಧೇಶ್ವರ ಮಹಾಸ್ವಾಮಿಗಳವರ ಗುರುನಮನ ಮಹೋತ್ಸವ ನೇಗಿಲಯೋಗಿ""ಗೋಷ್ಠಿ"
6aq_6Ue_8Bs,Other,10.07,"LIVE : 02-01-2026 ""ಪ್ರಣವ ಮಂಟಪದ ಗದ್ದುಗೆಯ ಮಹಾಪೂಜೆ""",38:08,public,1/2/2026,33.9556284291082,2554,41,6,0,9,0,"LIVE - ಪೂಜ್ಯ ಶ್ರೀ ಸಿದ್ಧೇಶ್ವರ ಮಹಾಸ್ವಾಮಿಗಳವರ ಗುರುನಮನ ಮಹೋತ್ಸವ ""ಜಪಯೋಗ"""
3xyytckqq98,Other,10.07,ಗ್ರಾಮ ಸಂಸ್ಕೃತಿ ಗೋಷ್ಠಿಯ ಕುರಿತು ಜಗದ್ಗುರು ಶ್ರೀ ಇಮ್ಮಡಿ ಸಿದ್ಧರಾಮೇಶ್ವರ ಮಹಾಸ್ವಾಮಿಗಳವರಿಂದ ಸಾನಿಧ್ಯ ನುಡಿಗಳು,13:21,public,1/8/2025,33.9556284291082,2554,38,6,0,25,0,ಪೂಜ್ಯ ಶ್ರೀ ಸಿದ್ಧೇಶ್ವರ ಮಹಾಸ್ವಾಮಿಗಳವರ ಗುರುನಮನ ಮಹೋತ್ಸವ-2025  27-12-2024 ರಂದು ನಡೆದ ಗ್ರಾಮ ಸಂಸ್ಕೃತಿ ಗೋಷ್ಠಿಯ ಕುರಿತು ಜಗದ್ಗುರು ಪೂಜ್ಯ ಶ್ರೀ ಇಮ್ಮಡಿ ಸಿದ್ಧರಾಮೇಶ್ವರ ಮಹಾಸ್ವಾಮಿಗಳವರಿಂದ ಸಾನಿಧ್ಯ ನುಡಿಗಳು  ಸ್ಥಳ : ಜ್ಞಾನಯೋಗಾಶ್ರಮ ವಿಜಯಪುರ
JmjBSnnYYvc,Other,10.03,19-07-2024 ಗುರುಪೂರ್ಣಿಮಾ ಮಹೋತ್ಸವದ ನಿಮಿತ್ಯ ಪೂಜ್ಯ ಶ್ರೀ ಮಲ್ಲಿಕಾರ್ಜುನ ಶಿವಯೋಗಿಗಳವರ ಧ್ವನಿ ಸುರುಳಿ ಪ್ರವಚನ,01:25:04,public,7/19/2024,33.8056260009004,2467,60,5,0,4,0,"ಸ್ಥಳ : ಜ್ಞಾನಯೋಗಾಶ್ರಮ, ವಿಜಯಪುರ"
J8tFoJnvl9s,Other,10.01,"LIVE : 29-12-2025 ""ಯುವ ಸಮಾವೇಶ"" ಗೋಷ್ಠಿ",22:03,public,12/30/2025,33.7152142179752,2416,76,7,0,10,0,"LIVE - ಪೂಜ್ಯ ಶ್ರೀ ಸಿದ್ಧೇಶ್ವರ ಮಹಾಸ್ವಾಮಿಗಳವರ ಗುರುನಮನ ಮಹೋತ್ಸವ """"ಯುವ ಸಮಾವೇಶ""ಗೋಷ್ಠಿ"
s-50DqbvOLM,Other,9.94,17-07-2024 ಗುರುಪೂರ್ಣಿಮಾ ಮಹೋತ್ಸವದ ನಿಮಿತ್ಯ ಪೂಜ್ಯ ಶ್ರೀ ಮಲ್ಲಿಕಾರ್ಜುನ ಶಿವಯೋಗಿಗಳವರ ಧ್ವನಿ ಸುರುಳಿ ಪ್ರವಚನ,01:21:00,public,7/17/2024,33.5022544374952,2300,76,4,0,4,0,"ಸ್ಥಳ : ಜ್ಞಾನಯೋಗಾಶ್ರಮ, ವಿಜಯಪುರ"
GQg_KeMzpTc,Other,9.94,17-07-2024 ಗುರುಪೂರ್ಣಿಮಾ ಮಹೋತ್ಸವದ ನಿಮಿತ್ಯ ಪೂಜ್ಯ ಶ್ರೀ ಮಲ್ಲಿಕಾರ್ಜುನ ಶಿವಯೋಗಿಗಳವರ ಧ್ವನಿ ಸುರುಳಿ ಪ್ರವಚನ,01:28:49,public,7/18/2024,33.4947207800271,2296,68,6,0,4,0,"ಸ್ಥಳ : ಜ್ಞಾನಯೋಗಾಶ್ರಮ, ವಿಜಯಪುರ"
sbuyftjmVt0,Other,9.91,ಪೂಜ್ಯ ಶ್ರೀ ಸಿದ್ದೇಶ್ವರ ಮಹಾಸ್ವಾಮಿಗಳವರ ಗುರು ನಮನ ಮಹೋತ್ಸವ 2025  ಹಳ್ಳಿಗಳಲ್ಲಿ ಜ್ಞಾನದಾಸೋಹ-ಗಂಗನಳ್ಳಿ,04:58,public,11/30/2024,33.4148154005167,2254,75,6,0,0,0,
qRVX-QnbHyk,Other,9.87,18-07-2024 ಗುರುಪೂರ್ಣಿಮಾ ಮಹೋತ್ಸವದ ನಿಮಿತ್ಯ ಪೂಜ್ಯ ಶ್ರೀ ಮಲ್ಲಿಕಾರ್ಜುನ ಶಿವಯೋಗಿಗಳವರ ಧ್ವನಿ ಸುರುಳಿ ಪ್ರವಚನ,01:09:04,public,7/18/2024,33.2861910683777,2188,64,4,0,4,0,"ಸ್ಥಳ : ಜ್ಞಾನಯೋಗಾಶ್ರಮ, ವಿಜಯಪುರ"
WLZJBpbQ3FU,Other,9.83,ಸುಧಾರಿತ ಕೃಷಿ ಗೋಷ್ಠಿಯ ಕುರಿತು ಶ್ರೀ ಎ. ಎಸ್. ಆನಂದರವರಿಂದ ಅನುಭಾವದ ಮಾತುಗಳು,32:07,public,1/6/2025,33.1495456483517,2120,57,7,0,23,0,ಪೂಜ್ಯ ಶ್ರೀ ಸಿದ್ಧೇಶ್ವರ ಮಹಾಸ್ವಾಮಿಗಳವರ ಗುರುನಮನ ಮಹೋತ್ಸವ-2025  25-12-2024 ರಂದು ನಡೆದ ಸುಧಾರಿತ ಕೃಷಿ ಗೋಷ್ಠಿಯ ಕುರಿತು ಶ್ರೀ ಎ. ಎಸ್. ಆನಂದರವರಿಂದ        ಅನುಭಾವದ ಮಾತುಗಳು  ಸ್ಥಳ : ಜ್ಞಾನಯೋಗಾಶ್ರಮ ವಿಜಯಪುರ
k3Y7DILRWK4,Other,9.77,ಸೇವಾಭಾವ ಕುರಿತು ಜಗದ್ಗುರು ಶ್ರೀ ಜಯೇಂದ್ರಪುರಿ ಮಹಾಸ್ವಾಮಿಗಳವರಿಂದ ಸಾನಿಧ್ಯ ನುಡಿಗಳು,29:56,public,1/13/2025,32.9788150084974,2038,31,2,0,23,0,ಪೂಜ್ಯ ಶ್ರೀ ಸಿದ್ಧೇಶ್ವರ ಮಹಾಸ್ವಾಮಿಗಳವರ ಗುರುನಮನ ಮಹೋತ್ಸವ-2025  31-12-2024 ರಂದು ನಡೆದ ಸೇವಾಭಾವ ಕುರಿತು  ಸೇವಾಭಾವ ಕುರಿತು ಜಗದ್ಗುರು ಶ್ರೀ ಜಯೇಂದ್ರಪುರಿ ಮಹಾಸ್ವಾಮಿಗಳವರಿಂದ ಸಾನಿಧ್ಯ ನುಡಿಗಳು              ಸ್ಥಳ : ಜ್ಞಾನಯೋಗಾಶ್ರಮ ವಿಜಯಪುರ
YtZvi7xovR0,Other,9.75,20-07-2024 ಗುರುಪೂರ್ಣಿಮಾ ಮಹೋತ್ಸವದ ನಿಮಿತ್ಯ ಪೂಜ್ಯ ಶ್ರೀ ಮಲ್ಲಿಕಾರ್ಜುನ ಶಿವಯೋಗಿಗಳವರ ಧ್ವನಿ ಸುರುಳಿ ಪ್ರವಚನ,25:32,public,7/21/2024,32.8821779845172,1993,62,6,0,4,0,"ಸ್ಥಳ : ಜ್ಞಾನಯೋಗಾಶ್ರಮ, ವಿಜಯಪುರ"
n8uUiKiIE6A,Other,9.72,ಮಾತೃಭಕ್ತಿ ಕುರಿತು ಪೂಜ್ಯ ಮಾತೋಶ್ರೀ ಗಂಗಾಂಬಿಕಾ ಮಾತಾಜಿಯವರಿಂದ ಸಾನಿಧ್ಯ ನುಡಿಗಳು,13:56,public,1/11/2025,32.7944287016604,1953,35,6,0,21,0,ಪೂಜ್ಯ ಶ್ರೀ ಸಿದ್ಧೇಶ್ವರ ಮಹಾಸ್ವಾಮಿಗಳವರ ಗುರುನಮನ ಮಹೋತ್ಸವ-2025  29-12-2024 ರಂದು ನಡೆದ ಮಾತೃಭಕ್ತಿ ಕುರಿತು ಪೂಜ್ಯ ಮಾತೋಶ್ರೀ ಗಂಗಾಂಬಿಕಾ ಮಾತಾಜಿಯವರಿಂದ ಸಾನಿಧ್ಯ ನುಡಿಗಳು    ಸ್ಥಳ : ಜ್ಞಾನಯೋಗಾಶ್ರಮ ವಿಜಯಪುರ
wrJiNaGpRqY,Other,9.72,19-07-2024 ಗುರುಪೂರ್ಣಿಮಾ ಮಹೋತ್ಸವದ ನಿಮಿತ್ಯ ಪೂಜ್ಯ ಶ್ರೀ ಮಲ್ಲಿಕಾರ್ಜುನ ಶಿವಯೋಗಿಗಳವರ ಧ್ವನಿ ಸುರುಳಿ ಪ್ರವಚನ,01:53:07,public,7/20/2024,32.8209407914379,1965,72,0,0,4,0,"ಸ್ಥಳ : ಜ್ಞಾನಯೋಗಾಶ್ರಮ, ವಿಜಯಪುರ"
GTgWGw7qz08,Other,9.7,"ಪೂಜ್ಯ ಶ್ರೀ ಸ್ವರೂಪಾನಂದ ಮಹಾಸ್ವಾಮಿಗಳು, ಸಿದ್ಧಾರೂಢ ಮಠ, ಇಂಡಿ-ಕವಲಗಿ",52:16,public,8/13/2024,32.7161610150544,1918,39,5,0,0,0,
EaASieAlIW8,Other,9.7,Live- ದೀಪಾವಳಿ ಪಾಡ್ಯಾ ನಿಮಿತ್ಯವಾಗಿ ವೀಶೆಷ ಕಾಯ೯ಕ್ರಮ (26-10-2022),08:57,public,10/26/2022,32.7610585662452,1938,47,1,0,11,0,"ಸ್ಥಳ :- ಶ್ರೀ ಗುರುದೇವಾಶ್ರಮ, ಕಾಖಂಡಕಿ.  # jnanayogashram vijayapura  # Siddheshwara Swamiji"
H1Es1QEShRo,Other,9.68,"ಪೂಜ್ಯ ಶ್ರೀ ಶಂಕರಾನಂದ ಮಹಾಸ್ವಾಮಿಗಳು, ಸಿದ್ಧಾರೂಢ ಮಠ, ಶಿರೋಳ",37:44,public,8/15/2024,32.6685118902344,1897,42,1,0,0,0,
HcuBATpGrwY,Other,9.65,15-07-2024 ಗುರುಪೂರ್ಣಿಮಾ ಮಹೋತ್ಸವದ ನಿಮಿತ್ಯ ಪೂಜ್ಯ ಶ್ರೀ ಮಲ್ಲಿಕಾರ್ಜುನ ಶಿವಯೋಗಿಗಳವರ ಧ್ವನಿ ಸುರುಳಿ ಪ್ರವಚನ,01:29:43,public,7/16/2024,32.5364701528331,1840,62,5,0,4,0,"ಸ್ಥಳ : ಜ್ಞಾನಯೋಗಾಶ್ರಮ, ವಿಜಯಪುರ"
Fbfnu0sW0mM,Other,9.64,Live-Sri Siddheshwar Swamiji's English Pravachan (23-10-2022).,01:08,public,10/23/2022,32.5622675396117,1851,34,0,0,4,0,PLACE: Gurudev Ashram Kakhandaki.
D2z92HfmAzI,Other,9.63,18-07-2024 ಗುರುಪೂರ್ಣಿಮಾ ಮಹೋತ್ಸವದ ನಿಮಿತ್ಯ ಪೂಜ್ಯ ಶ್ರೀ ಮಲ್ಲಿಕಾರ್ಜುನ ಶಿವಯೋಗಿಗಳವರ ಧ್ವನಿ ಸುರುಳಿ ಪ್ರವಚನ,01:42:45,public,7/19/2024,32.4915456209305,1821,75,4,0,4,0,"ಸ್ಥಳ : ಜ್ಞಾನಯೋಗಾಶ್ರಮ, ವಿಜಯಪುರ"
sCVUolBVlt0,Other,9.53,16-07-2024 ಗುರುಪೂರ್ಣಿಮಾ ಮಹೋತ್ಸವದ ನಿಮಿತ್ಯ ಪೂಜ್ಯ ಶ್ರೀ ಮಲ್ಲಿಕಾರ್ಜುನ ಶಿವಯೋಗಿಗಳವರ ಧ್ವನಿ ಸುರುಳಿ ಪ್ರವಚನ,01:30:04,public,7/17/2024,32.1632975661216,1688,61,1,0,4,0,"ಸ್ಥಳ : ಜ್ಞಾನಯೋಗಾಶ್ರಮ, ವಿಜಯಪುರ"
M68NzQDt_KY,Other,9.48,ಯೋಗ ಜೀವನ ಕುರಿತು ಜಗದ್ಗುರು ಶ್ರೀ ಅಭಿನವ ಶಿವಾನಂದ ಮಹಾಸ್ವಾಮಿಗಳವರಿಂದ ಸಾನಿಧ್ಯ ನುಡಿಗಳು,17:42,public,1/9/2025,32.0278710988252,1636,38,0,0,24,0,ಪೂಜ್ಯ ಶ್ರೀ ಸಿದ್ಧೇಶ್ವರ ಮಹಾಸ್ವಾಮಿಗಳವರ ಗುರುನಮನ ಮಹೋತ್ಸವ-2025 28-12-2024 ರಂದು ನಡೆದ ಯೋಗ ಜೀವನ ಗೋಷ್ಠಿಯ ಕುರಿತು  ಜಗದ್ಗುರು ಶ್ರೀ ಅಭಿನವ ಶಿವಾನಂದ ಮಹಾಸ್ವಾಮಿಗಳವರಿಂದ ಸಾನಿಧ್ಯ ನುಡಿಗಳು ಸ್ಥಳ : ಜ್ಞಾನಯೋಗಾಶ್ರಮ ವಿಜಯಪು
zQB4kKxSFBg,Other,9.47,14-07-2024 ಗುರುಪೂರ್ಣಿಮಾ ಮಹೋತ್ಸವದ ನಿಮಿತ್ಯ ಪೂಜ್ಯ ಶ್ರೀ ಮಲ್ಲಿಕಾರ್ಜುನ ಶಿವಯೋಗಿಗಳವರ ಧ್ವನಿ ಸುರುಳಿ ಪ್ರವಚನ,01:22:03,public,7/15/2024,31.977311890421,1617,39,1,0,4,0,"ಸ್ಥಳ : ಜ್ಞಾನಯೋಗಾಶ್ರಮ, ವಿಜಯಪುರ"
yjuLn4gJAX8,Other,9.47,ಪೂಜ್ಯ ಶ್ರೀ ಮಲ್ಲಿಕಾರ್ಜುನ ಮಹಾಶಿವಯೋಗಿಗಳವರ 122ನೇ ಜಯಂತ್ಯೋತ್ಸವ,01:31:55,public,10/28/2024,31.9342727775488,1601,61,4,0,2,0,ಪೂಜ್ಯರಿಂದ ಪ್ರವಚನ
Uf_zn1_Emy8,Other,9.4,ಪೂಜ್ಯ ಶ್ರೀ ಜಯರಾಜೇಂದ್ರ  ಮಹಾಸ್ವಾಮಿಗಳವರಿಂದ ಸಾನಿಧ್ಯ ನುಡಿಗಳು,06:46,public,1/16/2025,31.7152579305106,1522,49,5,0,17,0,ಪೂಜ್ಯ ಶ್ರೀ ಸಿದ್ಧೇಶ್ವರ ಮಹಾಸ್ವಾಮಿಗಳವರ ಗುರುನಮನ ಮಹೋತ್ಸವ-2025  02-01-2025  ಪೂಜ್ಯ ಶ್ರೀ ಜಯರಾಜೇಂದ್ರ ಮಹಾಸ್ವಾಮಿಗಳವರಿಂದ ಸಾನಿಧ್ಯ ನುಡಿಗಳು                   ಸ್ಥಳ : ಜ್ಞಾನಯೋಗಾಶ್ರಮ ವಿಜಯಪುರ
CFedmm39thk,Other,9.39,ಸುಧಾರಿತ ಕೃಷಿ ಗೋಷ್ಠಿಯ ಕುರಿತು ಶ್ರೀ ರಾಜಶೇಖರ ನಿಂಬರಗಿಯವರ ಅನುಭಾವದ ಮಾತುಗಳು,03:09,public,1/6/2025,31.6838638354945,1511,42,4,0,22,0,ಪೂಜ್ಯ ಶ್ರೀ ಸಿದ್ಧೇಶ್ವರ ಮಹಾಸ್ವಾಮಿಗಳವರ ಗುರುನಮನ ಮಹೋತ್ಸವ-2025  25-12-2024 ರಂದು ನಡೆದ ಸುಧಾರಿತ ಕೃಷಿ ಗೋಷ್ಠಿಯ ಕುರಿತು ಶ್ರೀ ರಾಜಶೇಖರ ನಿಂಬರಗಿಯವರ ಅನುಭಾವದ ಮಾತುಗಳು  ಸ್ಥಳ : ಜ್ಞಾನಯೋಗಾಶ್ರಮ ವಿಜಯಪುರ
_1hy-sWOYxI,Other,9.22,ಪೂಜ್ಯ ಶ್ರೀ ಬಸವಲಿಂಗ ಪಟ್ಟದೇವರುಗಳಿಂದ ಸಾನಿಧ್ಯ ನುಡಿಗಳು,10:52,public,1/16/2025,31.1055193845231,1322,34,6,0,17,0,ಪೂಜ್ಯ ಶ್ರೀ ಸಿದ್ಧೇಶ್ವರ ಮಹಾಸ್ವಾಮಿಗಳವರ ಗುರುನಮನ ಮಹೋತ್ಸವ-2025  02-01-2025  ಪೂಜ್ಯ ಶ್ರೀ ಬಸವಲಿಂಗ ಪಟ್ಟದೇವರುಗಳಿಂದ  ಸಾನಿಧ್ಯ ನುಡಿಗಳು                ಸ್ಥಳ : ಜ್ಞಾನಯೋಗಾಶ್ರಮ ವಿಜಯಪುರ
9GvVYLAn1VI,Other,9.17,ಸೇವಾಭಾವ ಕುರಿತು ಶ್ರೀ ಸ್ವಸ್ತಿಶ್ರೀ ಭಟ್ಟಾರಕ ಪಂಡಿತಾಚಾರ್ಯವರ್ಯ ಮಹಾಸ್ವಾಮಿಗಳವರಿಂದ ಸಾನಿಧ್ಯ ನುಡಿಗಳು,12:03,public,1/13/2025,30.9691642810249,1281,29,2,0,22,0,ಪೂಜ್ಯ ಶ್ರೀ ಸಿದ್ಧೇಶ್ವರ ಮಹಾಸ್ವಾಮಿಗಳವರ ಗುರುನಮನ ಮಹೋತ್ಸವ-2025  31-12-2024 ರಂದು ನಡೆದ ಸೇವಾಭಾವ ಕುರಿತು  ಶ್ರೀ ಸ್ವಸ್ತಿಶ್ರೀ ಭಟ್ಟಾರಕ ಪಂಡಿತಾಚಾರ್ಯವರ್ಯ ಮಹಾಸ್ವಾಮಿಗಳವರಿಂದ ಸಾನಿಧ್ಯ ನುಡಿಗಳು                                 ಸ್ಥಳ : ಜ್ಞಾನಯೋಗಾಶ್ರಮ ವಿಜಯಪುರ
OtKz-F0iC5w,Other,9.08,ಜಗದ್ಗುರು ಶ್ರೀ ವಚನಾನಂದ ಮಹಾಸ್ವಾಮಿಗಳವರಿಂದ ಸಾನಿಧ್ಯ ನುಡಿಗಳು,15:07,public,1/9/2025,30.6756223108305,1197,24,0,0,23,0,ಪೂಜ್ಯ ಶ್ರೀ ಸಿದ್ಧೇಶ್ವರ ಮಹಾಸ್ವಾಮಿಗಳವರ ಗುರುನಮನ ಮಹೋತ್ಸವ-2025 28-12-2024 ರಂದು ನಡೆದ ಯೋಗ ಜೀವನ ಗೋಷ್ಠಿಯ ಕುರಿತು  ಜಗದ್ಗುರು ಶ್ರೀ ವಚನಾನಂದ ಮಹಾಸ್ವಾಮಿಗಳವರಿಂದ ಸಾನಿಧ್ಯ ನುಡಿಗಳು   ಸ್ಥಳ : ಜ್ಞಾನಯೋಗಾಶ್ರಮ ವಿಜಯಪುರ
V8Re93vNBFw,Other,9.02,ಪೂಜ್ಯ ಶ್ರೀ ಮಲ್ಲಿಕಾರ್ಜುನ ಮಹಾಶಿವಯೋಗಿಗಳವರ 122ನೇ ಜಯಂತ್ಯೋತ್ಸವ,27:02,public,10/28/2024,30.4720408060885,1142,20,0,0,2,0,ಪಲ್ಲಕ್ಕಿ ಉತ್ಸವ
EmfCPW0MnxA,Other,8.96,ಯೋಗ ಜೀವನ ಕುರಿತು ಶ್ರೀ ಸಂಗಮೇಶ ಬಬಲೇಶ್ವರರವರಿಂದ ಅನುಭಾವದ  ಮಾತುಗಳು,09:00,public,1/9/2025,30.262388523751,1088,35,3,0,21,0,ಪೂಜ್ಯ ಶ್ರೀ ಸಿದ್ಧೇಶ್ವರ ಮಹಾಸ್ವಾಮಿಗಳವರ ಗುರುನಮನ ಮಹೋತ್ಸವ-2025  28-12-2024 ರಂದು ನಡೆದ ಯೋಗ ಜೀವನ  ಕುರಿತು  ಶ್ರೀ ಸಂಗಮೇಶ ಬಬಲೇಶ್ವರರವರಿಂದ ಅನುಭಾವದ ಮಾತುಗಳು    ಸ್ಥಳ : ಜ್ಞಾನಯೋಗಾಶ್ರಮ ವಿಜಯಪುರ
iz2LohvP77g,Other,8.89,ಮಾತೃಭಕ್ತಿ ಕುರಿತು ಶ್ರೀಮತಿ ಶಶಿಕಲಾ ಜೊಲ್ಲೆಯವರಿಂದ  ಅನುಭಾವದ  ಮಾತುಗಳು,10:39,public,1/11/2025,29.995771289236,1023,26,5,0,20,0,ಪೂಜ್ಯ ಶ್ರೀ ಸಿದ್ಧೇಶ್ವರ ಮಹಾಸ್ವಾಮಿಗಳವರ ಗುರುನಮನ ಮಹೋತ್ಸವ-2025  29-12-2024 ರಂದು ನಡೆದ ಮಾತೃಭಕ್ತಿ ಕುರಿತು ಶ್ರೀಮತಿ ಶಶಿಕಲಾ ಜೊಲ್ಲೆಯವರಿಂದ ಅನುಭಾವದ ಮಾತುಗಳು    ಸ್ಥಳ : ಜ್ಞಾನಯೋಗಾಶ್ರಮ ವಿಜಯಪುರ
Fdp7uWgzW9A,Other,8.3,26-12-2024 ರಂದು ನಡೆದ ಜ್ಞಾನರಾಧನೆ ಗೋಷ್ಠಿಯ ಕುರಿತು ಶ್ರೀಮಹೇಶ ಮಾಶಾಳವರಿಂದ  ಅನುಭಾವದ ಮಾತುಗಳು,34:06,public,1/7/2025,28.0594404764942,654,17,1,0,20,0,ಪೂಜ್ಯ ಶ್ರೀ ಸಿದ್ಧೇಶ್ವರ ಮಹಾಸ್ವಾಮಿಗಳವರ ಗುರುನಮನ ಮಹೋತ್ಸವ-2025  26-12-2024 ರಂದು ನಡೆದ ಜ್ಞಾನರಾಧನೆ ಗೋಷ್ಠಿಯ ಕುರಿತು  ಶ್ರೀಮಹೇಶ ಮಾಶಾಳವರಿಂದ ಅನುಭಾವದ ಮಾತುಗಳು  ಸ್ಥಳ : ಜ್ಞಾನಯೋಗಾಶ್ರಮ ವಿಜಯಪುರ
duRIaVyMwA0,Other,8.2,ಪೂಜ್ಯ ಶ್ರೀ ಮಲ್ಲಿಕಾರ್ಜುನ ಮಹಾಶಿವಯೋಗಿಗಳವರ 122ನೇ ಜಯಂತ್ಯೋತ್ಸವ,04:03,public,10/27/2024,27.7295219504189,606,25,0,0,2,0,ಪೂಜ್ಯರಿಂದ ಪ್ರವಚನ
