ID,TITLE,DESCRIPTION,DURATION,STATUS,DATE PUBLISHED,KEYWORDS,VIDIQ SCORE,VIEWS,YT LIKES,YT COMMENTS,DESC LINK COUNT,DESC WORD COUNT,CREATOR SUGGESTED,ENGAGEMENT RATE
N_Be-f_ivqI,LIVE -ಸಾಂಸ್ಕೃತಿಕ ಕಾರ್ಯಕ್ರಮಗಳು (29-07-2026),,01:58:04,public,7/30/2026,,32.43412408052983,1797,30,3,0,0,-,1
5b1yekxgnNM,LIVE -ಪ್ರಣವ ಮಂಟಪ ಗದ್ದುಗೆಯ ಮಹಾಪೂಜೆ  (29-07-2026),,34:53,public,7/29/2026,,35.537646103152184,3681,104,14,0,0,-,2
Bqoa9W8I3xc,LIVE - ಮಹಾ ಜಪಯೋಗ (29-07-2026),,03:32:20,public,7/29/2026,,38.76217505925354,7754,200,18,0,0,-,2
wI_Aljbs4m0,LIVE -ಸಾಂಸ್ಕೃತಿಕ ಕಾರ್ಯಕ್ರಮಗಳು (29-07-2026),,15:58,public,7/29/2026,,28.71525793051064,761,22,2,0,0,-,2
pf0xz6hpk9E,LIVE -ಸಾಂಸ್ಕೃತಿಕ ಕಾರ್ಯಕ್ರಮಗಳು (29-07-2026),,04:39:35,public,7/29/2026,,33.250437981995525,2170,36,1,0,0,-,1
jYeef-hzHAk,28-07-2026 ಗುರುಪೂರ್ಣಿಮಾ ಮಹೋತ್ಸವದ ನಿಮಿತ್ಯ ಪೂಜ್ಯ ಶ್ರೀ ಮಲ್ಲಿಕಾರ್ಜುನ ಶಿವಯೋಗಿಗಳವರ ಧ್ವನಿ ಸುರುಳಿ ಪ್ರವಚನ,,02:07:15,public,7/29/2026,,38.2401727320775,6873,137,13,0,0,-,2
DSrCAXOEJPU,27-07-2026 ಗುರುಪೂರ್ಣಿಮಾ ಮಹೋತ್ಸವದ ನಿಮಿತ್ಯ ಪೂಜ್ಯ ಶ್ರೀ ಮಲ್ಲಿಕಾರ್ಜುನ ಶಿವಯೋಗಿಗಳವರ ಧ್ವನಿ ಸುರುಳಿ ಪ್ರವಚನ,,01:50:04,public,7/28/2026,,33.03996802027634,2067,53,6,0,0,-,2
LjWxgpCs6As,26-07-2026 ಗುರುಪೂರ್ಣಿಮಾ ಮಹೋತ್ಸವದ ನಿಮಿತ್ಯ ಪೂಜ್ಯ ಶ್ರೀ ಮಲ್ಲಿಕಾರ್ಜುನ ಶಿವಯೋಗಿಗಳವರ ಧ್ವನಿ ಸುರುಳಿ ಪ್ರವಚನ,,01:48:59,public,7/27/2026,,33.49848924793834,2298,44,5,0,0,-,2
MIucGIoLlyc,25-07-2026 ಗುರುಪೂರ್ಣಿಮಾ ಮಹೋತ್ಸವದ ನಿಮಿತ್ಯ ಪೂಜ್ಯ ಶ್ರೀ ಮಲ್ಲಿಕಾರ್ಜುನ ಶಿವಯೋಗಿಗಳವರ ಧ್ವನಿ ಸುರುಳಿ ಪ್ರವಚನ,"Jnanayogashram, Vijayapur",01:45:34,public,7/26/2026,,33.0816446554795,2087,55,3,0,2,-,2
3vhOJsx2QBk,ಗುರುಪೂರ್ಣಿಮಾ ಮಹೋತ್ಸವಕ್ಕೆ ಸರ್ವರಿಗೂ ಹಾರ್ದಿಕ ಸ್ವಾಗತ,,00:45,public,7/25/2026,,33.64113539431702,2375,60,5,0,0,-,2
UtZ2QM1oSlk,24-07-2026 ಗುರುಪೂರ್ಣಿಮಾ ಮಹೋತ್ಸವದ ನಿಮಿತ್ಯ ಪೂಜ್ಯ ಶ್ರೀ ಮಲ್ಲಿಕಾರ್ಜುನ ಶಿವಯೋಗಿಗಳವರ ಧ್ವನಿ ಸುರುಳಿ ಪ್ರವಚನ,"Jnanayogashram, Vijayapur",01:36:03,public,7/25/2026,,32.44374739771883,1801,48,1,0,2,-,2
hvfX2Yzt_ts,24-07-2026 ಗುರುಪೂರ್ಣಿಮಾ ಮಹೋತ್ಸವದ ನಿಮಿತ್ಯ ಪೂಜ್ಯ ಶ್ರೀ ಮಲ್ಲಿಕಾರ್ಜುನ ಶಿವಯೋಗಿಗಳವರ ಧ್ವನಿ ಸುರುಳಿ ಪ್ರವಚನ,"Jnanayogashram, Vijayapur",01:19:45,public,7/24/2026,,29.309513530888324,873,19,3,0,2,-,2
NU70YS4UpyI,23-07-2026 ಗುರುಪೂರ್ಣಿಮಾ ಮಹೋತ್ಸವದ ನಿಮಿತ್ಯ ಪೂಜ್ಯ ಶ್ರೀ ಮಲ್ಲಿಕಾರ್ಜುನ ಶಿವಯೋಗಿಗಳವರ ಧ್ವನಿ ಸುರುಳಿ ಪ್ರವಚನ,"Jnanayogashram, Vijayapur",01:35:56,public,7/24/2026,,32.67990459258169,1902,41,1,0,2,-,2
hYYBQGSRwLc,24-07-2026 ಗುರುಪೂರ್ಣಿಮಾ ಮಹೋತ್ಸವದ ನಿಮಿತ್ಯ ಪೂಜ್ಯ ಶ್ರೀ ಮಲ್ಲಿಕಾರ್ಜುನ ಶಿವಯೋಗಿಗಳವರ ಧ್ವನಿ ಸುರುಳಿ ಪ್ರವಚನ,"Jnanayogashram, Vijayapur",10:22,public,7/24/2026,,29.59255843396284,932,49,6,0,2,-,3
4IDsAaGc14Y,ಸಂಸಾರದಲ್ಲಿ ಬರುವ ಸಮಸ್ಯೆಗಳನ್ನು ಹೋಗಲಾಡಿಸುವುದು ಹೇಗೆ?,ಪೂಜ್ಯರ ಪ್ರವಚನದ ಪುಸ್ತಕಗಳು ಈಗ Amazon & Website ನಲ್ಲಿ ಲಭ್ಯವಿರುತ್ತವೆ. ತಾವು ಕೆಳಗಡೆ ಕೊಟ್ಟಿರುವ ಲಿಂಕ್ ಮುಖಾಂತರ ಖರೀದಿಸಬಹದು Amazon : https://amzn.in/d/98q8EXK Website : https://www.jnanayogashrama.org/books_kannada.php,26:44,public,7/23/2026,,43.72058655406221,24382,516,27,2,21,-,2
TOcKC8BLd5g,ಹೇಗೆ ಬದುಕಿದರೆ ಮಾತ್ರ ನಾವು ಸಂತೋಷವಾಗಿರಬಹುದು?,ಪೂಜ್ಯರ ಪ್ರವಚನದ ಪುಸ್ತಕಗಳು ಈಗ Amazon & Website ನಲ್ಲಿ ಲಭ್ಯವಿರುತ್ತವೆ. ತಾವು ಕೆಳಗಡೆ ಕೊಟ್ಟಿರುವ ಲಿಂಕ್ ಮುಖಾಂತರ ಖರೀದಿಸಬಹದು Amazon : https://amzn.in/d/98q8EXK Website : https://www.jnanayogashrama.org/books_kannada.php,24:44,public,7/17/2026,,46.37493144489872,45021,838,38,2,21,-,1
q_xFeTOlUhc,ಮನಸ್ಸನ್ನು ಸ್ವಚ್ಛವಾಗಿ ಇಟ್ಟುಕೊಳ್ಳಬೇಕಾದರೆ ಏನು ಮಾಡಬೇಕು?,ಪೂಜ್ಯರ ಪ್ರವಚನದ ಪುಸ್ತಕಗಳು ಈಗ Amazon & Website ನಲ್ಲಿ ಲಭ್ಯವಿರುತ್ತವೆ. ತಾವು ಕೆಳಗಡೆ ಕೊಟ್ಟಿರುವ ಲಿಂಕ್ ಮುಖಾಂತರ ಖರೀದಿಸಬಹದು Amazon : https://amzn.in/d/98q8EXK Website : https://www.jnanayogashrama.org/books_kannada.php,24:51,public,7/15/2026,,43.80653068616648,24871,545,24,2,21,-,2
Oo3d9BhjEsA,ಇರುವುದನ್ನೇ ಬಳಸಿಕೊಂಡು ಆನಂದವಾಗಿರುವುದು ಹೇಗೆ?,ಪೂಜ್ಯರ ಪ್ರವಚನದ ಪುಸ್ತಕಗಳು ಈಗ Amazon & Website ನಲ್ಲಿ ಲಭ್ಯವಿರುತ್ತವೆ. ತಾವು ಕೆಳಗಡೆ ಕೊಟ್ಟಿರುವ ಲಿಂಕ್ ಮುಖಾಂತರ ಖರೀದಿಸಬಹದು Amazon : https://amzn.in/d/98q8EXK Website : https://www.jnanayogashrama.org/books_kannada.php,26:11,public,7/14/2026,,44.0936719277288,26577,536,33,2,21,-,2
GZDOXgewavU,ಮನುಷ್ಯ ಏಕೆ ಸಮಾಧಾನದಿಂದ ಬದುಕುತ್ತಿಲ್ಲ?,ಪೂಜ್ಯರ ಪ್ರವಚನದ ಪುಸ್ತಕಗಳು ಈಗ Amazon & Website ನಲ್ಲಿ ಲಭ್ಯವಿರುತ್ತವೆ. ತಾವು ಕೆಳಗಡೆ ಕೊಟ್ಟಿರುವ ಲಿಂಕ್ ಮುಖಾಂತರ ಖರೀದಿಸಬಹದು Amazon : https://amzn.in/d/98q8EXK Website : https://www.jnanayogashrama.org/books_kannada.php,30:49,public,7/12/2026,,46.62120154958964,47657,922,38,2,21,-,2
TyeoMCj83qA,ಎಂತಹ ತಪಸ್ಸು ಮಾಡಿದರೆ ಗ್ರಹಸ್ಥನಾದವನು ಖುಷಿಯಾಗಿರಬಲ್ಲ!,ಪೂಜ್ಯರ ಪ್ರವಚನದ ಪುಸ್ತಕಗಳು ಈಗ Amazon & Website ನಲ್ಲಿ ಲಭ್ಯವಿರುತ್ತವೆ. ತಾವು ಕೆಳಗಡೆ ಕೊಟ್ಟಿರುವ ಲಿಂಕ್ ಮುಖಾಂತರ ಖರೀದಿಸಬಹದು Amazon : https://amzn.in/d/98q8EXK Website : https://www.jnanayogashrama.org/books_kannada.php,41:29,public,7/9/2026,,47.87715314360263,63702,1K,62,2,21,-,1
lNtKiJwXzws,ಬರೀ ಇನ್ನೊಬ್ಬರ ತಪ್ಪು ಹುಡುಕಾಡುವವರಿಗೆ ಒಂದು ಕಿವಿ ಮಾತು!,ಪೂಜ್ಯರ ಪ್ರವಚನದ ಪುಸ್ತಕಗಳು ಈಗ Amazon & Website ನಲ್ಲಿ ಲಭ್ಯವಿರುತ್ತವೆ. ತಾವು ಕೆಳಗಡೆ ಕೊಟ್ಟಿರುವ ಲಿಂಕ್ ಮುಖಾಂತರ ಖರೀದಿಸಬಹದು Amazon : https://amzn.in/d/98q8EXK Website : https://www.jnanayogashrama.org/books_kannada.php,31:24,public,7/7/2026,,48.695182336276005,76955,1.1K,63,2,21,-,1
IbIZ-GTLlVc,ಏನು ಮಾಡಿದರೆ ಮನಸ್ಸು ಸಮಾಧಾನವಾಗಿ ಸಮಸ್ಯೆಗಳು ದೂರವಾಗುತ್ತವೆ?,ಪೂಜ್ಯರ ಪ್ರವಚನದ ಪುಸ್ತಕಗಳು ಈಗ Amazon & Website ನಲ್ಲಿ ಲಭ್ಯವಿರುತ್ತವೆ. ತಾವು ಕೆಳಗಡೆ ಕೊಟ್ಟಿರುವ ಲಿಂಕ್ ಮುಖಾಂತರ ಖರೀದಿಸಬಹದು Amazon : https://amzn.in/d/98q8EXK Website : https://www.jnanayogashrama.org/books_kannada.php,18:31,public,7/5/2026,,44.481879235447195,29071,574,22,2,21,-,2
G6yY8fqwRI8,"ವೇದಾಂತಕೇಸರಿ ಪೂಜ್ಯ ಶ್ರೀ ಮಲ್ಲಿಕಾರ್ಜುನ ಮಹಾಶಿವಯೋಗಿಗಳವರ ಪ್ರವಚನ-ಪರಮಾನುಭವ ಬೋಧೆ (ಸಂಧಿ-4, ಸೂತ್ರ-2 ಭಾಗ-2)",,01:16:26,public,7/5/2026,,34.20743751664489,2707,80,8,0,0,-,2
2bihkYgUksA,ಮನಸ್ಸು ಸ್ವಚ್ಛವಾಗಿರಲು ಯಾವ ಗುಣ ಬೇಕು?,ಪೂಜ್ಯರ ಪ್ರವಚನದ ಪುಸ್ತಕಗಳು ಈಗ Amazon & Website ನಲ್ಲಿ ಲಭ್ಯವಿರುತ್ತವೆ. ತಾವು ಕೆಳಗಡೆ ಕೊಟ್ಟಿರುವ ಲಿಂಕ್ ಮುಖಾಂತರ ಖರೀದಿಸಬಹದು Amazon : https://amzn.in/d/98q8EXK Website : https://www.jnanayogashrama.org/books_kannada.php,33:33,public,7/3/2026,,47.27630923304024,55445,855,44,2,21,-,1
px5IxJmDgBc,ಜಗತ್ತನ್ನು ಹೇಗೆ ನೋಡಿದರೆ ನಾನು ಸಂತೋಷವಾಗಿರಬಲ್ಲೆ?,ಪೂಜ್ಯರ ಪ್ರವಚನದ ಪುಸ್ತಕಗಳು ಈಗ Amazon & Website ನಲ್ಲಿ ಲಭ್ಯವಿರುತ್ತವೆ. ತಾವು ಕೆಳಗಡೆ ಕೊಟ್ಟಿರುವ ಲಿಂಕ್ ಮುಖಾಂತರ ಖರೀದಿಸಬಹದು Amazon : https://amzn.in/d/98q8EXK Website : https://www.jnanayogashrama.org/books_kannada.php,24:02,public,6/30/2026,,45.60797859008708,37710,685,42,2,21,-,1
gEqVKz1nRRw,ಜೀವನದಲ್ಲಿ ತೃಪ್ತಿಯಿಂದ ಇರುವುದು ಹೇಗೆ?,ಪೂಜ್ಯರ ಪ್ರವಚನದ ಪುಸ್ತಕಗಳು ಈಗ Amazon & Website ನಲ್ಲಿ ಲಭ್ಯವಿರುತ್ತವೆ. ತಾವು ಕೆಳಗಡೆ ಕೊಟ್ಟಿರುವ ಲಿಂಕ್ ಮುಖಾಂತರ ಖರೀದಿಸಬಹದು Amazon : https://amzn.in/d/98q8EXK Website : https://www.jnanayogashrama.org/books_kannada.php,34:30,public,6/28/2026,,47.53771958943953,58897,990,53,2,21,-,1
w9qow0Q87Gw,ಸಂತೋಷ ಎಂಬುದು ಎಷ್ಟು ಮಹತ್ವದ್ದು?,,00:58,public,6/28/2026,,36.279262171332654,4369,146,5,0,0,-,2
mpyA81oiOKw,"ವೇದಾಂತಕೇಸರಿ ಪೂಜ್ಯ ಶ್ರೀ ಮಲ್ಲಿಕಾರ್ಜುನ ಮಹಾಶಿವಯೋಗಿಗಳವರ ಪ್ರವಚನ-ಪರಮಾನುಭವ ಬೋಧೆ (ಸಂಧಿ-4, ಸೂತ್ರ-2)",,01:15:05,public,6/26/2026,,31.95584583217034,1609,47,8,0,0,-,2
veea6PuGbWk,ನಮ್ಮಲ್ಲಿರುವ ನೈಜ ಸಂಪತ್ತು ತಿಳಿಯಲು ಬುದ್ಧಿ ಹೇಗಿರಬೇಕು?,ಪೂಜ್ಯರ ಪ್ರವಚನದ ಪುಸ್ತಕಗಳು ಈಗ Amazon & Website ನಲ್ಲಿ ಲಭ್ಯವಿರುತ್ತವೆ. ತಾವು ಕೆಳಗಡೆ ಕೊಟ್ಟಿರುವ ಲಿಂಕ್ ಮುಖಾಂತರ ಖರೀದಿಸಬಹದು Amazon : https://amzn.in/d/98q8EXK Website : https://www.jnanayogashrama.org/books_kannada.php,17:18,public,6/25/2026,,40.690661408070184,12107,268,20,2,21,-,2
SHVT0dNOt84,ನಾವು ನಿಶ್ಚಿಂತೆಯಿಂದ ಬದುಕಬೇಕಾದರೆ ಏನು ಮಾಡಬೇಕು?,ಪೂಜ್ಯರ ಪ್ರವಚನದ ಪುಸ್ತಕಗಳು ಈಗ Amazon & Website ನಲ್ಲಿ ಲಭ್ಯವಿರುತ್ತವೆ. ತಾವು ಕೆಳಗಡೆ ಕೊಟ್ಟಿರುವ ಲಿಂಕ್ ಮುಖಾಂತರ ಖರೀದಿಸಬಹದು Amazon : https://amzn.in/d/98q8EXK Website : https://www.jnanayogashrama.org/books_kannada.php,15:42,public,6/23/2026,,39.728629101499195,9694,279,21,2,21,-,2
5X_GZJVxieo,ಇವು ನಾಲ್ಕು ನಮ್ಮ ಹತ್ತಿರವಿದ್ದರೆ ನಾವು ಸಂತೋಷವಾಗಿ ಇರಬಹುದು?,ಪೂಜ್ಯರ ಪ್ರವಚನದ ಪುಸ್ತಕಗಳು ಈಗ Amazon & Website ನಲ್ಲಿ ಲಭ್ಯವಿರುತ್ತವೆ. ತಾವು ಕೆಳಗಡೆ ಕೊಟ್ಟಿರುವ ಲಿಂಕ್ ಮುಖಾಂತರ ಖರೀದಿಸಬಹದು Amazon : https://amzn.in/d/98q8EXK Website : https://www.jnanayogashrama.org/books_kannada.php,16:18,public,6/20/2026,,40.962901124831134,12893,279,14,2,21,-,2
bHKzQ73zXAM,ನಾವು ನಮ್ಮ ಜೀವನವನ್ನು ಹೇಗೆ ಕಟ್ಟಿಕೊಳ್ಳಬೇಕು?,ಪೂಜ್ಯರ ಪ್ರವಚನದ ಪುಸ್ತಕಗಳು ಈಗ Amazon & Website ನಲ್ಲಿ ಲಭ್ಯವಿರುತ್ತವೆ. ತಾವು ಕೆಳಗಡೆ ಕೊಟ್ಟಿರುವ ಲಿಂಕ್ ಮುಖಾಂತರ ಖರೀದಿಸಬಹದು Amazon : https://amzn.in/d/98q8EXK Website : https://www.jnanayogashrama.org/books_kannada.php,21:26,public,6/18/2026,,40.43934079208729,11424,303,19,2,21,-,2
znKKSvVfLYA,"ವೇದಾಂತಕೇಸರಿ ಪೂಜ್ಯ ಶ್ರೀ ಮಲ್ಲಿಕಾರ್ಜುನ ಮಹಾಶಿವಯೋಗಿಗಳವರ ಪ್ರವಚನ-ಪರಮಾನುಭವ ಬೋಧೆ (ಸಂಧಿ-4, ಸೂತ್ರ-1, ಭಾಗ-3)",,01:07:00,public,6/18/2026,,33.352929304167276,2222,61,9,0,0,-,2
taDkPEOJC8U,ನಾವು ಈ ಜಗತ್ತಿಗೆ ಏಕೆ ಬಂದಿದ್ದೇವೆ ಗೊತ್ತಾ?,ಪೂಜ್ಯರ ಪ್ರವಚನದ ಪುಸ್ತಕಗಳು ಈಗ Amazon & Website ನಲ್ಲಿ ಲಭ್ಯವಿರುತ್ತವೆ. ತಾವು ಕೆಳಗಡೆ ಕೊಟ್ಟಿರುವ ಲಿಂಕ್ ಮುಖಾಂತರ ಖರೀದಿಸಬಹದು Amazon : https://amzn.in/d/98q8EXK Website : https://www.jnanayogashrama.org/books_kannada.php,27:20,public,6/16/2026,,43.159810516067154,21419,486,27,2,21,-,2
80YIo1W72aw,ದೇವರು ನಮಗೆ ಪ್ರತ್ಯಕ್ಷವಾಗಿ ಯಾವಾಗ ಕಾಣುತ್ತಾನೆ?,ಪೂಜ್ಯರ ಪ್ರವಚನದ ಪುಸ್ತಕಗಳು ಈಗ Amazon & Website ನಲ್ಲಿ ಲಭ್ಯವಿರುತ್ತವೆ. ತಾವು ಕೆಳಗಡೆ ಕೊಟ್ಟಿರುವ ಲಿಂಕ್ ಮುಖಾಂತರ ಖರೀದಿಸಬಹದು Amazon : https://amzn.in/d/98q8EXK Website : https://www.jnanayogashrama.org/books_kannada.php,16:43,public,6/13/2026,,42.69906127942349,19256,389,23,2,21,-,2
vRMf_qIAua0,ಪ್ರಾಣಿ-ಪಕ್ಷಿಗಳ ಮಾತುಗಳನ್ನು ತಿಳಿದುಕೊಳ್ಳುವುದು ಹೇಗೆ?,ಪೂಜ್ಯರ ಪ್ರವಚನದ ಪುಸ್ತಕಗಳು ಈಗ Amazon & Website ನಲ್ಲಿ ಲಭ್ಯವಿರುತ್ತವೆ. ತಾವು ಕೆಳಗಡೆ ಕೊಟ್ಟಿರುವ ಲಿಂಕ್ ಮುಖಾಂತರ ಖರೀದಿಸಬಹದು Amazon : https://amzn.in/d/98q8EXK Website : https://www.jnanayogashrama.org/books_kannada.php,18:36,public,6/11/2026,,41.08046087249798,13248,297,24,2,21,-,2
WOJl8qEUUSk,ನಮ್ಮ ಮನಸ್ಸಿನಲ್ಲಿ ಆನಂದದ ಬೆಳೆ ಬೆಳೆಯುವುದು ಹೇಗೆ?,ಪೂಜ್ಯರ ಪ್ರವಚನದ ಪುಸ್ತಕಗಳು ಈಗ Amazon & Website ನಲ್ಲಿ ಲಭ್ಯವಿರುತ್ತವೆ. ತಾವು ಕೆಳಗಡೆ ಕೊಟ್ಟಿರುವ ಲಿಂಕ್ ಮುಖಾಂತರ ಖರೀದಿಸಬಹದು Amazon : https://amzn.in/d/98q8EXK Website : https://www.jnanayogashrama.org/books_kannada.php,21:37,public,6/9/2026,,42.7040032985777,19278,409,34,2,21,-,2
um39t4IgNdU,"ವೇದಾಂತಕೇಸರಿ ಪೂಜ್ಯ ಶ್ರೀ ಮಲ್ಲಿಕಾರ್ಜುನ ಮಹಾಶಿವಯೋಗಿಗಳವರ ಪ್ರವಚನ-ಪರಮಾನುಭವ ಬೋಧೆ (ಸಂಧಿ-4, ಸೂತ್ರ-1, ಭಾಗ-2)",,01:20:00,public,6/9/2026,,33.98602478198384,2572,69,11,0,0,-,2
lviL6HbDfVM,ನಮಗೆ ಜೀವನದಲ್ಲಿ ಯಾವುದನ್ನು ತಿಳಿದುಕೊಳ್ಳುವ ಕುತೂಹಲ ಇರಬೇಕು?,ಪೂಜ್ಯರ ಪ್ರವಚನದ ಪುಸ್ತಕಗಳು ಈಗ Amazon & Website ನಲ್ಲಿ ಲಭ್ಯವಿರುತ್ತವೆ. ತಾವು ಕೆಳಗಡೆ ಕೊಟ್ಟಿರುವ ಲಿಂಕ್ ಮುಖಾಂತರ ಖರೀದಿಸಬಹದು Amazon : https://amzn.in/d/98q8EXK Website : https://www.jnanayogashrama.org/books_kannada.php,34:14,public,6/7/2026,,45.40736830080778,36002,608,36,2,21,-,1
RiFdns7jcfU,ಯಾವುದನ್ನು ಪ್ರೀತಿಸಿದರೆ ನಾವು ಜೀವನದಲ್ಲಿ ಜಯಶಾಲಿ ಆಗುತ್ತೇವೆ?,ಪೂಜ್ಯರ ಪ್ರವಚನದ ಪುಸ್ತಕಗಳು ಈಗ Amazon & Website ನಲ್ಲಿ ಲಭ್ಯವಿರುತ್ತವೆ. ತಾವು ಕೆಳಗಡೆ ಕೊಟ್ಟಿರುವ ಲಿಂಕ್ ಮುಖಾಂತರ ಖರೀದಿಸಬಹದು Amazon : https://amzn.in/d/98q8EXK Website : https://www.jnanayogashrama.org/books_kannada.php,19:03,public,6/3/2026,,44.286678896923874,27789,499,31,2,21,-,1
WJLcHfgC00c,ನಮ್ಮ ಜೀವನ ಸುಂದರವಾಗಬೇಕಾದರೆ ನಮ್ಮ ಭಾವನೆಗಳು ಹೇಗಿರಬೇಕು?,ಪೂಜ್ಯರ ಪ್ರವಚನದ ಪುಸ್ತಕಗಳು ಈಗ Amazon & Website ನಲ್ಲಿ ಲಭ್ಯವಿರುತ್ತವೆ. ತಾವು ಕೆಳಗಡೆ ಕೊಟ್ಟಿರುವ ಲಿಂಕ್ ಮುಖಾಂತರ ಖರೀದಿಸಬಹದು Amazon : https://amzn.in/d/98q8EXK Website : https://www.jnanayogashrama.org/books_kannada.php,18:54,public,6/1/2026,,41.828642991477125,15748,327,20,2,21,-,2
9B9QVikLJdQ,"ವೇದಾಂತಕೇಸರಿ ಪೂಜ್ಯ ಶ್ರೀ ಮಲ್ಲಿಕಾರ್ಜುನ ಮಹಾಶಿವಯೋಗಿಗಳವರ ಪ್ರವಚನ-ಪರಮಾನುಭವ ಬೋಧೆ (ಸಂಧಿ-4,ಸೂತ್ರ-1)",,01:14:45,public,6/1/2026,,36.34513095048513,4436,137,15,0,0,-,2
KfR8_Qz9mbk,ಸ್ತುತಿ ಹಾಗೂ ನಿಂದನೆ ಮಾಡುವವರ ಮಧ್ಯೆ ಆರಾಮವಾಗಿರುವುದು ಹೇಗೆ?,ಪೂಜ್ಯರ ಪ್ರವಚನದ ಪುಸ್ತಕಗಳು ಈಗ Amazon & Website ನಲ್ಲಿ ಲಭ್ಯವಿರುತ್ತವೆ. ತಾವು ಕೆಳಗಡೆ ಕೊಟ್ಟಿರುವ ಲಿಂಕ್ ಮುಖಾಂತರ ಖರೀದಿಸಬಹದು Amazon : https://amzn.in/d/98q8EXK Website : https://www.jnanayogashrama.org/books_kannada.php,20:50,public,5/28/2026,,46.85024952666786,50247,858,39,2,21,-,1
Ov3O0q2qUXA,ಈ ಜಗತ್ತಿನಲ್ಲಿ ದೇವರಿಗೆ ಅತ್ಯಂತ ಪ್ರಿಯವಾದ ವಸ್ತು ಎಂದರೆ ಯಾವುದು?,ಪೂಜ್ಯರ ಪ್ರವಚನದ ಪುಸ್ತಕಗಳು ಈಗ Amazon & Website ನಲ್ಲಿ ಲಭ್ಯವಿರುತ್ತವೆ. ತಾವು ಕೆಳಗಡೆ ಕೊಟ್ಟಿರುವ ಲಿಂಕ್ ಮುಖಾಂತರ ಖರೀದಿಸಬಹದು Amazon : https://amzn.in/d/98q8EXK Website : https://www.jnanayogashrama.org/books_kannada.php,10:37,public,5/26/2026,,39.80299361250336,9862,245,17,2,21,-,2
VgDFIZRklMw,ಏಕೆ ನಮ್ಮ ಜೀವನ ಹೀಗಾಗಿದೆ?,ಪೂಜ್ಯರ ಪ್ರವಚನದ ಪುಸ್ತಕಗಳು ಈಗ Amazon & Website ನಲ್ಲಿ ಲಭ್ಯವಿರುತ್ತವೆ. ತಾವು ಕೆಳಗಡೆ ಕೊಟ್ಟಿರುವ ಲಿಂಕ್ ಮುಖಾಂತರ ಖರೀದಿಸಬಹದು Amazon : https://amzn.in/d/98q8EXK Website : https://www.jnanayogashrama.org/books_kannada.php,22:44,public,4/30/2026,,43.93984487659395,25649,469,30,2,21,-,1
f3s3IrxlfNY,ವಸ್ತು ಕಣ್ಣಿಗೆ ಕಾಣಿಸಿದರೂ ನಮ್ಮ ಗಮನ ಅದರ ಮೇಲಿರುವುದಿಲ್ಲ ಏಕೆ?,ಪೂಜ್ಯರ ಪ್ರವಚನದ ಪುಸ್ತಕಗಳು ಈಗ Amazon & Website ನಲ್ಲಿ ಲಭ್ಯವಿರುತ್ತವೆ. ತಾವು ಕೆಳಗಡೆ ಕೊಟ್ಟಿರುವ ಲಿಂಕ್ ಮುಖಾಂತರ ಖರೀದಿಸಬಹದು Amazon : https://amzn.in/d/98q8EXK Website : https://www.jnanayogashrama.org/books_kannada.php,19:45,public,4/27/2026,,41.53735214552497,14723,282,22,2,21,-,2
ju6afbEpELQ,ಯಾವ ಕೆಲಸಗಳನ್ನು ಮಾಡಿದರೆ ನಮ್ಮ ಜೀವನ ಸಮೃದ್ಧವಾಗುತ್ತದೆ?,ಪೂಜ್ಯರ ಪ್ರವಚನದ ಪುಸ್ತಕಗಳು ಈಗ Amazon & Website ನಲ್ಲಿ ಲಭ್ಯವಿರುತ್ತವೆ. ತಾವು ಕೆಳಗಡೆ ಕೊಟ್ಟಿರುವ ಲಿಂಕ್ ಮುಖಾಂತರ ಖರೀದಿಸಬಹದು Amazon : https://amzn.in/d/98q8EXK Website : https://www.jnanayogashrama.org/books_kannada.php,19:31,public,4/25/2026,,40.693520353016126,12115,258,20,2,21,-,2
bZcpxUeGCTY,ಪ್ರಾಪಂಚಿಕ ಜೀವನ ನಡೆಸುವವರು ಈ ಪ್ರಪಂಚದಲ್ಲಿ ಹೇಗೆ ಬದುಕಬೇಕು?,ಪೂಜ್ಯರ ಪ್ರವಚನದ ಪುಸ್ತಕಗಳು ಈಗ Amazon & Website ನಲ್ಲಿ ಲಭ್ಯವಿರುತ್ತವೆ. ತಾವು ಕೆಳಗಡೆ ಕೊಟ್ಟಿರುವ ಲಿಂಕ್ ಮುಖಾಂತರ ಖರೀದಿಸಬಹದು Amazon : https://amzn.in/d/98q8EXK Website : https://www.jnanayogashrama.org/books_kannada.php,20:04,public,4/22/2026,,43.11716693773865,21209,450,30,2,21,-,2
8Higf5CZ_kA,ಮನುಷ್ಯನಿಗೆ ಅಹಂ ಎಂಬುದು ಎಷ್ಟಿರಬೇಕು?,ಪೂಜ್ಯರ ಪ್ರವಚನದ ಪುಸ್ತಕಗಳು ಈಗ Amazon & Website ನಲ್ಲಿ ಲಭ್ಯವಿರುತ್ತವೆ. ತಾವು ಕೆಳಗಡೆ ಕೊಟ್ಟಿರುವ ಲಿಂಕ್ ಮುಖಾಂತರ ಖರೀದಿಸಬಹದು Amazon : https://amzn.in/d/98q8EXK Website : https://www.jnanayogashrama.org/books_kannada.php,22:11,public,4/20/2026,,48.17080203867406,68174,964,36,2,21,-,1
cANzAX37XEA,ನಾವು ಇನ್ನೊಬ್ಬರ ಜೊತೆ ವಾದ ಮಾಡಲಿಕ್ಕೆ ಏಕೆ ಹೋಗಬಾರದು?,ಪೂಜ್ಯರ ಪ್ರವಚನದ ಪುಸ್ತಕಗಳು ಈಗ Amazon & Website ನಲ್ಲಿ ಲಭ್ಯವಿರುತ್ತವೆ. ತಾವು ಕೆಳಗಡೆ ಕೊಟ್ಟಿರುವ ಲಿಂಕ್ ಮುಖಾಂತರ ಖರೀದಿಸಬಹದು Amazon : https://amzn.in/d/98q8EXK Website : https://www.jnanayogashrama.org/books_kannada.php,20:54,public,4/18/2026,,52.45779445021992,183565,2.4K,88,2,21,-,1
DouZSy0MdRI,ಜನಕ್ಕಿಂತ ಹೆಚ್ಚು ನಮ್ಮ ಮನಕ್ಕೆ ಅಂಜಿ ಬದುಕಬೇಕು ಏಕೆ?,ಪೂಜ್ಯರ ಪ್ರವಚನದ ಪುಸ್ತಕಗಳು ಈಗ Amazon & Website ನಲ್ಲಿ ಲಭ್ಯವಿರುತ್ತವೆ. ತಾವು ಕೆಳಗಡೆ ಕೊಟ್ಟಿರುವ ಲಿಂಕ್ ಮುಖಾಂತರ ಖರೀದಿಸಬಹದು Amazon : https://amzn.in/d/98q8EXK Website : https://www.jnanayogashrama.org/books_kannada.php,32:58,public,4/16/2026,,48.92837577015501,81215,979,46,2,21,-,1
sOVLt84Qeoc,ಆಶ್ರಮದಲ್ಲಿ ನಡೆಯುತ್ತಿರುವ ಸಂಸ್ಕಾರ ಶಿಬಿರ - 2026,,03:00,public,4/15/2026,,32.02257680443705,1634,62,0,0,0,-,2
3qUNHGZQjSY,ನಮಗೆ ನಿಜವಾದ ದೇವರ ದರ್ಶನ ಆಗುವುದು ಯಾವಾಗ?,ಪೂಜ್ಯರ ಪ್ರವಚನದ ಪುಸ್ತಕಗಳು ಈಗ Amazon & Website ನಲ್ಲಿ ಲಭ್ಯವಿರುತ್ತವೆ. ತಾವು ಕೆಳಗಡೆ ಕೊಟ್ಟಿರುವ ಲಿಂಕ್ ಮುಖಾಂತರ ಖರೀದಿಸಬಹದು Amazon : https://amzn.in/d/98q8EXK Website : https://www.jnanayogashrama.org/books_kannada.php,16:01,public,4/14/2026,,40.627644787005636,11932,296,38,2,21,-,2
UfSNZdrY9FE,ಆಶ್ರಮದಲ್ಲಿ ನಡೆಯುತ್ತಿರುವ ಬೇಸಿಗೆ ಸಂಸ್ಕಾರ ಶಿಬಿರ,,01:48,public,4/14/2026,,40.27604115429847,11001,318,0,0,0,-,2
J94eoTxUoic,Sri Siddheshwar Swamiji English discourse -  part - 2,ಪೂಜ್ಯರ ಪ್ರವಚನದ ಪುಸ್ತಕಗಳು ಈಗ Amazon & Website ನಲ್ಲಿ ಲಭ್ಯವಿರುತ್ತವೆ. ತಾವು ಕೆಳಗಡೆ ಕೊಟ್ಟಿರುವ ಲಿಂಕ್ ಮುಖಾಂತರ ಖರೀದಿಸಬಹದು Amazon : https://amzn.in/d/98q8EXK Website : https://www.jnanayogashrama.org/books_kannada.php,51:55,public,4/12/2026,,31.67526213980599,1508,63,10,2,21,-,2
1K5tdKHPEAQ,ನಾವು ಆನಂದವಾಗಿರಬೇಕೆಂದರೆ ನಮ್ಮ ಸುತ್ತಲಿರುವ ಪರಿಸರ ಹೇಗಿರಬೇಕು?,ಪೂಜ್ಯರ ಪ್ರವಚನದ ಪುಸ್ತಕಗಳು ಈಗ Amazon & Website ನಲ್ಲಿ ಲಭ್ಯವಿರುತ್ತವೆ. ತಾವು ಕೆಳಗಡೆ ಕೊಟ್ಟಿರುವ ಲಿಂಕ್ ಮುಖಾಂತರ ಖರೀದಿಸಬಹದು Amazon : https://amzn.in/d/98q8EXK Website : https://www.jnanayogashrama.org/books_kannada.php,31:55,public,4/10/2026,,46.51799275229567,46534,682,35,2,21,-,1
7Z2t7z8W4sE,ಜಗತ್ತನ್ನು ಸುಧಾರಿಸುತ್ತೇನೆಂದು ಹೊರಟಾಗ ನೋವು ಏಕೆ ಮಾಡಿಕೊಳ್ಳಬಾರದು?,ಪೂಜ್ಯರ ಪ್ರವಚನದ ಪುಸ್ತಕಗಳು ಈಗ Amazon & Website ನಲ್ಲಿ ಲಭ್ಯವಿರುತ್ತವೆ. ತಾವು ಕೆಳಗಡೆ ಕೊಟ್ಟಿರುವ ಲಿಂಕ್ ಮುಖಾಂತರ ಖರೀದಿಸಬಹದು Amazon : https://amzn.in/d/98q8EXK Website : https://www.jnanayogashrama.org/books_kannada.php,11:36,public,4/8/2026,,38.218709022077974,6839,194,13,2,21,-,2
oUOTIvk8MVo,ನನಗೆ ತಿಳಿದಿರುವುದಷ್ಟೇ ಈ ಜಗತ್ತಿನಲ್ಲಿದೆ ಎಂದು ಏಕೆ ಭಾವಿಸಬಾರದು?,ಪೂಜ್ಯರ ಪ್ರವಚನದ ಪುಸ್ತಕಗಳು ಈಗ Amazon & Website ನಲ್ಲಿ ಲಭ್ಯವಿರುತ್ತವೆ. ತಾವು ಕೆಳಗಡೆ ಕೊಟ್ಟಿರುವ ಲಿಂಕ್ ಮುಖಾಂತರ ಖರೀದಿಸಬಹದು Amazon : https://amzn.in/d/98q8EXK Website : https://www.jnanayogashrama.org/books_kannada.php,22:31,public,4/6/2026,,42.601546532036096,18827,365,29,2,21,-,2
o79dUpr8Ts8,Sri Siddheshwar Swamiji English discourse -  part - 1,,36:23,public,4/5/2026,,34.18660240638691,2694,96,7,0,0,-,2
nWHI2HZTCDs,ನಮ್ಮ ಜೀವನವನ್ನು ನಾವು ಯಾವುದರಿಂದ ಕಟ್ಟಿಕೊಳ್ಳಬೇಕಿದೆ?,ಪೂಜ್ಯರ ಪ್ರವಚನದ ಪುಸ್ತಕಗಳು ಈಗ Amazon & Website ನಲ್ಲಿ ಲಭ್ಯವಿರುತ್ತವೆ. ತಾವು ಕೆಳಗಡೆ ಕೊಟ್ಟಿರುವ ಲಿಂಕ್ ಮುಖಾಂತರ ಖರೀದಿಸಬಹದು Amazon : https://amzn.in/d/98q8EXK Website : https://www.jnanayogashrama.org/books_kannada.php,28:57,public,4/4/2026,,43.294296931933104,22095,373,28,2,21,-,1
1HWF2mR4uP8,ಮನುಷ್ಯನ ಹತ್ತಿರ ಎಲ್ಲ ಇದ್ದರೂ ಏಕೆ ಸಂತೋಷ ಸಿಗುತ್ತಿಲ್ಲ?,ಪೂಜ್ಯರ ಪ್ರವಚನದ ಪುಸ್ತಕಗಳು ಈಗ Amazon & Website ನಲ್ಲಿ ಲಭ್ಯವಿರುತ್ತವೆ. ತಾವು ಕೆಳಗಡೆ ಕೊಟ್ಟಿರುವ ಲಿಂಕ್ ಮುಖಾಂತರ ಖರೀದಿಸಬಹದು Amazon : https://amzn.in/d/98q8EXK Website : https://www.jnanayogashrama.org/books_kannada.php,10:48,public,4/2/2026,,41.514657241506924,14646,272,18,2,21,-,1
QxscXWAz8ps,ವಿದ್ಯಾರ್ಥಿಗಳ ಜೀವನದಲ್ಲಿ ತನ್ಮಯತೆ ಎಂಬುದು ಹೇಗಿರಬೇಕು?,ಪೂಜ್ಯರ ಪ್ರವಚನದ ಪುಸ್ತಕಗಳು ಈಗ Amazon & Website ನಲ್ಲಿ ಲಭ್ಯವಿರುತ್ತವೆ. ತಾವು ಕೆಳಗಡೆ ಕೊಟ್ಟಿರುವ ಲಿಂಕ್ ಮುಖಾಂತರ ಖರೀದಿಸಬಹದು Amazon : https://amzn.in/d/98q8EXK Website : https://www.jnanayogashrama.org/books_kannada.php,22:53,public,4/1/2026,,37.738654958419694,6121,194,14,2,21,-,2
U7HllxLWcmk,ಸೂರ್ಯ ನಮ್ಮ ಕಣ್ಣಿಗೆ ಕಾಣುವ ಪ್ರತ್ಯಕ್ಷ ದೇವರು ಹೇಗೆ?,ಪೂಜ್ಯರ ಪ್ರವಚನದ ಪುಸ್ತಕಗಳು ಈಗ Amazon & Website ನಲ್ಲಿ ಲಭ್ಯವಿರುತ್ತವೆ. ತಾವು ಕೆಳಗಡೆ ಕೊಟ್ಟಿರುವ ಲಿಂಕ್ ಮುಖಾಂತರ ಖರೀದಿಸಬಹದು Amazon : https://amzn.in/d/98q8EXK Website : https://www.jnanayogashrama.org/books_kannada.php,18:26,public,3/30/2026,,40.976977300716314,12935,320,29,2,21,-,2
bplWe1eTisQ,ಯಾವುದರ ಬೆಲೆ ಗೊತ್ತಾದಾಗ ಮಾತ್ರ ನಾವು ಶ್ರೀಮಂತರಾಗುತ್ತೇವೆ?,ಪೂಜ್ಯರ ಪ್ರವಚನದ ಪುಸ್ತಕಗಳು ಈಗ Amazon & Website ನಲ್ಲಿ ಲಭ್ಯವಿರುತ್ತವೆ. ತಾವು ಕೆಳಗಡೆ ಕೊಟ್ಟಿರುವ ಲಿಂಕ್ ಮುಖಾಂತರ ಖರೀದಿಸಬಹದು Amazon : https://amzn.in/d/98q8EXK Website : https://www.jnanayogashrama.org/books_kannada.php,14:26,public,3/25/2026,,39.70355425721996,9638,268,22,2,21,-,2
DI7muUssHKg,ಯಾವ ಯೋಗ ಮಾಡಿದರೆ ನಮಗೆ ಆತ್ಮಜ್ಞಾನ ಆಗುತ್ತದೆ?,ಪೂಜ್ಯರ ಪ್ರವಚನದ ಪುಸ್ತಕಗಳು ಈಗ Amazon & Website ನಲ್ಲಿ ಲಭ್ಯವಿರುತ್ತವೆ. ತಾವು ಕೆಳಗಡೆ ಕೊಟ್ಟಿರುವ ಲಿಂಕ್ ಮುಖಾಂತರ ಖರೀದಿಸಬಹದು Amazon : https://amzn.in/d/98q8EXK Website : https://www.jnanayogashrama.org/books_kannada.php,24:18,public,3/23/2026,,45.41673515442823,36080,762,53,2,21,-,2
5dhdgH8W5UM,ನಮಗೆ ಯಾವುದು ನಿಜವಾದ ಸಂತೋಷ ಕೊಡುತ್ತದೆ?,ಪೂಜ್ಯರ ಪ್ರವಚನದ ಪುಸ್ತಕಗಳು ಈಗ Amazon & Website ನಲ್ಲಿ ಲಭ್ಯವಿರುತ್ತವೆ. ತಾವು ಕೆಳಗಡೆ ಕೊಟ್ಟಿರುವ ಲಿಂಕ್ ಮುಖಾಂತರ ಖರೀದಿಸಬಹದು Amazon : https://amzn.in/d/98q8EXK Website : https://www.jnanayogashrama.org/books_kannada.php,24:50,public,3/20/2026,,43.50942744595336,23221,402,22,2,21,-,1
asxkJVKCjGs,ನಮ್ಮಲ್ಲಿರುವ ಖಿನ್ನತೆಯನ್ನು ಹೋಗಲಾಡಿಸುವುದು ಹೇಗೆ?,ಪೂಜ್ಯರ ಪ್ರವಚನದ ಪುಸ್ತಕಗಳು ಈಗ Amazon & Website ನಲ್ಲಿ ಲಭ್ಯವಿರುತ್ತವೆ. ತಾವು ಕೆಳಗಡೆ ಕೊಟ್ಟಿರುವ ಲಿಂಕ್ ಮುಖಾಂತರ ಖರೀದಿಸಬಹದು Amazon : https://amzn.in/d/98q8EXK Website : https://www.jnanayogashrama.org/books_kannada.php,19:39,public,3/18/2026,,45.2414533712027,34648,691,40,2,21,-,2
5DTwaEUjj_E,ನಾವು ಹೇಗಿದ್ದರೆ ನಮ್ಮಲ್ಲಿ ಭಕ್ತಿಯೆಂಬುದು ಬೆಳೆಯುತ್ತದೆ?,ಪೂಜ್ಯರ ಪ್ರವಚನದ ಪುಸ್ತಕಗಳು ಈಗ Amazon & Website ನಲ್ಲಿ ಲಭ್ಯವಿರುತ್ತವೆ. ತಾವು ಕೆಳಗಡೆ ಕೊಟ್ಟಿರುವ ಲಿಂಕ್ ಮುಖಾಂತರ ಖರೀದಿಸಬಹದು Amazon : https://amzn.in/d/98q8EXK Website : https://www.jnanayogashrama.org/books_kannada.php,21:36,public,3/16/2026,,42.63999627465715,18995,352,28,2,21,-,2
anD-ZBM4vOs,ಜೀವನವನ್ನು ಯಾವುದರಿಂದ ಕಟ್ಟಿದರೆ ನಾವು ಸಂತೋಷವಾಗಿ ಇರಬಹುದು?,ಪೂಜ್ಯರ ಪ್ರವಚನದ ಪುಸ್ತಕಗಳು ಈಗ Amazon & Website ನಲ್ಲಿ ಲಭ್ಯವಿರುತ್ತವೆ. ತಾವು ಕೆಳಗಡೆ ಕೊಟ್ಟಿರುವ ಲಿಂಕ್ ಮುಖಾಂತರ ಖರೀದಿಸಬಹದು Amazon : https://amzn.in/d/98q8EXK Website : https://www.jnanayogashrama.org/books_kannada.php,16:50,public,3/15/2026,,43.89319003724987,25374,413,27,2,21,-,1
sg-yQDIoDJM,ತಾಯಂದಿರು ಮಕ್ಕಳಿಗೆ ಎಂತಹ  ಸಂಸ್ಕಾರ ಕಲಿಸಬೇಕು?,ಪೂಜ್ಯರ ಪ್ರವಚನದ ಪುಸ್ತಕಗಳು ಈಗ Amazon & Website ನಲ್ಲಿ ಲಭ್ಯವಿರುತ್ತವೆ. ತಾವು ಕೆಳಗಡೆ ಕೊಟ್ಟಿರುವ ಲಿಂಕ್ ಮುಖಾಂತರ ಖರೀದಿಸಬಹದು Amazon : https://amzn.in/d/98q8EXK Website : https://www.jnanayogashrama.org/books_kannada.php,19:05,public,3/13/2026,,57.83049965052159,635192,5K,144,2,21,-,0
3ZJbq_IQS0I,ನಾನು ಯಾರು ಎಂದು ತಿಳಿಯುವುದು ಹೇಗೆ?,ಪೂಜ್ಯರ ಪ್ರವಚನದ ಪುಸ್ತಕಗಳು ಈಗ Amazon & Website ನಲ್ಲಿ ಲಭ್ಯವಿರುತ್ತವೆ. ತಾವು ಕೆಳಗಡೆ ಕೊಟ್ಟಿರುವ ಲಿಂಕ್ ಮುಖಾಂತರ ಖರೀದಿಸಬಹದು Amazon : https://amzn.in/d/98q8EXK Website : https://www.jnanayogashrama.org/books_kannada.php,20:25,public,3/11/2026,,42.15209683329008,16970,413,21,2,21,-,2
8rP1xts52gM,ಶರೀರದ ಭಾಗಗಳನ್ನು ಹೇಗೆ ಬಳಸಿದರೆ ನಾವು ಆನಂದವನ್ನು ಅನುಭವಿಸಬಹುದು?,ಪೂಜ್ಯರ ಪ್ರವಚನದ ಪುಸ್ತಕಗಳು ಈಗ Amazon & Website ನಲ್ಲಿ ಲಭ್ಯವಿರುತ್ತವೆ. ತಾವು ಕೆಳಗಡೆ ಕೊಟ್ಟಿರುವ ಲಿಂಕ್ ಮುಖಾಂತರ ಖರೀದಿಸಬಹದು Amazon : https://amzn.in/d/98q8EXK Website : https://www.jnanayogashrama.org/books_kannada.php,27:58,public,3/9/2026,,44.48530211735246,29094,466,24,2,21,-,1
-8ZU5QRTBAQ,ಮನುಷ್ಯ ಈಗ ಯಾವ ಲಕ್ಷಣದಲ್ಲಿದ್ದಾನೆ?,,02:01,public,3/8/2026,,36.819638429563,4950,210,6,0,0,-,2
4eG7NO7W2iA,ನಮ್ಮ ಮನಸ್ಸು ಶಕ್ತಿಶಾಲಿಯಾಗಲು ಭಗವಂತನಲ್ಲಿ ಎಂತಹ ಪ್ರಾರ್ಥನೆ ಮಾಡಬೇಕು?,ಪೂಜ್ಯರ ಪ್ರವಚನದ ಪುಸ್ತಕಗಳು ಈಗ Amazon & Website ನಲ್ಲಿ ಲಭ್ಯವಿರುತ್ತವೆ. ತಾವು ಕೆಳಗಡೆ ಕೊಟ್ಟಿರುವ ಲಿಂಕ್ ಮುಖಾಂತರ ಖರೀದಿಸಬಹದು Amazon : https://amzn.in/d/98q8EXK Website : https://www.jnanayogashrama.org/books_kannada.php,19:24,public,3/6/2026,,43.12308087691391,21238,446,32,2,21,-,2
2hwhK0YU2os,ಯಾರ ಹತ್ತಿರ ಇದು ಇದೆಯೋ ಅವರೇ ನಿಜವಾದ ಶ್ರೀಮಂತರು?,ಪೂಜ್ಯರ ಪ್ರವಚನದ ಪುಸ್ತಕಗಳು ಈಗ Amazon & Website ನಲ್ಲಿ ಲಭ್ಯವಿರುತ್ತವೆ. ತಾವು ಕೆಳಗಡೆ ಕೊಟ್ಟಿರುವ ಲಿಂಕ್ ಮುಖಾಂತರ ಖರೀದಿಸಬಹದು Amazon : https://amzn.in/d/98q8EXK Website : https://www.jnanayogashrama.org/books_kannada.php,19:04,public,3/3/2026,,42.033681766269765,16512,359,27,2,21,-,2
xTnr6HylrrA,ನಮಗೆ ಏನಾದರೂ ಸಿಗಬೇಕಾದರೆ ನಮ್ಮ ಪರಿಶ್ರಮ ಹೇಗಿರಬೇಕು?,ಪೂಜ್ಯರ ಪ್ರವಚನದ ಪುಸ್ತಕಗಳು ಈಗ Amazon & Website ನಲ್ಲಿ ಲಭ್ಯವಿರುತ್ತವೆ. ತಾವು ಕೆಳಗಡೆ ಕೊಟ್ಟಿರುವ ಲಿಂಕ್ ಮುಖಾಂತರ ಖರೀದಿಸಬಹದು Amazon : https://amzn.in/d/98q8EXK Website : https://www.jnanayogashrama.org/books_kannada.php,23:30,public,3/1/2026,,43.62074743873687,23826,480,27,2,21,-,2
sIhyXev5YiE,Vachanas of Allamaprabhu Book Release,"Venue: Shivarathreeshwara Centre ,Bangalore",03:23:43,public,2/28/2026,,33.812637885986355,2471,62,0,0,4,-,2
wjrO6TrQ4bk,ದೇವರು ನಮಗೆ ನೀಡಿದ ಈ ಶರೀರವನ್ನು ಇಟ್ಟುಕೊಳ್ಳುವುದು ಹೇಗೆ?,ಪೂಜ್ಯರ ಪ್ರವಚನದ ಪುಸ್ತಕಗಳು ಈಗ Amazon & Website ನಲ್ಲಿ ಲಭ್ಯವಿರುತ್ತವೆ. ತಾವು ಕೆಳಗಡೆ ಕೊಟ್ಟಿರುವ ಲಿಂಕ್ ಮುಖಾಂತರ ಖರೀದಿಸಬಹದು Amazon : https://amzn.in/d/98q8EXK Website : https://www.jnanayogashrama.org/books_kannada.php,31:00,public,2/27/2026,,46.68941002556797,48414,684,32,2,21,-,1
r8tCueSRfls,ಎಂತಹ ಕೆಲಸ ಮಾಡುವವರಿಗೆ ದೇವರ ಆಶೀರ್ವಾದ ಸದಾ ಇರುತ್ತದೆ?,ಪೂಜ್ಯರ ಪ್ರವಚನದ ಪುಸ್ತಕಗಳು ಈಗ Amazon & Website ನಲ್ಲಿ ಲಭ್ಯವಿರುತ್ತವೆ. ತಾವು ಕೆಳಗಡೆ ಕೊಟ್ಟಿರುವ ಲಿಂಕ್ ಮುಖಾಂತರ ಖರೀದಿಸಬಹದು Amazon : https://amzn.in/d/98q8EXK Website : https://www.jnanayogashrama.org/books_kannada.php,17:16,public,2/25/2026,,49.8288781422428,99999,1.2K,62,2,21,-,1
a2bNXfZzyRs,ಬದುಕಿನಲ್ಲಿ ನಿಶ್ಚಿಂತೆಯಿಂದ ಇರುವುದು ಹೇಗೆ?,ಪೂಜ್ಯರ ಪ್ರವಚನದ ಪುಸ್ತಕಗಳು ಈಗ Amazon & Website ನಲ್ಲಿ ಲಭ್ಯವಿರುತ್ತವೆ. ತಾವು ಕೆಳಗಡೆ ಕೊಟ್ಟಿರುವ ಲಿಂಕ್ ಮುಖಾಂತರ ಖರೀದಿಸಬಹದು Amazon : https://amzn.in/d/98q8EXK Website : https://www.jnanayogashrama.org/books_kannada.php,25:49,public,2/19/2026,,50.743015235999906,123516,1.5K,85,2,21,-,1
wKYVQtS7noM,ನಾನು ಧರ್ಮವಂತ ಎಂದು ಗುರುತಿಸಿಕೊಳ್ಳಲು ಏನು ಮಾಡಬೇಕು?,ಪೂಜ್ಯರ ಪ್ರವಚನದ ಪುಸ್ತಕಗಳು ಈಗ Amazon & Website ನಲ್ಲಿ ಲಭ್ಯವಿರುತ್ತವೆ. ತಾವು ಕೆಳಗಡೆ ಕೊಟ್ಟಿರುವ ಲಿಂಕ್ ಮುಖಾಂತರ ಖರೀದಿಸಬಹದು Amazon : https://amzn.in/d/98q8EXK Website : https://www.jnanayogashrama.org/books_kannada.php,18:50,public,2/18/2026,,45.66872424171299,38243,504,22,2,21,-,1
OQiJhSavAnw,ನಮ್ಮ ಬದುಕು ಹಾಳಾಗಬಾರದು ಎಂದರೆ ನಾವು ಏನನ್ನು ಬಿಡಬೇಕು?,ಪೂಜ್ಯರ ಪ್ರವಚನದ ಪುಸ್ತಕಗಳು ಈಗ Amazon & Website ನಲ್ಲಿ ಲಭ್ಯವಿರುತ್ತವೆ. ತಾವು ಕೆಳಗಡೆ ಕೊಟ್ಟಿರುವ ಲಿಂಕ್ ಮುಖಾಂತರ ಖರೀದಿಸಬಹದು Amazon : https://amzn.in/d/98q8EXK Website : https://www.jnanayogashrama.org/books_kannada.php,25:09,public,2/16/2026,,47.297489879355275,55717,804,34,2,21,-,1
ob9Qg1ct3Po,ಶಾಂತಿಯುತವಾದ ಬದುಕನ್ನು ಸಾಗಿಸಬೇಕಾದರೆ ಏನು ಮಾಡಬೇಕು?,ಪೂಜ್ಯರ ಪ್ರವಚನದ ಪುಸ್ತಕಗಳು ಈಗ Amazon & Website ನಲ್ಲಿ ಲಭ್ಯವಿರುತ್ತವೆ. ತಾವು ಕೆಳಗಡೆ ಕೊಟ್ಟಿರುವ ಲಿಂಕ್ ಮುಖಾಂತರ ಖರೀದಿಸಬಹದು Amazon : https://amzn.in/d/98q8EXK Website : https://www.jnanayogashrama.org/books_kannada.php,20:06,public,2/14/2026,,42.90813094288076,20209,414,25,2,21,-,2
ozbHR_m-7Uc,ದೇವರು ಕೊಟ್ಟ ಶರೀರ ಎಂಬ ವಾದ್ಯವನ್ನು ಹೇಗೆ ಬಾರಿಸಬೇಕು?,ಪೂಜ್ಯರ ಪ್ರವಚನದ ಪುಸ್ತಕಗಳು ಈಗ Amazon & Website ನಲ್ಲಿ ಲಭ್ಯವಿರುತ್ತವೆ. ತಾವು ಕೆಳಗಡೆ ಕೊಟ್ಟಿರುವ ಲಿಂಕ್ ಮುಖಾಂತರ ಖರೀದಿಸಬಹದು Amazon : https://amzn.in/d/98q8EXK Website : https://www.jnanayogashrama.org/books_kannada.php,27:26,public,2/12/2026,,45.17968094567949,34157,583,37,2,21,-,1
zt7WS0KMpVQ,ಜೀವನ ಪೂರ್ತಿ ಖುಷಿಯಾಗಿರಲು ಯಾವ ಯೋಗ ಮಾಡಬೇಕು?,ಪೂಜ್ಯರ ಪ್ರವಚನದ ಪುಸ್ತಕಗಳು ಈಗ Amazon & Website ನಲ್ಲಿ ಲಭ್ಯವಿರುತ್ತವೆ. ತಾವು ಕೆಳಗಡೆ ಕೊಟ್ಟಿರುವ ಲಿಂಕ್ ಮುಖಾಂತರ ಖರೀದಿಸಬಹದು Amazon : https://amzn.in/d/98q8EXK Website : https://www.jnanayogashrama.org/books_kannada.php,15:41,public,2/10/2026,,42.11804244863205,16837,326,22,2,21,-,2
8x7RIh69LoU,ನಾವು ಮಾಡುವ ಭಕ್ತಿ ಹೇಗಿದ್ದರೆ ದೇವರಿಗೆ ಇಷ್ಟವಾಗುತ್ತದೆ?,ಪೂಜ್ಯರ ಪ್ರವಚನದ ಪುಸ್ತಕಗಳು ಈಗ Amazon & Website ನಲ್ಲಿ ಲಭ್ಯವಿರುತ್ತವೆ. ತಾವು ಕೆಳಗಡೆ ಕೊಟ್ಟಿರುವ ಲಿಂಕ್ ಮುಖಾಂತರ ಖರೀದಿಸಬಹದು Amazon : https://amzn.in/d/98q8EXK Website : https://www.jnanayogashrama.org/books_kannada.php,17:03,public,2/9/2026,,40.757352343450336,12295,247,18,2,21,-,2
uDnOZSQuEx8,ಸಾಮಾನ್ಯ ಮನುಷ್ಯನು ಸಂತನಾಗಿ ಜೀವಿಸುವುದು ಹೇಗೆ?,ಪೂಜ್ಯರ ಪ್ರವಚನದ ಪುಸ್ತಕಗಳು ಈಗ Amazon & Website ನಲ್ಲಿ ಲಭ್ಯವಿರುತ್ತವೆ. ತಾವು ಕೆಳಗಡೆ ಕೊಟ್ಟಿರುವ ಲಿಂಕ್ ಮುಖಾಂತರ ಖರೀದಿಸಬಹದು Amazon : https://amzn.in/d/98q8EXK Website : https://www.jnanayogashrama.org/books_kannada.php,46:45,public,2/4/2026,,47.48559963136685,58192,859,67,2,21,-,1
J5IYxR9snTI,ಜಗತ್ತಿನಲ್ಲಿ ಬುದ್ಧಿವಂತರಾಗಿ ಬದುಕುವುದು ಹೇಗೆ?,ಪೂಜ್ಯರ ಪ್ರವಚನದ ಪುಸ್ತಕಗಳು ಈಗ Amazon & Website ನಲ್ಲಿ ಲಭ್ಯವಿರುತ್ತವೆ. ತಾವು ಕೆಳಗಡೆ ಕೊಟ್ಟಿರುವ ಲಿಂಕ್ ಮುಖಾಂತರ ಖರೀದಿಸಬಹದು Amazon : https://amzn.in/d/98q8EXK Website : https://www.jnanayogashrama.org/books_kannada.php,16:25,public,2/2/2026,,43.26047284042907,21923,465,31,2,21,-,2
0sEL18OaPdw,ಪ್ರತಿದಿನ ಹೊಸಬರಾಗಿ ಬದುಕುವುದು ಹೇಗೆ?,ಪೂಜ್ಯರ ಪ್ರವಚನದ ಪುಸ್ತಕಗಳು ಈಗ Amazon & Website ನಲ್ಲಿ ಲಭ್ಯವಿರುತ್ತವೆ. ತಾವು ಕೆಳಗಡೆ ಕೊಟ್ಟಿರುವ ಲಿಂಕ್ ಮುಖಾಂತರ ಖರೀದಿಸಬಹದು Amazon : https://amzn.in/d/98q8EXK Website : https://www.jnanayogashrama.org/books_kannada.php,29:13,public,1/31/2026,,48.83817882507772,79540,1.1K,72,2,21,-,1
BIeZGkc0IFg,ದೇವರು ಏಕೆ ಕಾಣುವುದಿಲ್ಲ? ಶಿಷ್ಯನ ಪ್ರಶ್ನೆಗೆ ಗುರುವಿನ ಉತ್ತರ?,ಪೂಜ್ಯರ ಪ್ರವಚನದ ಪುಸ್ತಕಗಳು ಈಗ Amazon & Website ನಲ್ಲಿ ಲಭ್ಯವಿರುತ್ತವೆ. ತಾವು ಕೆಳಗಡೆ ಕೊಟ್ಟಿರುವ ಲಿಂಕ್ ಮುಖಾಂತರ ಖರೀದಿಸಬಹದು Amazon : https://amzn.in/d/98q8EXK Website : https://www.jnanayogashrama.org/books_kannada.php,21:59,public,1/28/2026,,49.068840042165306,83894,1K,59,2,21,-,1
Pkwqu-mKQco,ಮನಸ್ಸನ್ನು ಸಮಾಧಾನವಾಗಿ ಇಟ್ಟುಕೊಳ್ಳುವ ವಿದ್ಯೆ ಯಾವುದು?,ಪೂಜ್ಯರ ಪ್ರವಚನದ ಪುಸ್ತಕಗಳು ಈಗ Amazon & Website ನಲ್ಲಿ ಲಭ್ಯವಿರುತ್ತವೆ. ತಾವು ಕೆಳಗಡೆ ಕೊಟ್ಟಿರುವ ಲಿಂಕ್ ಮುಖಾಂತರ ಖರೀದಿಸಬಹದು Amazon : https://amzn.in/d/98q8EXK Website : https://www.jnanayogashrama.org/books_kannada.php,22:10,public,1/26/2026,,55.907249997423996,407305,4.3K,180,2,21,-,1
eOETNjUoXUc,ಯಾವುದು ನಮ್ಮ ಜೀವನದ ವೈಭವವನ್ನು ಹೆಚ್ಚು-ಕಡಿಮೆ ಮಾಡುತ್ತದೆ?,ಪೂಜ್ಯರ ಪ್ರವಚನದ ಪುಸ್ತಕಗಳು ಈಗ Amazon & Website ನಲ್ಲಿ ಲಭ್ಯವಿರುತ್ತವೆ. ತಾವು ಕೆಳಗಡೆ ಕೊಟ್ಟಿರುವ ಲಿಂಕ್ ಮುಖಾಂತರ ಖರೀದಿಸಬಹದು Amazon : https://amzn.in/d/98q8EXK Website : https://www.jnanayogashrama.org/books_kannada.php,25:48,public,1/21/2026,,42.19094360355371,17123,367,31,2,21,-,2
A7XHMs1uyfM,ನಾಳೆಯ ಬಗ್ಗೆ ನಾವೇಕೆ ಚಿಂತಿಸಬಾರದು?,ಪೂಜ್ಯರ ಪ್ರವಚನದ ಪುಸ್ತಕಗಳು ಈಗ Amazon & Website ನಲ್ಲಿ ಲಭ್ಯವಿರುತ್ತವೆ. ತಾವು ಕೆಳಗಡೆ ಕೊಟ್ಟಿರುವ ಲಿಂಕ್ ಮುಖಾಂತರ ಖರೀದಿಸಬಹದು Amazon : https://amzn.in/d/98q8EXK Website : https://www.jnanayogashrama.org/books_kannada.php,14:57,public,1/19/2026,,45.69355101765911,38463,685,36,2,21,-,1
gBj1Arg9NwE,ಯಾವುದಕ್ಕೆ ಹೆಚ್ಚು ಮಹತ್ವ ಕೊಟ್ಟರೆ ನಮ್ಮ ಜೀವನ ಸುಖವಾಗಿರುತ್ತದೆ?,ಪೂಜ್ಯರ ಪ್ರವಚನದ ಪುಸ್ತಕಗಳು ಈಗ Amazon & Website ನಲ್ಲಿ ಲಭ್ಯವಿರುತ್ತವೆ. ತಾವು ಕೆಳಗಡೆ ಕೊಟ್ಟಿರುವ ಲಿಂಕ್ ಮುಖಾಂತರ ಖರೀದಿಸಬಹದು Amazon : https://amzn.in/d/98q8EXK Website : https://www.jnanayogashrama.org/books_kannada.php,25:28,public,1/16/2026,,47.508373027743055,58499,812,44,2,21,-,1
4fCfOlr_joQ,ಶಾಸ್ತ್ರಗಳಲ್ಲಿ ಶ್ರೇಷ್ಠ ಶಾಸ್ತ್ರ ಎಂದರೆ ಯಾವುದು?,ಪೂಜ್ಯರ ಪ್ರವಚನದ ಪುಸ್ತಕಗಳು ಈಗ Amazon & Website ನಲ್ಲಿ ಲಭ್ಯವಿರುತ್ತವೆ. ತಾವು ಕೆಳಗಡೆ ಕೊಟ್ಟಿರುವ ಲಿಂಕ್ ಮುಖಾಂತರ ಖರೀದಿಸಬಹದು Amazon : https://amzn.in/d/98q8EXK Website : https://www.jnanayogashrama.org/books_kannada.php,16:24,public,1/14/2026,,41.47845364440062,14524,315,24,2,21,-,2
-53OjXQbYBY,ಸ್ವರ್ಗವನ್ನು ಎಲ್ಲೆಲ್ಲಿ ಕಾಣಬಹುದು?,,01:54,public,1/13/2026,,38.88054894549562,7969,292,8,0,0,-,2
gCmKsOsTr7U,ನಮ್ಮ ಮನಸ್ಸು ಹೇಗಿದ್ದರೆ ಮಾತ್ರ ನಾವು ಜೀವನದಲ್ಲಿ ಸಂತೋಷ ಕಾಣಲು ಸಾಧ್ಯ?,ಪೂಜ್ಯರ ಪ್ರವಚನದ ಪುಸ್ತಕಗಳು ಈಗ Amazon & Website ನಲ್ಲಿ ಲಭ್ಯವಿರುತ್ತವೆ. ತಾವು ಕೆಳಗಡೆ ಕೊಟ್ಟಿರುವ ಲಿಂಕ್ ಮುಖಾಂತರ ಖರೀದಿಸಬಹದು Amazon : https://amzn.in/d/98q8EXK Website : https://www.jnanayogashrama.org/books_kannada.php,19:12,public,1/12/2026,,43.86134685603993,25188,490,33,2,21,-,2
v_a8jK-a-Hg,ದೇವರನ್ನು ಎಂದಿಗೂ ನಾಶಮಾಡಲು ಸಾಧ್ಯವಿಲ್ಲ ಏಕೆ?,ಪೂಜ್ಯರ ಪ್ರವಚನದ ಪುಸ್ತಕಗಳು ಈಗ Amazon & Website ನಲ್ಲಿ ಲಭ್ಯವಿರುತ್ತವೆ. ತಾವು ಕೆಳಗಡೆ ಕೊಟ್ಟಿರುವ ಲಿಂಕ್ ಮುಖಾಂತರ ಖರೀದಿಸಬಹದು Amazon : https://amzn.in/d/98q8EXK Website : https://www.jnanayogashrama.org/books_kannada.php,20:03,public,1/10/2026,,43.13142819892789,21279,378,30,2,21,-,1
dCulR94BKy8,ಸಂದೇಹವು ನಮ್ಮ ಸುಖವನ್ನು ಹೇಗೆ ಕೆಡಿಸುತ್ತದೆ?,ಪೂಜ್ಯರ ಪ್ರವಚನದ ಪುಸ್ತಕಗಳು ಈಗ Amazon & Website ನಲ್ಲಿ ಲಭ್ಯವಿರುತ್ತವೆ. ತಾವು ಕೆಳಗಡೆ ಕೊಟ್ಟಿರುವ ಲಿಂಕ್ ಮುಖಾಂತರ ಖರೀದಿಸಬಹದು Amazon : https://amzn.in/d/98q8EXK Website : https://www.jnanayogashrama.org/books_kannada.php,12:16,public,1/8/2026,,40.246036977825966,10925,333,27,2,21,-,2
WHKQbiotwMA,ಮನಸ್ಸನ್ನು ಪರಮ ಶಾಂತಿಯ ಕಡೆಗೆ ತರುವುದು ಹೇಗೆ?,ಪೂಜ್ಯರ ಪ್ರವಚನದ ಪುಸ್ತಕಗಳು ಈಗ Amazon & Website ನಲ್ಲಿ ಲಭ್ಯವಿರುತ್ತವೆ. ತಾವು ಕೆಳಗಡೆ ಕೊಟ್ಟಿರುವ ಲಿಂಕ್ ಮುಖಾಂತರ ಖರೀದಿಸಬಹದು Amazon : https://amzn.in/d/98q8EXK Website : https://www.jnanayogashrama.org/books_kannada.php,34:46,public,1/6/2026,,50.85334179389439,126705,1.5K,99,2,21,-,1
dUX1PE6tQwg,"LIVE : 02-01-2026 ""ಗುರುನಮನ ಮಹೋತ್ಸವ ""","LIVE - ಪೂಜ್ಯ ಶ್ರೀ ಸಿದ್ಧೇಶ್ವರ ಮಹಾಸ್ವಾಮಿಗಳರ ಗುರುನಮನ ಮಹೋತ್ಸವ ""ಜಪಯೋಗ""",02:24:05,public,1/3/2026,,40.63127056012768,11942,256,29,0,9,-,0
6aq_6Ue_8Bs,"LIVE : 02-01-2026 ""ಪ್ರಣವ ಮಂಟಪದ ಗದ್ದುಗೆಯ ಮಹಾಪೂಜೆ""","LIVE - ಪೂಜ್ಯ ಶ್ರೀ ಸಿದ್ಧೇಶ್ವರ ಮಹಾಸ್ವಾಮಿಗಳವರ ಗುರುನಮನ ಮಹೋತ್ಸವ ""ಜಪಯೋಗ""",38:08,public,1/2/2026,,33.955628429108174,2554,41,6,0,9,-,0
m4WciN0R_Ow,"LIVE : 02-01-2026 ""ಜಪಯೋಗ""","LIVE - ಪೂಜ್ಯ ಶ್ರೀ ಸಿದ್ಧೇಶ್ವರ ಮಹಾಸ್ವಾಮಿಗಳವರ ಗುರುನಮನ ಮಹೋತ್ಸವ ""ಜಪಯೋಗ""",01:52:22,public,1/2/2026,,35.49154562093051,3642,98,4,0,9,-,0
Mirmw-ETvsI,"LIVE : 02-01-2026 ""ಪುಷ್ಪ ನಮನ""","LIVE - ಪೂಜ್ಯ ಶ್ರೀ ಸಿದ್ಧೇಶ್ವರ ಮಹಾಸ್ವಾಮಿಗಳವರ ಗುರುನಮನ ಮಹೋತ್ಸವ ""ಜಪಯೋಗ""",18:29,public,1/2/2026,,42.344155167565276,17740,251,33,0,9,-,0
XOH-uok6emI,"LIVE : 01-01-2026 ""ನೇಗಿಲಯೋಗಿ"" ಗೋಷ್ಠಿ","LIVE - ಪೂಜ್ಯ ಶ್ರೀ ಸಿದ್ಧೇಶ್ವರ ಮಹಾಸ್ವಾಮಿಗಳವರ ಗುರುನಮನ ಮಹೋತ್ಸವ ನೇಗಿಲಯೋಗಿ""ಗೋಷ್ಠಿ",29:22,public,1/2/2026,,34.12837616782852,2658,78,3,0,9,-,0
w7oh25sVy4w,"LIVE : 01-01-2026 ""ನೇಗಿಲಯೋಗ "" ಗೋಷ್ಠಿ","LIVE - ಪೂಜ್ಯ ಶ್ರೀ ಸಿದ್ಧೇಶ್ವರ ಮಹಾಸ್ವಾಮಿಗಳವರ ಗುರುನಮನ ಮಹೋತ್ಸವ ""ದಯಾ-ಧರ್ಮ""ಗೋಷ್ಠಿ",01:02:58,public,1/2/2026,,35.824243412828736,3933,99,6,0,9,-,0
cdZl89piH54,"LIVE : 01-01-2026 ""ನೇಗಿಲಯೋಗ "" ಗೋಷ್ಠಿ","LIVE - ಪೂಜ್ಯ ಶ್ರೀ ಸಿದ್ಧೇಶ್ವರ ಮಹಾಸ್ವಾಮಿಗಳವರ ಗುರುನಮನ ಮಹೋತ್ಸವ ""ದಯಾ-ಧರ್ಮ""ಗೋಷ್ಠಿ",58:11,public,1/1/2026,,37.16162874215892,5357,144,6,0,9,-,0
AfxngD092cU,"LIVE : 31-12-2025 ""ದಯಾ-ಧರ್ಮ"" ಗೋಷ್ಠಿ","LIVE - ಪೂಜ್ಯ ಶ್ರೀ ಸಿದ್ಧೇಶ್ವರ ಮಹಾಸ್ವಾಮಿಗಳವರ ಗುರುನಮನ ಮಹೋತ್ಸವ ""ದಯಾ-ಧರ್ಮ""ಗೋಷ್ಠಿ",02:48:57,public,1/1/2026,,37.674544559580085,6031,172,7,0,9,-,0
NuEH3CHneNk,"LIVE : 30-12-2025 ""ಆಧ್ಯಾತ್ಮ  ಮತ್ತು ಮಹಿಳೆ "" ಗೋಷ್ಠಿ","LIVE - ಪೂಜ್ಯ ಶ್ರೀ ಸಿದ್ಧೇಶ್ವರ ಮಹಾಸ್ವಾಮಿಗಳವರ ಗುರುನಮನ ಮಹೋತ್ಸವ ""ಆಧ್ಯಾತ್ಮ  ಮತ್ತು ಮಹಿಳೆ ""ಗೋಷ್ಠಿ",02:23:24,public,12/31/2025,,37.8468889109043,6276,174,12,0,12,-,0
nxvxZyozkEo,"LIVE : 29-12-2025 ""ಯುವ ಸಮಾವೇಶ"" ಗೋಷ್ಠಿ","LIVE - ಪೂಜ್ಯ ಶ್ರೀ ಸಿದ್ಧೇಶ್ವರ ಮಹಾಸ್ವಾಮಿಗಳವರ ಗುರುನಮನ ಮಹೋತ್ಸವ """"ಯುವ ಸಮಾವೇಶ""ಗೋಷ್ಠಿ",48:08,public,12/30/2025,,34.96793358746083,3227,79,7,0,10,-,0
huRYUPgYZKk,"LIVE : 29-12-2025 ""ಯುವ ಸಮಾವೇಶ"" ಗೋಷ್ಠಿ","LIVE - ಪೂಜ್ಯ ಶ್ರೀ ಸಿದ್ಧೇಶ್ವರ ಮಹಾಸ್ವಾಮಿಗಳವರ ಗುರುನಮನ ಮಹೋತ್ಸವ """"ಯುವ ಸಮಾವೇಶ""ಗೋಷ್ಠಿ",42:07,public,12/30/2025,,35.48440945258233,3636,103,7,0,10,-,0
J8tFoJnvl9s,"LIVE : 29-12-2025 ""ಯುವ ಸಮಾವೇಶ"" ಗೋಷ್ಠಿ","LIVE - ಪೂಜ್ಯ ಶ್ರೀ ಸಿದ್ಧೇಶ್ವರ ಮಹಾಸ್ವಾಮಿಗಳವರ ಗುರುನಮನ ಮಹೋತ್ಸವ """"ಯುವ ಸಮಾವೇಶ""ಗೋಷ್ಠಿ",22:03,public,12/30/2025,,33.71521421797524,2416,76,7,0,10,-,0
F_L33o5wXDk,ಗುರುದರ್ಶನ  29-12-2025,,01:00,public,12/29/2025,,50.59462591261712,119353,2.5K,28,0,0,-,0
GzYHEJFZEV0,"""ವಚನ ನಮನ ಮತ್ತು ಚಿತ್ರ ನಮನ"" ಕಾರ್ಯಕ್ರಮ","ಜ್ಞಾನಯೋಗಿ ಪೂಜ್ಯ ಶ್ರೀ ಸಿದ್ಧೇಶ್ವರ ಮಹಾಸ್ವಾಮಿಗಳವರ ""ಗುರುನಮನ"" ಮಹೋತ್ಸವದ ಅಂಗವಾಗಿ ಇಂದು ಆಶ್ರಮದಲ್ಲಿ ಶಾಲಾ ವಿದ್ಯಾರ್ಥಿಗಳಿಂದ ""ವಚನ ನಮನ ಮತ್ತು ಚಿತ್ರ ನಮನ"" ಕಾರ್ಯಕ್ರಮ ಏರ್ಪಡಿಸಲಾಗಿತ್ತು.",01:21,public,12/25/2025,,41.24677977640029,13767,194,2,0,19,-,0
ya-8YINKmTk,ನನ್ನ ಹತ್ತಿರ ಏನೂ ಇಲ್ಲ ಅಂತ ಏಕೆ ಅಂದುಕೊಳ್ಳಬಾರದು?,ಪೂಜ್ಯರ ಪ್ರವಚನದ ಪುಸ್ತಕಗಳು ಈಗ Amazon & Website ನಲ್ಲಿ ಲಭ್ಯವಿರುತ್ತವೆ. ತಾವು ಕೆಳಗಡೆ ಕೊಟ್ಟಿರುವ ಲಿಂಕ್ ಮುಖಾಂತರ ಖರೀದಿಸಬಹದು Amazon : https://amzn.in/d/98q8EXK Website : https://www.jnanayogashrama.org/books_kannada.php,22:15,public,12/24/2025,,47.95552456941397,64866,914,62,2,21,-,0
OW9NIuPoeFQ,ಪ್ರಪಂಚದಲ್ಲಿ ತಲೆಯನ್ನು ಬಹಳ ಕೆಡಿಸಿಕೊಳ್ಳಬಾರದು ಏಕೆ?,ಪೂಜ್ಯರ ಪ್ರವಚನದ ಪುಸ್ತಕಗಳು ಈಗ Amazon & Website ನಲ್ಲಿ ಲಭ್ಯವಿರುತ್ತವೆ. ತಾವು ಕೆಳಗಡೆ ಕೊಟ್ಟಿರುವ ಲಿಂಕ್ ಮುಖಾಂತರ ಖರೀದಿಸಬಹದು Amazon : https://amzn.in/d/98q8EXK Website : https://www.jnanayogashrama.org/books_kannada.php,19:31,public,12/20/2025,,53.73726474533659,246704,3.5K,121,2,21,-,0
Zad_W0DefAE,ಈ ಜಗತ್ತಿನಲ್ಲಿ ನಿಜವಾಗಲೂ ಯಾವುದು ಪವಿತ್ರ? ಯಾವುದು ಅಪವಿತ್ರ?,ಪೂಜ್ಯರ ಪ್ರವಚನದ ಪುಸ್ತಕಗಳು ಈಗ Amazon & Website ನಲ್ಲಿ ಲಭ್ಯವಿರುತ್ತವೆ. ತಾವು ಕೆಳಗಡೆ ಕೊಟ್ಟಿರುವ ಲಿಂಕ್ ಮುಖಾಂತರ ಖರೀದಿಸಬಹದು Amazon : https://amzn.in/d/98q8EXK Website : https://www.jnanayogashrama.org/books_kannada.php,16:06,public,12/17/2025,,42.473935349836296,18280,378,33,2,21,-,0
BiW9cJy_RmU,ಜೀವನದಲ್ಲಿ ಅಹಂ ಎಂಬುದು ಹೆಚ್ಚಾದರೆ ಏನಾಗುತ್ತದೆ?,ಪೂಜ್ಯರ ಪ್ರವಚನದ ಪುಸ್ತಕಗಳು ಈಗ Amazon & Website ನಲ್ಲಿ ಲಭ್ಯವಿರುತ್ತವೆ. ತಾವು ಕೆಳಗಡೆ ಕೊಟ್ಟಿರುವ ಲಿಂಕ್ ಮುಖಾಂತರ ಖರೀದಿಸಬಹದು Amazon : https://amzn.in/d/98q8EXK Website : https://www.jnanayogashrama.org/books_kannada.php,25:43,public,12/15/2025,,48.27455409441744,69828,863,56,2,21,-,0
dWzWPgIwOSg,ಸಂಪತ್ತನ್ನು ಹೇಗೆ ಗಳಿಸಿದರೆ ನಾವು ಶ್ರೀಮಂತರಾಗಲು ಸಾಧ್ಯವಾಗುತ್ತದೆ?,ಪೂಜ್ಯರ ಪ್ರವಚನದ ಪುಸ್ತಕಗಳು ಈಗ Amazon & Website ನಲ್ಲಿ ಲಭ್ಯವಿರುತ್ತವೆ. ತಾವು ಕೆಳಗಡೆ ಕೊಟ್ಟಿರುವ ಲಿಂಕ್ ಮುಖಾಂತರ ಖರೀದಿಸಬಹದು Amazon : https://amzn.in/d/98q8EXK Website : https://www.jnanayogashrama.org/books_kannada.php,17:30,public,12/12/2025,,43.84775085604539,25109,380,38,2,21,-,0
dYkJzNsyVoM,ಜೀವನದಲ್ಲಿ ಆನಂದವನ್ನು ಗಳಿಸಬೇಕಾದರೆ ಏನು ಮಾಡಬೇಕು?,ಪೂಜ್ಯರ ಪ್ರವಚನದ ಪುಸ್ತಕಗಳು ಈಗ Amazon & Website ನಲ್ಲಿ ಲಭ್ಯವಿರುತ್ತವೆ. ತಾವು ಕೆಳಗಡೆ ಕೊಟ್ಟಿರುವ ಲಿಂಕ್ ಮುಖಾಂತರ ಖರೀದಿಸಬಹದು Amazon : https://amzn.in/d/98q8EXK Website : https://www.jnanayogashrama.org/books_kannada.php,21:07,public,12/10/2025,,44.35574431783636,28236,419,35,2,21,-,0
8eBn96l76gs,ಮನುಷ್ಯನ ಬಡತನದ ನಿವಾರಣೆಗಾಗಿ ಪಾತಂಜಲನ ಸೂತ್ರಗಳು,ಪೂಜ್ಯರ ಪ್ರವಚನದ ಪುಸ್ತಕಗಳು ಈಗ Amazon & Website ನಲ್ಲಿ ಲಭ್ಯವಿರುತ್ತವೆ. ತಾವು ಕೆಳಗಡೆ ಕೊಟ್ಟಿರುವ ಲಿಂಕ್ ಮುಖಾಂತರ ಖರೀದಿಸಬಹದು Amazon : https://amzn.in/d/98q8EXK Website : https://www.jnanayogashrama.org/books_kannada.php,24:13,public,12/6/2025,,49.206638018143934,86608,1K,52,2,21,-,0
_P62JGJeAdE,ಯಾವ ಕೆಲಸಗಳನ್ನು ಮಾಡಿದರೆ ನಮ್ಮ ಮನೆ ಸಂತೋಷದ ನಿಲಯವಾಗುತ್ತದೆ?,ಪೂಜ್ಯರ ಪ್ರವಚನದ ಪುಸ್ತಕಗಳು ಈಗ Amazon & Website ನಲ್ಲಿ ಲಭ್ಯವಿರುತ್ತವೆ. ತಾವು ಕೆಳಗಡೆ ಕೊಟ್ಟಿರುವ ಲಿಂಕ್ ಮುಖಾಂತರ ಖರೀದಿಸಬಹದು Amazon : https://amzn.in/d/98q8EXK Website : https://www.jnanayogashrama.org/books_kannada.php,14:59,public,12/3/2025,,42.05825094883255,16606,305,30,2,21,-,0
9CXtDN7Gt84,ಬೆಳಿಗ್ಗೆ ಎದ್ದು ಕೂಡಲೇ ಯಾವ ಮಂತ್ರವನ್ನು ನೆನಪು ಮಾಡಿಕೊಳ್ಳಬೇಕು?,ಪೂಜ್ಯರ ಪ್ರವಚನದ ಪುಸ್ತಕಗಳು ಈಗ Amazon & Website ನಲ್ಲಿ ಲಭ್ಯವಿರುತ್ತವೆ. ತಾವು ಕೆಳಗಡೆ ಕೊಟ್ಟಿರುವ ಲಿಂಕ್ ಮುಖಾಂತರ ಖರೀದಿಸಬಹದು Amazon : https://amzn.in/d/98q8EXK Website : https://www.jnanayogashrama.org/books_kannada.php,14:07,public,12/1/2025,,48.5622302118075,74627,956,80,2,21,-,0
KwM2kei0F48,ಕಣ್ಣು ಬಿಟ್ಟಲ್ಲೆಲ್ಲಾ ದೇವರನ್ನು ಕಾಣುವುದು ಹೇಗೆ?,ಪೂಜ್ಯರ ಪ್ರವಚನದ ಪುಸ್ತಕಗಳು ಈಗ Amazon & Website ನಲ್ಲಿ ಲಭ್ಯವಿರುತ್ತವೆ. ತಾವು ಕೆಳಗಡೆ ಕೊಟ್ಟಿರುವ ಲಿಂಕ್ ಮುಖಾಂತರ ಖರೀದಿಸಬಹದು Amazon : https://amzn.in/d/98q8EXK Website : https://www.jnanayogashrama.org/books_kannada.php,27:41,public,11/28/2025,,47.309358599524174,55870,870,58,2,21,-,0
WV_0UaJlHjM,ಪ್ರೀತಿಸಿದರೆ ಇದನ್ನೇ ಏಕೆ ಪ್ರೀತಿಸಬೇಕು?,ಪೂಜ್ಯರ ಪ್ರವಚನದ ಪುಸ್ತಕಗಳು ಈಗ Amazon & Website ನಲ್ಲಿ ಲಭ್ಯವಿರುತ್ತವೆ. ತಾವು ಕೆಳಗಡೆ ಕೊಟ್ಟಿರುವ ಲಿಂಕ್ ಮುಖಾಂತರ ಖರೀದಿಸಬಹದು Amazon : https://amzn.in/d/98q8EXK Website : https://www.jnanayogashrama.org/books_kannada.php,28:13,public,11/26/2025,,43.96558583306495,25802,429,30,2,21,-,0
BPgRugg89t0,ನಮ್ಮ ಜೀವನ ಪ್ರತಿದಿನ ಎಲ್ಲಿಂದ ಪ್ರಾರಂಭವಾಗಬೇಕು?,ಪೂಜ್ಯರ ಪ್ರವಚನದ ಪುಸ್ತಕಗಳು ಈಗ Amazon & Website ನಲ್ಲಿ ಲಭ್ಯವಿರುತ್ತವೆ. ತಾವು ಕೆಳಗಡೆ ಕೊಟ್ಟಿರುವ ಲಿಂಕ್ ಮುಖಾಂತರ ಖರೀದಿಸಬಹದು Amazon : https://amzn.in/d/98q8EXK Website : https://www.jnanayogashrama.org/books_kannada.php,17:34,public,11/24/2025,,45.5876159655298,37533,496,44,2,21,-,0
TmKVpr5STzc,ಬದುಕಿನಲ್ಲಿ ಶಾಂತಿ ಉಂಟಾಗಬೇಕಾದರೆ ತನ್ಮಯತೆ ಎಂಬುದು ಹೇಗಿರಬೇಕು?,ಪೂಜ್ಯರ ಪ್ರವಚನದ ಪುಸ್ತಕಗಳು ಈಗ Amazon & Website ನಲ್ಲಿ ಲಭ್ಯವಿರುತ್ತವೆ. ತಾವು ಕೆಳಗಡೆ ಕೊಟ್ಟಿರುವ ಲಿಂಕ್ ಮುಖಾಂತರ ಖರೀದಿಸಬಹದು Amazon : https://amzn.in/d/98q8EXK Website : https://www.jnanayogashrama.org/books_kannada.php,18:44,public,11/22/2025,,41.323434691564046,14013,271,32,2,21,-,0
mxEd-ro_OAo,ಯಾರ ಮಾತನ್ನು ಪಾಲಿಸದರೆ ನಾವು ಅಂದುಕೊಂಡಿರುವ ಗುರಿಯನ್ನು ಮುಟ್ಟಬಹುದು?,ಪೂಜ್ಯರ ಪ್ರವಚನದ ಪುಸ್ತಕಗಳು ಈಗ Amazon & Website ನಲ್ಲಿ ಲಭ್ಯವಿರುತ್ತವೆ. ತಾವು ಕೆಳಗಡೆ ಕೊಟ್ಟಿರುವ ಲಿಂಕ್ ಮುಖಾಂತರ ಖರೀದಿಸಬಹದು Amazon : https://amzn.in/d/98q8EXK Website : https://www.jnanayogashrama.org/books_kannada.php,25:01,public,11/19/2025,,53.54925981116264,236217,2K,91,2,21,-,0
Dxb89MRBR2g,ನಾವು ಎಲ್ಲದರಲ್ಲೂ ಸಣ್ಣವರೆಂದು ಏಕೆ ತಿಳಿದುಕೊಳ್ಳಬಾರದು?,ಪೂಜ್ಯರ ಪ್ರವಚನದ ಪುಸ್ತಕಗಳು ಈಗ Amazon & Website ನಲ್ಲಿ ಲಭ್ಯವಿರುತ್ತವೆ. ತಾವು ಕೆಳಗಡೆ ಕೊಟ್ಟಿರುವ ಲಿಂಕ್ ಮುಖಾಂತರ ಖರೀದಿಸಬಹದು Amazon : https://amzn.in/d/98q8EXK Website : https://www.jnanayogashrama.org/books_kannada.php,19:38,public,11/17/2025,,44.840444746484536,31582,492,36,2,21,-,0
aV_UJW5Ehwc,ನಾವು ಕೆಲಸವನ್ನು ಹೇಗೆ ಮಾಡಿದರೆ ಮಾತ್ರ ಜೀವನದ ಸೊಬಗು ಹೆಚ್ಚುತ್ತದೆ?,ಪೂಜ್ಯರ ಪ್ರವಚನದ ಪುಸ್ತಕಗಳು ಈಗ Amazon & Website ನಲ್ಲಿ ಲಭ್ಯವಿರುತ್ತವೆ. ತಾವು ಕೆಳಗಡೆ ಕೊಟ್ಟಿರುವ ಲಿಂಕ್ ಮುಖಾಂತರ ಖರೀದಿಸಬಹದು Amazon : https://amzn.in/d/98q8EXK Website : https://www.jnanayogashrama.org/books_kannada.php,20:49,public,11/15/2025,,43.224192959744016,21740,366,27,2,21,-,0
FG3RYFiApzE,ಎಂತಹ ಧ್ಯಾನ ಮಾಡಿದರೆ ನಮ್ಮ ಜೀವನ ಅರಳುತ್ತದೆ?,ಪೂಜ್ಯರ ಪ್ರವಚನದ ಪುಸ್ತಕಗಳು ಈಗ Amazon & Website ನಲ್ಲಿ ಲಭ್ಯವಿರುತ್ತವೆ. ತಾವು ಕೆಳಗಡೆ ಕೊಟ್ಟಿರುವ ಲಿಂಕ್ ಮುಖಾಂತರ ಖರೀದಿಸಬಹದು Amazon : https://amzn.in/d/98q8EXK Website : https://www.jnanayogashrama.org/books_kannada.php,20:24,public,11/12/2025,,46.85790886624706,50336,711,53,2,21,-,0
k54mcRK4WUU,ನಾವು ಹೋಗುವ ದಾರಿಯಲ್ಲಿ ಕಷ್ಟಗಳು ಬಾರದ ಹಾಗೆ ಮಾಡುವುದು ಹೇಗೆ?,ಪೂಜ್ಯರ ಪ್ರವಚನದ ಪುಸ್ತಕಗಳು ಈಗ Amazon & Website ನಲ್ಲಿ ಲಭ್ಯವಿರುತ್ತವೆ. ತಾವು ಕೆಳಗಡೆ ಕೊಟ್ಟಿರುವ ಲಿಂಕ್ ಮುಖಾಂತರ ಖರೀದಿಸಬಹದು Amazon : https://amzn.in/d/98q8EXK Website : https://www.jnanayogashrama.org/books_kannada.php,17:21,public,11/10/2025,,44.41451059606528,28622,489,31,2,21,-,0
MluLa7lWCtI,ಪರಮಾತ್ಮನಿಗೆ ಇಷ್ಟವಾಗಬೇಕಾದರೆ ನಾವು ಹೇಗೆ ಬದುಕಬೇಕು?,ಪೂಜ್ಯರ ಪ್ರವಚನದ ಪುಸ್ತಕಗಳು ಈಗ Amazon & Website ನಲ್ಲಿ ಲಭ್ಯವಿರುತ್ತವೆ. ತಾವು ಕೆಳಗಡೆ ಕೊಟ್ಟಿರುವ ಲಿಂಕ್ ಮುಖಾಂತರ ಖರೀದಿಸಬಹದು Amazon : https://amzn.in/d/98q8EXK Website : https://www.jnanayogashrama.org/books_kannada.php,21:10,public,11/8/2025,,47.47263882981586,58018,823,47,2,21,-,0
JDV94QHzrP4,ಯಾವುದನ್ನು ತಿಳಿದುಕೊಂಡರೆ ಇದೇ ಕ್ಷಣದಲ್ಲಿ ಆನಂದವನ್ನು ಅನುಭವಿಸಬಹುದು?,ಪೂಜ್ಯರ ಪ್ರವಚನದ ಪುಸ್ತಕಗಳು ಈಗ Amazon & Website ನಲ್ಲಿ ಲಭ್ಯವಿರುತ್ತವೆ. ತಾವು ಕೆಳಗಡೆ ಕೊಟ್ಟಿರುವ ಲಿಂಕ್ ಮುಖಾಂತರ ಖರೀದಿಸಬಹದು Amazon : https://amzn.in/d/98q8EXK Website : https://www.jnanayogashrama.org/books_kannada.php,24:58,public,11/5/2025,,43.87233010728897,25252,468,30,2,21,-,0
AKs0t3ZO_dQ,ಜಗತ್ತನ್ನು ಹೇಗೆ ನೋಡಿದರೆ ದೇವರಲ್ಲಿ ಭಕ್ತಿ ಉಂಟಾಗುತ್ತದೆ?,ಪೂಜ್ಯರ ಪ್ರವಚನದ ಪುಸ್ತಕಗಳು ಈಗ Amazon & Website ನಲ್ಲಿ ಲಭ್ಯವಿರುತ್ತವೆ. ತಾವು ಕೆಳಗಡೆ ಕೊಟ್ಟಿರುವ ಲಿಂಕ್ ಮುಖಾಂತರ ಖರೀದಿಸಬಹದು Amazon : https://amzn.in/d/98q8EXK Website : https://www.jnanayogashrama.org/books_kannada.php,24:17,public,11/3/2025,,41.53499976548327,14715,291,22,2,21,-,0
cRwwastdoaA,ಜಗತ್ತಿನಲ್ಲಿ ನಾವು ಹೇಗೆ ಬದುಕಬೇಕು?,,01:06,public,11/3/2025,,39.63201403135687,9480,291,9,0,0,-,0
6jWSKsbqhns,ನಿಜವಾಗಲೂ ನಾವು ಯಾರು ಎಂದು ತಿಳಿದುಕೊಳ್ಳುವುದು ಹೇಗೆ?,ಪೂಜ್ಯರ ಪ್ರವಚನದ ಪುಸ್ತಕಗಳು ಈಗ Amazon & Website ನಲ್ಲಿ ಲಭ್ಯವಿರುತ್ತವೆ. ತಾವು ಕೆಳಗಡೆ ಕೊಟ್ಟಿರುವ ಲಿಂಕ್ ಮುಖಾಂತರ ಖರೀದಿಸಬಹದು Amazon : https://amzn.in/d/98q8EXK Website : https://www.jnanayogashrama.org/books_kannada.php,14:49,public,11/1/2025,,47.095707083890304,53179,1.1K,51,2,21,-,0
mLSU4rZbEKM,ನಮ್ಮಲ್ಲಿ ದೇವರ ಮೇಲಿರುವ ಭಕ್ತಿ ಏಕೆ ಒಡೆದು ಹೋಗುತ್ತಿದೆ?,ಪೂಜ್ಯರ ಪ್ರವಚನದ ಪುಸ್ತಕಗಳು ಈಗ Amazon & Website ನಲ್ಲಿ ಲಭ್ಯವಿರುತ್ತವೆ. ತಾವು ಕೆಳಗಡೆ ಕೊಟ್ಟಿರುವ ಲಿಂಕ್ ಮುಖಾಂತರ ಖರೀದಿಸಬಹದು Amazon : https://amzn.in/d/98q8EXK Website : https://www.jnanayogashrama.org/books_kannada.php,16:46,public,10/31/2025,,41.79802840159563,15637,324,24,2,21,-,0
qOwIRUi4xTs,ಎಂತಹದೇ ದುಃಖ ಬಂದರು  ಹೋಗಲಾಡಿಸುವ ಶಕ್ತಿ ಯಾವುದಕ್ಕಿದೆ?,ಪೂಜ್ಯರ ಪ್ರವಚನದ ಪುಸ್ತಕಗಳು ಈಗ Amazon & Website ನಲ್ಲಿ ಲಭ್ಯವಿರುತ್ತವೆ. ತಾವು ಕೆಳಗಡೆ ಕೊಟ್ಟಿರುವ ಲಿಂಕ್ ಮುಖಾಂತರ ಖರೀದಿಸಬಹದು Amazon : https://amzn.in/d/98q8EXK Website : https://www.jnanayogashrama.org/books_kannada.php,17:28,public,10/29/2025,,56.11991297435668,427818,4.1K,172,2,21,-,0
BuSHyBdx8F0,ನಮ್ಮ ಭಾವನೆಗಳು ಹೇಗಿದ್ದರೆ ನಮ್ಮ ಬದುಕು ಶ್ರೀಮಂತ ಆಗುವುದು?,ಪೂಜ್ಯರ ಪ್ರವಚನದ ಪುಸ್ತಕಗಳು ಈಗ Amazon & Website ನಲ್ಲಿ ಲಭ್ಯವಿರುತ್ತವೆ. ತಾವು ಕೆಳಗಡೆ ಕೊಟ್ಟಿರುವ ಲಿಂಕ್ ಮುಖಾಂತರ ಖರೀದಿಸಬಹದು Amazon : https://amzn.in/d/98q8EXK Website : https://www.jnanayogashrama.org/books_kannada.php,24:27,public,10/27/2025,,42.96092091078048,20457,452,30,2,21,-,0
9PHbJVjwVgw,ನಮ್ಮ ಮನಸ್ಸು ಹೇಗಿದ್ದರೆ ಮಾತ್ರ ನಮಗೆ ಸತ್ಯದ ದರ್ಶನ ಆಗುತ್ತದೆ?,ಪೂಜ್ಯರ ಪ್ರವಚನದ ಪುಸ್ತಕಗಳು ಈಗ Amazon & Website ನಲ್ಲಿ ಲಭ್ಯವಿರುತ್ತವೆ. ತಾವು ಕೆಳಗಡೆ ಕೊಟ್ಟಿರುವ ಲಿಂಕ್ ಮುಖಾಂತರ ಖರೀದಿಸಬಹದು Amazon : https://amzn.in/d/98q8EXK Website : https://www.jnanayogashrama.org/books_kannada.php,20:25,public,10/25/2025,,44.61022706766795,29946,614,37,2,21,-,0
Hx1SBA9A0dg,ಈ ಜಗತ್ತಿನಲ್ಲಿ ನಿಜವಾದ ಮಹಾತ್ಮರು ಎಂದರೆ ಯಾರು?,ಪೂಜ್ಯರ ಪ್ರವಚನದ ಪುಸ್ತಕಗಳು ಈಗ Amazon & Website ನಲ್ಲಿ ಲಭ್ಯವಿರುತ್ತವೆ. ತಾವು ಕೆಳಗಡೆ ಕೊಟ್ಟಿರುವ ಲಿಂಕ್ ಮುಖಾಂತರ ಖರೀದಿಸಬಹದು Amazon : https://amzn.in/d/98q8EXK Website : https://www.jnanayogashrama.org/books_kannada.php,19:18,public,10/24/2025,,45.53797795976595,37105,476,34,2,21,-,0
s9MrdlgyBvo,ಏನು ಮಾಡಿದರೆ ನಾವು ಚೆನ್ನಾಗಿ ಬದುಕಲು ಸಾಧ್ಯವಾಗುತ್ತದೆ?,ಪೂಜ್ಯರ ಪ್ರವಚನದ ಪುಸ್ತಕಗಳು ಈಗ Amazon & Website ನಲ್ಲಿ ಲಭ್ಯವಿರುತ್ತವೆ. ತಾವು ಕೆಳಗಡೆ ಕೊಟ್ಟಿರುವ ಲಿಂಕ್ ಮುಖಾಂತರ ಖರೀದಿಸಬಹದು Amazon : https://amzn.in/d/98q8EXK Website : https://www.jnanayogashrama.org/books_kannada.php,17:23,public,10/22/2025,,44.40679173537387,28571,457,25,2,21,-,0
ArljKyQ39g0,ಜೀವನದಲ್ಲಿ ಶ್ರದ್ಧೆ ಎಂಬುದು ಹೇಗಿರಬೇಕು?,ಪೂಜ್ಯರ ಪ್ರವಚನದ ಪುಸ್ತಕಗಳು ಈಗ Amazon & Website ನಲ್ಲಿ ಲಭ್ಯವಿರುತ್ತವೆ. ತಾವು ಕೆಳಗಡೆ ಕೊಟ್ಟಿರುವ ಲಿಂಕ್ ಮುಖಾಂತರ ಖರೀದಿಸಬಹದು Amazon : https://amzn.in/d/98q8EXK Website : https://www.jnanayogashrama.org/books_kannada.php,20:34,public,10/21/2025,,42.31527015313802,17622,379,31,2,21,-,0
ClBlYnOoPkI,ದೇವರು ಕೊಟ್ಟ ಪ್ರಸಾದವನ್ನು  ನಾವು ಹೇಗೆ ಸ್ವೀಕರಿಸಬೇಕು?,ಪೂಜ್ಯರ ಪ್ರವಚನದ ಪುಸ್ತಕಗಳು ಈಗ Amazon & Website ನಲ್ಲಿ ಲಭ್ಯವಿರುತ್ತವೆ. ತಾವು ಕೆಳಗಡೆ ಕೊಟ್ಟಿರುವ ಲಿಂಕ್ ಮುಖಾಂತರ ಖರೀದಿಸಬಹದು Amazon : https://amzn.in/d/98q8EXK Website : https://www.jnanayogashrama.org/books_kannada.php,22:41,public,10/19/2025,,45.98591960756437,41151,616,39,2,21,-,0
HjeycGhE8UA,ಪೂಜ್ಯ ಶ್ರೀ ಮಲ್ಲಿಕಾರ್ಜುನ ಮಹಾಶಿವಯೋಗಿಗಳವರ 123ನೇ ಜಯಂತ್ಯೋತ್ಸವ- ಭಜನೆ ಹಾಗೂ ಪಲ್ಲಕ್ಕಿ ಉತ್ಸವ (16-10-2025),,02:11,public,10/19/2025,,46.95054680489898,51425,870,17,0,0,-,0
SyOJ323RQJM,ಮನಸ್ಸು ಮೋಹಕ್ಕೆ ಒಳಗಾಗದ ಹಾಗೆ ಮಾಡುವುದು ಹೇಗೆ?,ಪೂಜ್ಯರ ಪ್ರವಚನದ ಪುಸ್ತಕಗಳು ಈಗ Amazon & Website ನಲ್ಲಿ ಲಭ್ಯವಿರುತ್ತವೆ. ತಾವು ಕೆಳಗಡೆ ಕೊಟ್ಟಿರುವ ಲಿಂಕ್ ಮುಖಾಂತರ ಖರೀದಿಸಬಹದು Amazon : https://amzn.in/d/98q8EXK Website : https://www.jnanayogashrama.org/books_kannada.php,30:51,public,10/17/2025,,49.07141877001639,83944,1.1K,52,2,21,-,0
MHiloTfrITE,ಪೂಜ್ಯ ಶ್ರೀ ಮಲ್ಲಿಕಾರ್ಜುನ ಮಹಾಶಿವ ಯೋಗಿಗಳವರ 123ನೇ ಜಯಂತ್ಯೋತ್ಸವ- ಧ್ವಜಾರೋಹಣ ಹಾಗೂ ಗದ್ದುಗೆಯ ಮಹಾಪೂಜೆ,,01:44,public,10/17/2025,,47.87225850341722,63630,978,8,0,0,-,0
8LEv56eB4Fo,ತ್ಯಾಗ ಅಂತ ಮಾಡಿದರೆ ಹೇಗೆ ಮಾಡಬೇಕು? ಮತ್ತು ಏನು ಮಾಡಬೇಕು?,ಪೂಜ್ಯರ ಪ್ರವಚನದ ಪುಸ್ತಕಗಳು ಈಗ Amazon & Website ನಲ್ಲಿ ಲಭ್ಯವಿರುತ್ತವೆ. ತಾವು ಕೆಳಗಡೆ ಕೊಟ್ಟಿರುವ ಲಿಂಕ್ ಮುಖಾಂತರ ಖರೀದಿಸಬಹದು Amazon : https://amzn.in/d/98q8EXK Website : https://www.jnanayogashrama.org/books_kannada.php,25:23,public,10/14/2025,,47.11722110842792,53444,792,41,2,21,-,0
9c23NYa0sNM,ಪ್ರಪಂಚದಲ್ಲಿರುವ ವಿಷಯಗಳು ನಮ್ಮಲ್ಲಿ ಹೇಗೆ ತುಂಬಿಕೊಂಡಿವೆ?,ಪೂಜ್ಯರ ಪ್ರವಚನದ ಪುಸ್ತಕಗಳು ಈಗ Amazon & Website ನಲ್ಲಿ ಲಭ್ಯವಿರುತ್ತವೆ. ತಾವು ಕೆಳಗಡೆ ಕೊಟ್ಟಿರುವ ಲಿಂಕ್ ಮುಖಾಂತರ ಖರೀದಿಸಬಹದು Amazon : https://amzn.in/d/98q8EXK Website : https://www.jnanayogashrama.org/books_kannada.php,25:00,public,10/11/2025,,45.586116622208216,37520,583,40,2,21,-,0
IzGnUDsUPaw,ನಮ್ಮ ಮನಸ್ಸಿನ ದೌರ್ಬಲ್ಯತೆಯನ್ನು ಹೋಗಲಾಡಿಸುವುದು ಹೇಗೆ?,ಪೂಜ್ಯರ ಪ್ರವಚನದ ಪುಸ್ತಕಗಳು ಈಗ Amazon & Website ನಲ್ಲಿ ಲಭ್ಯವಿರುತ್ತವೆ. ತಾವು ಕೆಳಗಡೆ ಕೊಟ್ಟಿರುವ ಲಿಂಕ್ ಮುಖಾಂತರ ಖರೀದಿಸಬಹದು Amazon : https://amzn.in/d/98q8EXK Website : https://www.jnanayogashrama.org/books_kannada.php,17:00,public,10/8/2025,,43.3111103653347,22181,479,29,2,21,-,0
OGSEhOkDsiI,ನಾವು ಮಾಡುವ ಪ್ರಪಂಚವು ಸತ್ಯವನ್ನು ಹೇಗೆ ಮರೆಮಾಚಿದೆ?,ಪೂಜ್ಯರ ಪ್ರವಚನದ ಪುಸ್ತಕಗಳು ಈಗ Amazon & Website ನಲ್ಲಿ ಲಭ್ಯವಿರುತ್ತವೆ. ತಾವು ಕೆಳಗಡೆ ಕೊಟ್ಟಿರುವ ಲಿಂಕ್ ಮುಖಾಂತರ ಖರೀದಿಸಬಹದು Amazon : https://amzn.in/d/98q8EXK Website : https://www.jnanayogashrama.org/books_kannada.php,26:05,public,10/6/2025,,43.50812254249312,23214,432,37,2,21,-,0
Ec9jOTa0wW8,ಯಾವುದನ್ನು ಕಲಿತರೆ ನಾವು ಸಂಸಾರವನ್ನು ಸುಲಭವಾಗಿ ಸಾಗಿಸಬಹುದು?,ಪೂಜ್ಯರ ಪ್ರವಚನದ ಪುಸ್ತಕಗಳು ಈಗ Amazon & Website ನಲ್ಲಿ ಲಭ್ಯವಿರುತ್ತವೆ. ತಾವು ಕೆಳಗಡೆ ಕೊಟ್ಟಿರುವ ಲಿಂಕ್ ಮುಖಾಂತರ ಖರೀದಿಸಬಹದು Amazon : https://amzn.in/d/98q8EXK Website : https://www.jnanayogashrama.org/books_kannada.php,25:33,public,10/4/2025,,50.78558982359767,124737,1.3K,49,2,21,-,0
zTnPbUdr0e0,ಈ ಜಗತ್ತಿನಲ್ಲಿ ಸಂತೋಷ ಎಂಬುದು ಎಲ್ಲಿದೆ?,ಪೂಜ್ಯರ ಪ್ರವಚನದ ಪುಸ್ತಕಗಳು ಈಗ Amazon & Website ನಲ್ಲಿ ಲಭ್ಯವಿರುತ್ತವೆ. ತಾವು ಕೆಳಗಡೆ ಕೊಟ್ಟಿರುವ ಲಿಂಕ್ ಮುಖಾಂತರ ಖರೀದಿಸಬಹದು Amazon : https://amzn.in/d/98q8EXK Website : https://www.jnanayogashrama.org/books_kannada.php,14:00,public,10/3/2025,,41.96711891088717,16260,341,23,2,21,-,0
uFdonkUuiAA,ಯಾವುದನ್ನು ತಲೆಯಿಂದ ತೆಗೆದು ಹಾಕಿದರೆ ನಾವು ದುಃಖದಿಂದ ಪಾರಾಗಬಹುದು?,ಪೂಜ್ಯರ ಪ್ರವಚನದ ಪುಸ್ತಕಗಳು ಈಗ Amazon & Website ನಲ್ಲಿ ಲಭ್ಯವಿರುತ್ತವೆ. ತಾವು ಕೆಳಗಡೆ ಕೊಟ್ಟಿರುವ ಲಿಂಕ್ ಮುಖಾಂತರ ಖರೀದಿಸಬಹದು Amazon : https://amzn.in/d/98q8EXK Website : https://www.jnanayogashrama.org/books_kannada.php,23:26,public,9/30/2025,,56.397636136291865,456170,3.7K,132,2,21,-,0
CU1NHLgmsbI,ಯಾವ ಕಾರಣಗಳಿಂದ ಮನುಷ್ಯನ ಮನಸ್ಸು ಮಲೀನವಾಗುತ್ತಿದೆ?,ಪೂಜ್ಯರ ಪ್ರವಚನದ ಪುಸ್ತಕಗಳು ಈಗ Amazon & Website ನಲ್ಲಿ ಲಭ್ಯವಿರುತ್ತವೆ. ತಾವು ಕೆಳಗಡೆ ಕೊಟ್ಟಿರುವ ಲಿಂಕ್ ಮುಖಾಂತರ ಖರೀದಿಸಬಹದು Amazon : https://amzn.in/d/98q8EXK Website : https://www.jnanayogashrama.org/books_kannada.php,21:20,public,9/28/2025,,43.27013572955548,21972,425,27,2,21,-,0
HzWuyDMAIEI,ವೈವಿಧ್ಯತೆಯಲ್ಲಿ ಆನಂದ ಪಡುವುದು ಹೇಗೆ?,ಪೂಜ್ಯರ ಪ್ರವಚನದ ಪುಸ್ತಕಗಳು ಈಗ Amazon & Website ನಲ್ಲಿ ಲಭ್ಯವಿರುತ್ತವೆ. ತಾವು ಕೆಳಗಡೆ ಕೊಟ್ಟಿರುವ ಲಿಂಕ್ ಮುಖಾಂತರ ಖರೀದಿಸಬಹದು Amazon : https://amzn.in/d/98q8EXK Website : https://www.jnanayogashrama.org/books_kannada.php,25:11,public,9/26/2025,,42.402797607704194,17982,336,24,2,21,-,0
icFiWNkDr3M,ನಮ್ಮಲ್ಲಿ ಎಂತಹ ಸಾಮರ್ಥ್ಯ ಇದೆ ಎಂದು ತಿಳಿದುಕೊಳ್ಳುವುದು ಹೇಗೆ?,ಪೂಜ್ಯರ ಪ್ರವಚನದ ಪುಸ್ತಕಗಳು ಈಗ Amazon & Website ನಲ್ಲಿ ಲಭ್ಯವಿರುತ್ತವೆ. ತಾವು ಕೆಳಗಡೆ ಕೊಟ್ಟಿರುವ ಲಿಂಕ್ ಮುಖಾಂತರ ಖರೀದಿಸಬಹದು Amazon : https://amzn.in/d/98q8EXK Website : https://www.jnanayogashrama.org/books_kannada.php,26:11,public,9/24/2025,,44.254789080061364,27585,519,27,2,21,-,0
yLRHu6T4NEg,ಜೀವನದಲ್ಲಿ ಬೀಳಿಸುವವರ ಮಧ್ಯೆ ಮನಸ್ಸನ್ನು ಸ್ಥಿರವಾಗಿ ನಿಲ್ಲಿಸುವುದು ಹೇಗೆ?,ಪೂಜ್ಯರ ಪ್ರವಚನದ ಪುಸ್ತಕಗಳು ಈಗ Amazon & Website ನಲ್ಲಿ ಲಭ್ಯವಿರುತ್ತವೆ. ತಾವು ಕೆಳಗಡೆ ಕೊಟ್ಟಿರುವ ಲಿಂಕ್ ಮುಖಾಂತರ ಖರೀದಿಸಬಹದು Amazon : https://amzn.in/d/98q8EXK Website : https://www.jnanayogashrama.org/books_kannada.php,22:14,public,9/22/2025,,42.97760274172625,20536,436,23,2,21,-,0
-vv-ftwqh7M,ಬದುಕು ಶಾಂತಿಯುತವಾಗಿ ನಡೆಯಬೇಕೆಂದರೆ ಏನು ಮಾಡಬೇಕು?,ಪೂಜ್ಯರ ಪ್ರವಚನದ ಪುಸ್ತಕಗಳು ಈಗ Amazon & Website ನಲ್ಲಿ ಲಭ್ಯವಿರುತ್ತವೆ. ತಾವು ಕೆಳಗಡೆ ಕೊಟ್ಟಿರುವ ಲಿಂಕ್ ಮುಖಾಂತರ ಖರೀದಿಸಬಹದು Amazon : https://amzn.in/d/98q8EXK Website : https://www.jnanayogashrama.org/books_kannada.php,18:21,public,9/21/2025,,44.894782290233024,31981,528,31,2,21,-,0
15XgA4K5BnQ,ಇದು ಇರುವತನಕ ನಮ್ಮ ಮನಸ್ಸಿಗೆ ಸಂತೋಷ ಸಿಗುವುದಿಲ್ಲ,ಪೂಜ್ಯರ ಪ್ರವಚನದ ಪುಸ್ತಕಗಳು ಈಗ Amazon & Website ನಲ್ಲಿ ಲಭ್ಯವಿರುತ್ತವೆ. ತಾವು ಕೆಳಗಡೆ ಕೊಟ್ಟಿರುವ ಲಿಂಕ್ ಮುಖಾಂತರ ಖರೀದಿಸಬಹದು Amazon : https://amzn.in/d/98q8EXK Website : https://www.jnanayogashrama.org/books_kannada.php,27:44,public,9/17/2025,,48.64989658806138,76154,1.1K,61,2,21,-,0
VpFYEfA6IlY,ದಾನ ಮಾಡುವಾಗ  ಹೇಗೆ ಮಾಡಿದರೆ ನಾವು ಶ್ರೀಮಂತರಾಗುತ್ತೇವೆ?,ಪೂಜ್ಯರ ಪ್ರವಚನದ ಪುಸ್ತಕಗಳು ಈಗ Amazon & Website ನಲ್ಲಿ ಲಭ್ಯವಿರುತ್ತವೆ. ತಾವು ಕೆಳಗಡೆ ಕೊಟ್ಟಿರುವ ಲಿಂಕ್ ಮುಖಾಂತರ ಖರೀದಿಸಬಹದು Amazon : https://amzn.in/d/98q8EXK Website : https://www.jnanayogashrama.org/books_kannada.php,19:46,public,9/15/2025,,45.5768784434123,37440,562,27,2,21,-,0
1-zE65K0Pe4,ನಾವು ಇರುವತನಕ ಮಸ್ತ್ ಆಗಿ ಇರುವುದು ಹೇಗೆ?,ಪೂಜ್ಯರ ಪ್ರವಚನದ ಪುಸ್ತಕಗಳು ಈಗ Amazon & Website ನಲ್ಲಿ ಲಭ್ಯವಿರುತ್ತವೆ. ತಾವು ಕೆಳಗಡೆ ಕೊಟ್ಟಿರುವ ಲಿಂಕ್ ಮುಖಾಂತರ ಖರೀದಿಸಬಹದು Amazon : https://amzn.in/d/98q8EXK Website : https://www.jnanayogashrama.org/books_kannada.php,18:11,public,9/13/2025,,49.532431554974465,93379,1.3K,54,2,21,-,0
exPihZr5OAQ,ಯಾವುದನ್ನು ಪ್ರತಿಯೊಬ್ಬರು ಬೆಳಿಗ್ಗೆ ಎದ್ದು ಕೂಡಲೇ ಮಾಡಬೇಕು?,ಪೂಜ್ಯರ ಪ್ರವಚನದ ಪುಸ್ತಕಗಳು ಈಗ Amazon & Website ನಲ್ಲಿ ಲಭ್ಯವಿರುತ್ತವೆ. ತಾವು ಕೆಳಗಡೆ ಕೊಟ್ಟಿರುವ ಲಿಂಕ್ ಮುಖಾಂತರ ಖರೀದಿಸಬಹದು Amazon : https://amzn.in/d/98q8EXK Website : https://www.jnanayogashrama.org/books_kannada.php,19:56,public,9/11/2025,,54.13172520086901,270245,2.5K,148,2,21,-,0
KjU8QVNrHOo,ಇದು ನಮ್ಮ ಹತ್ತಿರ ಇದ್ದರೆ ಶತ್ರು ಕೂಡಾ ಮಿತ್ರನಾಗುತ್ತಾನೆ,ಪೂಜ್ಯರ ಪ್ರವಚನದ ಪುಸ್ತಕಗಳು ಈಗ Amazon & Website ನಲ್ಲಿ ಲಭ್ಯವಿರುತ್ತವೆ. ತಾವು ಕೆಳಗಡೆ ಕೊಟ್ಟಿರುವ ಲಿಂಕ್ ಮುಖಾಂತರ ಖರೀದಿಸಬಹದು Amazon : https://amzn.in/d/98q8EXK Website : https://www.jnanayogashrama.org/books_kannada.php,34:50,public,9/9/2025,,52.184744417281536,172342,1.8K,83,2,21,-,0
WKt20sKKfsY,ಇದನ್ನು ತಿಳಿದುಕೊಂಡರೆ ಜೀವನ ಪೂರ್ತಿ ನೆಮ್ಮದಿಯಿಂದ ಇರಬಹುದು,ಪೂಜ್ಯರ ಪ್ರವಚನದ ಪುಸ್ತಕಗಳು ಈಗ Amazon & Website ನಲ್ಲಿ ಲಭ್ಯವಿರುತ್ತವೆ. ತಾವು ಕೆಳಗಡೆ ಕೊಟ್ಟಿರುವ ಲಿಂಕ್ ಮುಖಾಂತರ ಖರೀದಿಸಬಹದು Amazon : https://amzn.in/d/98q8EXK Website : https://www.jnanayogashrama.org/books_kannada.php,17:26,public,9/6/2025,,45.52992201340204,37036,621,27,2,21,-,0
PGhN_pev3Jw,ಜಗತ್ತಿನಲ್ಲಿ ನಿಜವಾಗಲೂ  ತಣ್ಣಗ ಇದ್ದವರು ಯಾರು?,ಪೂಜ್ಯರ ಪ್ರವಚನದ ಪುಸ್ತಕಗಳು ಈಗ Amazon & Website ನಲ್ಲಿ ಲಭ್ಯವಿರುತ್ತವೆ. ತಾವು ಕೆಳಗಡೆ ಕೊಟ್ಟಿರುವ ಲಿಂಕ್ ಮುಖಾಂತರ ಖರೀದಿಸಬಹದು Amazon : https://amzn.in/d/98q8EXK Website : https://www.jnanayogashrama.org/books_kannada.php,17:47,public,9/4/2025,,42.85533956550448,19964,418,26,2,21,-,0
6-uOt-gK5Z0,ನಮ್ಮ ಹತ್ತಿರ ಇರುವುದನ್ನೇ ಏನೆಂದು ಭಾವಿಸಿದರೆ ಆನಂದವಾಗಿ ಬದುಕಬಹುದು?,ಪೂಜ್ಯರ ಪ್ರವಚನದ ಪುಸ್ತಕಗಳು ಈಗ Amazon & Website ನಲ್ಲಿ ಲಭ್ಯವಿರುತ್ತವೆ. ತಾವು ಕೆಳಗಡೆ ಕೊಟ್ಟಿರುವ ಲಿಂಕ್ ಮುಖಾಂತರ ಖರೀದಿಸಬಹದು Amazon : https://amzn.in/d/98q8EXK Website : https://www.jnanayogashrama.org/books_kannada.php,12:18,public,9/3/2025,,40.0249734135367,10381,276,17,2,21,-,0
L-sqrcqy3fA,ನಮ್ಮ ಸಂತೋಷಕ್ಕಾಗಿ ನಾವು ಎಂತಹ ಕೆಲಸ ಮಾಡಬೇಕು?,ಪೂಜ್ಯರ ಪ್ರವಚನದ ಪುಸ್ತಕಗಳು ಈಗ Amazon & Website ನಲ್ಲಿ ಲಭ್ಯವಿರುತ್ತವೆ. ತಾವು ಕೆಳಗಡೆ ಕೊಟ್ಟಿರುವ ಲಿಂಕ್ ಮುಖಾಂತರ ಖರೀದಿಸಬಹದು Amazon : https://amzn.in/d/98q8EXK Website : https://www.jnanayogashrama.org/books_kannada.php,23:04,public,9/1/2025,,43.624378992165795,23846,468,27,2,21,-,0
uCAOCBkV4Xk,ಈ ಜಗತ್ತಿನಲ್ಲಿ ಯಾವುದು ಸ್ಥಿರವಿಲ್ಲ ಏಕೆ?,ಪೂಜ್ಯರ ಪ್ರವಚನದ ಪುಸ್ತಕಗಳು ಈಗ Amazon & Website ನಲ್ಲಿ ಲಭ್ಯವಿರುತ್ತವೆ. ತಾವು ಕೆಳಗಡೆ ಕೊಟ್ಟಿರುವ ಲಿಂಕ್ ಮುಖಾಂತರ ಖರೀದಿಸಬಹದು Amazon : https://amzn.in/d/98q8EXK Website : https://www.jnanayogashrama.org/books_kannada.php,21:08,public,8/29/2025,,45.69366354213356,38464,696,38,2,21,-,0
X5jF6k2m0RM,ಕುಟುಂಬದಲ್ಲಿ ಆತ್ಮೀಯತೆ ಮತ್ತು ಗೌರವ ಎಷ್ಟು ಅವಶ್ಯಕ?,ಪೂಜ್ಯರ ಪ್ರವಚನದ ಪುಸ್ತಕಗಳು ಈಗ Amazon & Website ನಲ್ಲಿ ಲಭ್ಯವಿರುತ್ತವೆ. ತಾವು ಕೆಳಗಡೆ ಕೊಟ್ಟಿರುವ ಲಿಂಕ್ ಮುಖಾಂತರ ಖರೀದಿಸಬಹದು Amazon : https://amzn.in/d/98q8EXK Website : https://www.jnanayogashrama.org/books_kannada.php,14:48,public,8/28/2025,,42.229194270488954,17275,360,21,2,21,-,0
XgZ7qerhHdw,ಮನಸ್ಸನ್ನು ಹೇಗೆ ಬಳಸಿದರೆ ನಾವು ಜೀವನದಲ್ಲಿ ಜಯಶಾಲಿ ಆಗುತ್ತೇವೆ?,ಪೂಜ್ಯರ ಪ್ರವಚನದ ಪುಸ್ತಕಗಳು ಈಗ Amazon & Website ನಲ್ಲಿ ಲಭ್ಯವಿರುತ್ತವೆ. ತಾವು ಕೆಳಗಡೆ ಕೊಟ್ಟಿರುವ ಲಿಂಕ್ ಮುಖಾಂತರ ಖರೀದಿಸಬಹದು Amazon : https://amzn.in/d/98q8EXK Website : https://www.jnanayogashrama.org/books_kannada.php,25:06,public,8/26/2025,,44.464275666285154,28953,558,33,2,21,-,2
YLfgybfzFWw,ಮನುಷ್ಯ ಏಕೆ ತನ್ನ ಇತಿ-ಮಿತಿಗಳನ್ನು ತಿಳಿದುಕೊಂಡು ಬದುಕಬೇಕು?,ಪೂಜ್ಯರ ಪ್ರವಚನದ ಪುಸ್ತಕಗಳು ಈಗ Amazon & Website ನಲ್ಲಿ ಲಭ್ಯವಿರುತ್ತವೆ. ತಾವು ಕೆಳಗಡೆ ಕೊಟ್ಟಿರುವ ಲಿಂಕ್ ಮುಖಾಂತರ ಖರೀದಿಸಬಹದು Amazon : https://amzn.in/d/98q8EXK Website : https://www.jnanayogashrama.org/books_kannada.php,21:05,public,8/23/2025,,42.95244983086792,20417,437,21,2,21,-,0
LBhVarbrPK4,ಮನುಷ್ಯನು ಏಕೆ ದುಃಖಕ್ಕೆ ಒಳಗಾಗುತ್ತಾನೆ?,ಪೂಜ್ಯರ ಪ್ರವಚನದ ಪುಸ್ತಕಗಳು ಈಗ Amazon & Website ನಲ್ಲಿ ಲಭ್ಯವಿರುತ್ತವೆ. ತಾವು ಕೆಳಗಡೆ ಕೊಟ್ಟಿರುವ ಲಿಂಕ್ ಮುಖಾಂತರ ಖರೀದಿಸಬಹದು Amazon : https://amzn.in/d/98q8EXK Website : https://www.jnanayogashrama.org/books_kannada.php,21:45,public,8/21/2025,,45.92128216460257,40541,749,38,2,21,-,0
X8CbpA9fGFA,ನಿಜವಾದ ಆನಂದ ಎಂಬುದು ಎಲ್ಲಿದೆ?,ಪೂಜ್ಯರ ಪ್ರವಚನದ ಪುಸ್ತಕಗಳು ಈಗ Amazon & Website ನಲ್ಲಿ ಲಭ್ಯವಿರುತ್ತವೆ. ತಾವು ಕೆಳಗಡೆ ಕೊಟ್ಟಿರುವ ಲಿಂಕ್ ಮುಖಾಂತರ ಖರೀದಿಸಬಹದು Amazon : https://amzn.in/d/98q8EXK Website : https://www.jnanayogashrama.org/books_kannada.php,16:49,public,8/19/2025,,42.1528618956241,16973,359,26,2,21,-,2
NI1FRqCz14c,ಜೀವನದಲ್ಲಿ ನಿರಾಶೆ ಎಂಬುದು ಏಕೆ ಇರಬಾರದು?,ಪೂಜ್ಯರ ಪ್ರವಚನದ ಪುಸ್ತಕಗಳು ಈಗ Amazon & Website ನಲ್ಲಿ ಲಭ್ಯವಿರುತ್ತವೆ. ತಾವು ಕೆಳಗಡೆ ಕೊಟ್ಟಿರುವ ಲಿಂಕ್ ಮುಖಾಂತರ ಖರೀದಿಸಬಹದು Amazon : https://amzn.in/d/98q8EXK Website : https://www.jnanayogashrama.org/books_kannada.php,26:01,public,8/17/2025,,46.319297899311906,44446,775,37,2,21,-,0
G7nOw1aFMXs,ನಾವು ಭಾರತೀಯರು,,00:52,public,8/14/2025,,42.335607669834836,17705,569,13,0,0,-,0
4nvvA_oFECU,ಆನಂದವಾಗಿ ಬದುಕುವುದು ಹೇಗೆ?,ಪೂಜ್ಯರ ಪ್ರವಚನದ ಪುಸ್ತಕಗಳು ಈಗ Amazon & Website ನಲ್ಲಿ ಲಭ್ಯವಿರುತ್ತವೆ. ತಾವು ಕೆಳಗಡೆ ಕೊಟ್ಟಿರುವ ಲಿಂಕ್ ಮುಖಾಂತರ ಖರೀದಿಸಬಹದು? Amazon : https://amzn.in/d/98q8EXK Website : https://www.jnanayogashrama.org/books_kannada.php,30:56,public,8/13/2025,,44.31694372176496,27984,524,30,2,21,-,1
6F6u2_7gi2w,ಮನಸ್ಸಿನ ಚಂಚಲತೆಯನ್ನು ತೆಗೆದು ಹಾಕುವುದು ಹೇಗೆ?,ಪೂಜ್ಯರ ಪ್ರವಚನದ ಪುಸ್ತಕಗಳು ಈಗ Amazon & Website ನಲ್ಲಿ ಲಭ್ಯವಿರುತ್ತವೆ. ತಾವು ಕೆಳಗಡೆ ಕೊಟ್ಟಿರುವ ಲಿಂಕ್ ಮುಖಾಂತರ ಖರೀದಿಸಬಹದು? Amazon : https://amzn.in/d/98q8EXK Website : https://www.jnanayogashrama.org/books_kannada.php,29:08,public,8/11/2025,,50.39666826456463,114017,1.5K,70,2,21,-,0
8GaFE_PCfr0,ನಮ್ಮ ಬದುಕು ಸಮಾಧಾನದಿಂದ ನಡೆಯಲು ಏನು ಮಾಡಬೇಕು?,ಪೂಜ್ಯರ ಪ್ರವಚನದ ಪುಸ್ತಕಗಳು ಈಗ Amazon & Website ನಲ್ಲಿ ಲಭ್ಯವಿರುತ್ತವೆ. ತಾವು ಕೆಳಗಡೆ ಕೊಟ್ಟಿರುವ ಲಿಂಕ್ ಮುಖಾಂತರ ಖರೀದಿಸಬಹದು? Amazon : https://amzn.in/d/98q8EXK Website : https://www.jnanayogashrama.org/books_kannada.php,31:06,public,8/9/2025,,52.78714923206231,198079,1.9K,94,2,21,-,0
RaxRUMtvKow,ನಮ್ಮ ಮನಸ್ಸು ಬೇರೆ ಕಡೆಗೆ ಹರಿಯದ ಹಾಗೆ ಮಾಡುವುದು ಹೇಗೆ?,ಪೂಜ್ಯರ ಪ್ರವಚನದ ಪುಸ್ತಕಗಳು ಈಗ Amazon & Website ನಲ್ಲಿ ಲಭ್ಯವಿರುತ್ತವೆ. ತಾವು ಕೆಳಗಡೆ ಕೊಟ್ಟಿರುವ ಲಿಂಕ್ ಮುಖಾಂತರ ಖರೀದಿಸಬಹದು? Amazon : https://amzn.in/d/98q8EXK Website : https://www.jnanayogashrama.org/books_kannada.php,25:02,public,8/6/2025,,46.782361369596,49465,872,48,2,21,-,0
AP1jXfly19E,ಮಾತು ಎಂಬ ಸಂಪತ್ತನ್ನು ಬಳಸಿ ಶ್ರೀಮಂತರಾಗುವುದು ಹೇಗೆ?,ಪೂಜ್ಯರ ಪ್ರವಚನದ ಪುಸ್ತಕಗಳು ಈಗ Amazon & Website ನಲ್ಲಿ ಲಭ್ಯವಿರುತ್ತವೆ. ತಾವು ಕೆಳಗಡೆ ಕೊಟ್ಟಿರುವ ಲಿಂಕ್ ಮುಖಾಂತರ ಖರೀದಿಸಬಹದು? Amazon : https://amzn.in/d/98q8EXK Website : https://www.jnanayogashrama.org/books_kannada.php,19:07,public,8/4/2025,,44.154474721319566,26953,505,37,2,21,-,0
QuX59DyE18Q,ನಿಸರ್ಗದ ಉಪಕಾರವನ್ನು ನಾವೇಕೆ ಸ್ಮರಿಸಬೇಕು?,ಪೂಜ್ಯರ ಪ್ರವಚನದ ಪುಸ್ತಕಗಳು ಈಗ Amazon & Website ನಲ್ಲಿ ಲಭ್ಯವಿರುತ್ತವೆ. ತಾವು ಕೆಳಗಡೆ ಕೊಟ್ಟಿರುವ ಲಿಂಕ್ ಮುಖಾಂತರ ಖರೀದಿಸಬಹದು? Amazon : https://amzn.in/d/98q8EXK Website : https://www.jnanayogashrama.org/books_kannada.php,28:05,public,8/2/2025,,42.972541639856225,20512,448,31,2,21,-,2
jK1MlpFcB5A,ಜಗತ್ತಿನಲ್ಲಿ ಎಲ್ಲವೂ ಬೇರೆ-ಬೇರೆ ಏಕೆ ಇದೆ?,ಪೂಜ್ಯರ ಪ್ರವಚನದ ಪುಸ್ತಕಗಳು ಈಗ Amazon & Website ನಲ್ಲಿ ಲಭ್ಯವಿರುತ್ತವೆ. ತಾವು ಕೆಳಗಡೆ ಕೊಟ್ಟಿರುವ ಲಿಂಕ್ ಮುಖಾಂತರ ಖರೀದಿಸಬಹದು? Amazon : https://amzn.in/d/98q8EXK Website : https://www.jnanayogashrama.org/books_kannada.php,21:47,public,7/30/2025,,43.264419482860625,21943,451,22,2,21,-,0
lmNt97uqLv0,ನಮ್ಮ ಬಡತನ ನಿವಾರಣೆ ಆಗುವುದು ಯಾವಾಗ?,ಪೂಜ್ಯರ ಪ್ರವಚನದ ಪುಸ್ತಕಗಳು ಈಗ Amazon & Website ನಲ್ಲಿ ಲಭ್ಯವಿರುತ್ತವೆ. ತಾವು ಕೆಳಗಡೆ ಕೊಟ್ಟಿರುವ ಲಿಂಕ್ ಮುಖಾಂತರ ಖರೀದಿಸಬಹದು? Amazon : https://amzn.in/d/98q8EXK Website : https://www.jnanayogashrama.org/books_kannada.php,20:01,public,7/28/2025,,46.741835684982966,49004,710,34,2,21,-,1
18B0oXgMjjY,ಇನ್ನೊಬ್ಬರ ಜೀವನದಲ್ಲಿ ಹುಳಿ ಹಿಂಡಿದರೆ ಏನಾಗುತ್ತದೆ?,#siddheshwarswamiji   #jnanayogi  #kannadapravachan #motivationalvideo #SiritualTalks #https://amzn.eu/d/j5QXHyw #https://www.jnanayogashrama.org/mdsmall/mdsm_index.php #https://instagram.com/jnanayogashrama?igshid=ZDdkNTZiNTM= #https://www.facebook.com/jnanayogashrama?mibextid=ZbWKwL,24:05,public,7/26/2025,,47.12086383503275,53489,774,58,4,9,-,0
pE4DOxyVFz8,ಏನು ಮಾಡಿದರೆ ನಾವು ಮಾಡುವ ಊಟ ರುಚಿ-ರುಚಿಯಾಗಿ ಇರುತ್ತದೆ?,#siddheshwarswamiji   #jnanayogi  #kannadapravachan #motivationalvideo #SiritualTalks #https://amzn.eu/d/j5QXHyw #https://www.jnanayogashrama.org/mdsmall/mdsm_index.php #https://instagram.com/jnanayogashrama?igshid=ZDdkNTZiNTM= #https://www.facebook.com/jnanayogashrama?mibextid=ZbWKwL,24:00,public,7/23/2025,,46.29419898818803,44189,634,36,4,9,-,0
XPmkfBMMoAA,ನಮ್ಮ ಮನಸ್ಸನ್ನು ಹೇಗಿಟ್ಟುಕೊಂಡರೆ ಮನೆಯಲ್ಲಿ ಸುಖ-ನೆಮ್ಮದಿ ಕಾಣಬಹುದು?,#siddheshwarswamiji   #jnanayogi  #kannadapravachan #motivationalvideo #SiritualTalks #https://amzn.eu/d/j5QXHyw #https://www.jnanayogashrama.org/mdsmall/mdsm_index.php #https://instagram.com/jnanayogashrama?igshid=ZDdkNTZiNTM= #https://www.facebook.com/jnanayogashrama?mibextid=ZbWKwL,18:19,public,7/21/2025,,52.645178918342864,191687,1.9K,95,4,9,-,0
UsTWpL45wnA,ನಮ್ಮನ್ನು ಹೊಗಳುವವರು ಹಾಗೂ ತೆಗಳುವವರ ಮಧ್ಯೆ ಹೇಗೆ ಬದುಕಬೇಕು?,ಪೂಜ್ಯರ ಪ್ರವಚನದ ಪುಸ್ತಕಗಳು ಈಗ Amazon & Website ನಲ್ಲಿ ಲಭ್ಯವಿರುತ್ತವೆ. ತಾವು ಕೆಳಗಡೆ ಕೊಟ್ಟಿರುವ ಲಿಂಕ್ ಮುಖಾಂತರ ಖರೀದಿಸಬಹದು? Amazon : https://amzn.in/d/98q8EXK Website : https://www.jnanayogashrama.org/books_kannada.php,14:30,public,7/19/2025,,50.2110288631591,109230,1.4K,70,2,21,-,0
dg203xDvaqw,ಮಕ್ಕಳಲ್ಲಿ ಕಲಿಯಬೇಕೆಂಬ ಹಂಬಲ ಹೇಗಿರಬೇಕು?,#siddheshwarswamiji   #jnanayogi  #kannadapravachan #motivationalvideo #SiritualTalks #https://amzn.eu/d/j5QXHyw #https://www.jnanayogashrama.org/mdsmall/mdsm_index.php #https://instagram.com/jnanayogashrama?igshid=ZDdkNTZiNTM= #https://www.facebook.com/jnanayogashrama?mibextid=ZbWKwL,21:08,public,7/18/2025,,41.12013553494214,13370,361,18,4,9,-,2
f7es3lWA9A4,ನಿಸರ್ಗ ಕೊಟ್ಟ 4 ವಸ್ತುಗಳನ್ನು ಬಳಸಿಕೊಂಡು ಜೀವನವನ್ನು ಮಾಡುವುದು ಹೇಗೆ?,#siddheshwarswamiji   #jnanayogi  #kannadapravachan #motivationalvideo #SiritualTalks #https://amzn.eu/d/j5QXHyw #https://www.jnanayogashrama.org/mdsmall/mdsm_index.php #https://instagram.com/jnanayogashrama?igshid=ZDdkNTZiNTM= #https://www.facebook.com/jnanayogashrama?mibextid=ZbWKwL,17:18,public,7/16/2025,,41.04239710371894,13132,302,19,4,9,-,0
GtOhqZ9cEzo,ಏನೇ ಸಾಹಸ ಮಾಡಬೇಕಾದರೆ ಮೊದಲು ನಮ್ಮ ಹತ್ತಿರ ಏನಿರಬೇಕು?,#siddheshwarswamiji   #jnanayogi  #kannadapravachan #motivationalvideo #SiritualTalks #https://amzn.eu/d/j5QXHyw #https://www.jnanayogashrama.org/mdsmall/mdsm_index.php #https://instagram.com/jnanayogashrama?igshid=ZDdkNTZiNTM= #https://www.facebook.com/jnanayogashrama?mibextid=ZbWKwL,18:10,public,7/14/2025,,44.40057637940724,28530,568,28,4,9,-,0
vDXmB3GFwrk,ಹೇಗೆ ಕಲಿತರೆ ನಾವು ಜೀವನವನ್ನು ಆನಂದವಾಗಿ ಸಾಗಿಸಬಹುದು?,#siddheshwarswamiji   #jnanayogi  #kannadapravachan #motivationalvideo #SiritualTalks #https://amzn.eu/d/j5QXHyw #https://www.jnanayogashrama.org/mdsmall/mdsm_index.php #https://instagram.com/jnanayogashrama?igshid=ZDdkNTZiNTM= #https://www.facebook.com/jnanayogashrama?mibextid=ZbWKwL,26:51,public,7/12/2025,,46.72147402051382,48774,729,31,4,9,-,0
K--bM4QGqHY,(10-07-2025) ಭಜನ ವಂದನಾ -ಗುರುಪೂರ್ಣಿಮಾ ಮಹೋತ್ಸವ-2025,"Jnanayogashram, Vijayapur",02:02:14,public,7/11/2025,,36.667479156739404,4779,102,4,0,2,-,0
aAVfB5MH0K4,(10-07-2025)ಪ್ರಣವ ಮಂಟಪದ ಗದ್ದುಗೆಯ ಮಹಾಪೂಜೆ-ಗುರುಪೂರ್ಣಿಮಾ ಮಹೋತ್ಸವ-2025,"Jnanayogashram, Vijayapur",38:35,public,7/10/2025,,35.94041873291747,4040,99,13,0,2,-,0
KFh61wh8IMQ,(10-07-2025) ಮಹಾಜಪಯೋಗ-ಗುರುಪೂರ್ಣಿಮಾ ಮಹೋತ್ಸವ-2025,"Jnanayogashram, Vijayapur",02:59:40,public,7/10/2025,,38.94684181367485,8092,223,17,0,2,-,0
zuAAFhSQIBE,(10-07-2025) ಭಜನ ವಂದನಾ ಕಾರ್ಯಕ್ರಮ -ಗುರುಪೂರ್ಣಿಮಾ ಮಹೋತ್ಸವ-2025,"Jnanayogashram, Vijayapur",04:48:00,public,7/10/2025,,36.50225443749521,4600,86,2,0,2,-,0
TUEAu07F__g,(10-07-2025) ಭಜನ ವಂದನಾ  -ಗುರುಪೂರ್ಣಿಮಾ ಮಹೋತ್ಸವ-2025,"Jnanayogashram, Vijayapur",14:49,public,7/10/2025,,28.77737111180424,772,16,1,0,2,-,0
8D9LQNK-f30,09-07-2025 ಗುರುಪೂರ್ಣಿಮಾ ಮಹೋತ್ಸವದ ನಿಮಿತ್ಯ ಪೂಜ್ಯ ಶ್ರೀ ಮಲ್ಲಿಕಾರ್ಜುನ ಶಿವಯೋಗಿಗಳವರ ಧ್ವನಿ ಸುರುಳಿ ಪ್ರವಚನ,"Jnanayogashram, Vijayapur",02:02:08,public,7/10/2025,,35.80991381700771,3920,90,8,0,2,-,0
oZoW3WbYGz8,09-07-2025 ಗುರುಪೂರ್ಣಿಮಾ ಮಹೋತ್ಸವದ ನಿಮಿತ್ಯ ಪೂಜ್ಯ ಶ್ರೀ ಮಲ್ಲಿಕಾರ್ಜುನ ಶಿವಯೋಗಿಗಳವರ ಧ್ವನಿ ಸುರುಳಿ ಪ್ರವಚನ,"Jnanayogashram, Vijayapur",01:13:20,public,7/9/2025,,33.71700527329675,2417,92,13,0,2,-,2
Rp_JaecDxy4,08-07-2025 ಗುರುಪೂರ್ಣಿಮಾ ಮಹೋತ್ಸವದ ನಿಮಿತ್ಯ ಪೂಜ್ಯ ಶ್ರೀ ಮಲ್ಲಿಕಾರ್ಜುನ ಶಿವಯೋಗಿಗಳವರ ಧ್ವನಿ ಸುರುಳಿ ಪ್ರವಚನ,"Jnanayogashram, Vijayapur",50:54,public,7/9/2025,,31.04950227437174,1305,34,2,0,2,-,0
9w_6C0XIMyw,ಜೀವನದಲ್ಲಿ ನಡೆಯುವ ಪ್ರತಿಯೊಂದು ಘಟನೆಗೂ ನಮ್ಮ ಮನಸ್ಸೇ ಹೇಗೆ ಕಾರಣ?,#siddheshwarswamiji   #jnanayogi  #kannadapravachan #motivationalvideo #SiritualTalks #https://amzn.eu/d/j5QXHyw #https://www.jnanayogashrama.org/mdsmall/mdsm_index.php #https://instagram.com/jnanayogashrama?igshid=ZDdkNTZiNTM= #https://www.facebook.com/jnanayogashrama?mibextid=ZbWKwL,20:14,public,7/8/2025,,49.546314165181286,93679,1.2K,75,4,9,-,1
U56kBGYX9i4,08-07-2025 ಗುರುಪೂರ್ಣಿಮಾ ಮಹೋತ್ಸವದ ನಿಮಿತ್ಯ ಪೂಜ್ಯ ಶ್ರೀ ಮಲ್ಲಿಕಾರ್ಜುನ ಶಿವಯೋಗಿಗಳವರ ಧ್ವನಿ ಸುರುಳಿ ಪ್ರವಚನ,"Jnanayogashram, Vijayapur",01:17:46,public,7/8/2025,,32.66394639917536,1895,57,8,0,2,-,0
P2OhpC33MCU,07-07-2025 ಗುರುಪೂರ್ಣಿಮಾ ಮಹೋತ್ಸವದ ನಿಮಿತ್ಯ ಪೂಜ್ಯ ಶ್ರೀ ಮಲ್ಲಿಕಾರ್ಜುನ ಶಿವಯೋಗಿಗಳವರ ಧ್ವನಿ ಸುರುಳಿ ಪ್ರವಚನ,"Jnanayogashram, Vijayapur",01:15:27,public,7/7/2025,,31.484566753473594,1443,58,4,0,2,-,2
_l4tjcVqChA,06-07-2025 ಗುರುಪೂರ್ಣಿಮಾ ಮಹೋತ್ಸವದ ನಿಮಿತ್ಯ ಪೂಜ್ಯ ಶ್ರೀ ಮಲ್ಲಿಕಾರ್ಜುನ ಶಿವಯೋಗಿಗಳವರ ಧ್ವನಿ ಸುರುಳಿ ಪ್ರವಚನ,"Jnanayogashram, Vijayapur",01:23:35,public,7/7/2025,,31.052817544639296,1306,33,1,0,2,-,0
iSM2IXnI0fM,06-07-2025 ಗುರುಪೂರ್ಣಿಮಾ ಮಹೋತ್ಸವದ ನಿಮಿತ್ಯ ಪೂಜ್ಯ ಶ್ರೀ ಮಲ್ಲಿಕಾರ್ಜುನ ಶಿವಯೋಗಿಗಳವರ ಧ್ವನಿ ಸುರುಳಿ ಪ್ರವಚನ,"Jnanayogashram, Vijayapur",01:04:55,public,7/6/2025,,31.439340792087297,1428,51,4,0,2,-,0
kU8O_hafgxA,05-07-2025 ಗುರುಪೂರ್ಣಿಮಾ ಮಹೋತ್ಸವದ ನಿಮಿತ್ಯ ಪೂಜ್ಯ ಶ್ರೀ ಮಲ್ಲಿಕಾರ್ಜುನ ಶಿವಯೋಗಿಗಳವರ ಧ್ವನಿ ಸುರುಳಿ ಪ್ರವಚನ,"Jnanayogashram, Vijayapur",01:21:37,public,7/6/2025,,31.387506817791795,1411,38,4,0,2,-,2
zLOshWnSaxQ,05-07-2025 ಗುರುಪೂರ್ಣಿಮಾ ಮಹೋತ್ಸವದ ನಿಮಿತ್ಯ ಪೂಜ್ಯ ಶ್ರೀ ಮಲ್ಲಿಕಾರ್ಜುನ ಶಿವಯೋಗಿಗಳವರ ಧ್ವನಿ ಸುರುಳಿ ಪ್ರವಚನ,"Jnanayogashram, Vijayapur",01:10:34,public,7/5/2025,,33.5116531059501,2305,87,10,0,2,-,2
0sQ5HCOO4Fw,04-07-2025 ಗುರುಪೂರ್ಣಿಮಾ ಮಹೋತ್ಸವದ ನಿಮಿತ್ಯ ಪೂಜ್ಯ ಶ್ರೀ ಮಲ್ಲಿಕಾರ್ಜುನ ಶಿವಯೋಗಿಗಳವರ ಧ್ವನಿ ಸುರುಳಿ ಪ್ರವಚನ,"Jnanayogashram, Vijayapur",01:20:10,public,7/5/2025,,32.409971757124474,1787,59,2,0,2,-,0
9shug-IF4Ho,04-07-2025 ಗುರುಪೂರ್ಣಿಮಾ ಮಹೋತ್ಸವದ ನಿಮಿತ್ಯ ಪೂಜ್ಯ ಶ್ರೀ ಮಲ್ಲಿಕಾರ್ಜುನ ಶಿವಯೋಗಿಗಳವರ ಧ್ವನಿ ಸುರುಳಿ ಪ್ರವಚನ,"Jnanayogashram, Vijayapur",01:08:21,public,7/4/2025,,31.160820735972933,1339,48,5,0,2,-,0
3e9JQWFakwI,03-07-2025 ಗುರುಪೂರ್ಣಿಮಾ ಮಹೋತ್ಸವದ ನಿಮಿತ್ಯ ಪೂಜ್ಯ ಶ್ರೀ ಮಲ್ಲಿಕಾರ್ಜುನ ಶಿವಯೋಗಿಗಳವರ ಧ್ವನಿ ಸುರುಳಿ ಪ್ರವಚನ,"Jnanayogashram, Vijayapur",01:27:14,public,7/4/2025,,31.838605491873125,1566,56,2,0,2,-,0
fM04Rg4a5gU,03-07-2025 ಗುರುಪೂರ್ಣಿಮಾ ಮಹೋತ್ಸವದ ನಿಮಿತ್ಯ ಪೂಜ್ಯ ಶ್ರೀ ಮಲ್ಲಿಕಾರ್ಜುನ ಶಿವಯೋಗಿಗಳವರ ಧ್ವನಿ ಸುರುಳಿ ಪ್ರವಚನ,"Jnanayogashram, Vijayapur",01:08:26,public,7/3/2025,,32.48678948295446,1819,57,2,0,2,-,0
ft2Ot-b_k3I,03-07-2025 ಗುರುಪೂರ್ಣಿಮಾ ಮಹೋತ್ಸವದ ನಿಮಿತ್ಯ ವಿಶೇಷ ಕಾರ್ಯಕ್ರಮ (ಧರ್ಮ ಧ್ವಜಾರೋಹಣ),"Jnanayogashram, Vijayapur",16:49,public,7/3/2025,,35.19395709307519,3400,80,12,0,2,-,0
CgJ8BgGAXqU,ನಾವು ಭಕ್ತಿಯನ್ನು ಹೇಗೆ ಮಾಡಿದರೆ ಜೀವನದಲ್ಲಿ ಸಂತೋಷವಾಗಿರಬಹುದು?,#siddheshwarswamiji   #jnanayogi  #kannadapravachan #motivationalvideo #SiritualTalks #https://amzn.eu/d/j5QXHyw #https://www.jnanayogashrama.org/mdsmall/mdsm_index.php #https://instagram.com/jnanayogashrama?igshid=ZDdkNTZiNTM= #https://www.facebook.com/jnanayogashrama?mibextid=ZbWKwL,25:34,public,7/1/2025,,46.196531626845754,43203,636,35,4,9,-,1
UXQ_9CYj_HA,ಸದಾ ಮುಗುಳುನಗೆ ಕಾಪಾಡಿಕೊಂಡು ಬದುಕುವ ಕಲೆ ಯಾವುದು?,#siddheshwarswamiji   #jnanayogi  #kannadapravachan #motivationalvideo #SiritualTalks #https://amzn.eu/d/j5QXHyw #https://www.jnanayogashrama.org/mdsmall/mdsm_index.php #https://instagram.com/jnanayogashrama?igshid=ZDdkNTZiNTM= #https://www.facebook.com/jnanayogashrama?mibextid=ZbWKwL,15:35,public,6/29/2025,,53.091635814144084,212516,2.6K,117,4,9,-,0
j8K7G0WugBc,ನಮ್ಮ ಮನಸ್ಸಿಗೆ ಶಾಂತಿ ಸಿಗಬೇಕಾದರೆ ಏನು ಮಾಡಬೇಕು?,#siddheshwarswamiji   #jnanayogi  #kannadapravachan #motivationalvideo #SiritualTalks #https://amzn.eu/d/j5QXHyw #https://www.jnanayogashrama.org/mdsmall/mdsm_index.php #https://instagram.com/jnanayogashrama?igshid=ZDdkNTZiNTM= #https://www.facebook.com/jnanayogashrama?mibextid=ZbWKwL,19:43,public,6/27/2025,,46.47123655993171,46034,741,43,4,9,-,1
nQOGYptQbDk,ನಚಿಕೇತನನ್ನು ಆತನ ತಂದೆ ಯಮನಿಗೆ ಕೊಟ್ಟಿದ್ದು ಏಕೆ?,#siddheshwarswamiji   #jnanayogi  #kannadapravachan #motivationalvideo #SiritualTalks #https://amzn.eu/d/j5QXHyw #https://www.jnanayogashrama.org/mdsmall/mdsm_index.php #https://instagram.com/jnanayogashrama?igshid=ZDdkNTZiNTM= #https://www.facebook.com/jnanayogashrama?mibextid=ZbWKwL,18:21,public,6/25/2025,,43.20623821350435,21650,370,22,4,9,-,0
tnXdomLrtAA,ನಮ್ಮ ಆನಂದವನ್ನು ನಾವು ಎಲ್ಲಿ ಕಳೆದುಕೊಳ್ಳುತ್ತಿದ್ದೇವೆ?,#siddheshwarswamiji   #jnanayogi  #kannadapravachan #motivationalvideo #SiritualTalks #https://amzn.eu/d/j5QXHyw #https://www.jnanayogashrama.org/mdsmall/mdsm_index.php #https://instagram.com/jnanayogashrama?igshid=ZDdkNTZiNTM= #https://www.facebook.com/jnanayogashrama?mibextid=ZbWKwL,19:16,public,6/23/2025,,44.16954288474416,27047,549,33,4,9,-,0
th2P9LdM-4o,Live-ಅಂತರಾಷ್ಟ್ರೀಯ ಯೋಗ ದಿನಾಚರಣೆ-2025,21-06-2025,02:10:16,public,6/21/2025,,34.46502683259757,2873,68,3,0,1,-,2
O2b8HS-Wl8s,ಜೀವನದಲ್ಲಿ ತಾಳ್ಮೆ ಎಂಬುದು ಎಷ್ಟು ಅವಶ್ಯವಾದ ಸಂಗತಿ?,ಪೂಜ್ಯರ ಪ್ರವಚನದ ಪುಸ್ತಕಗಳು ಈಗ Amazon & Website ನಲ್ಲಿ ಲಭ್ಯವಿರುತ್ತವೆ. ತಾವು ಕೆಳಗಡೆ ಕೊಟ್ಟಿರುವ ಲಿಂಕ್ ಮುಖಾಂತರ ಖರೀದಿಸಬಹದು? Amazon : https://amzn.in/d/98q8EXK Website : https://www.jnanayogashrama.org/books_kannada.php,22:24,public,6/21/2025,,56.537737960816415,471178,4.6K,193,2,21,-,0
k3H4NHYYpZc,ಇರೋತನಕ ಏನು ಮಾಡಬೇಕು? #jnanayogi #kannadapravachan #motivationalvideo #live #siddheshwarswamiji,,01:32,public,6/20/2025,,41.73529941197865,15412,532,11,0,0,-,0
X5urd9wMf9Q,ಮನುಷ್ಯನಿಗೆ ಅನ್ನದ ಮಹತ್ವ ಗೊತ್ತಾಗುವುದು ಯಾವಾಗ?,ಪೂಜ್ಯರ ಪ್ರವಚನದ ಪುಸ್ತಕಗಳು ಈಗ Amazon & Website ನಲ್ಲಿ ಲಭ್ಯವಿರುತ್ತವೆ. ತಾವು ಕೆಳಗಡೆ ಕೊಟ್ಟಿರುವ ಲಿಂಕ್ ಮುಖಾಂತರ ಖರೀದಿಸಬಹದು Amazon : https://amzn.in/d/98q8EXK Website : https://www.jnanayogashrama.org/books_kannada.php,25:37,public,6/19/2025,,47.55334380041476,59110,823,43,2,21,-,0
zo4jgwhin_M,"ಗುರುಪೂರ್ಣಿಮಾ ಮಹೋತ್ಸವದ ಪೂರ್ವಭಾವಿ ಸಭೆ, ಜ್ಞಾನಯೋಗಾಶ್ರಮ ವಿಜಯಪುರ",,01:02:20,public,6/19/2025,,34.462012845621544,2871,102,14,0,0,-,2
rSwGhfJuM3I,ನಮ್ಮ ಹತ್ತಿರ ಏನೂ ಇಲ್ಲದಿದ್ದರೂ ಆನಂದವಾಗಿ ಇರುವುದು ಹೇಗೆ?,ಪೂಜ್ಯರ ಪ್ರವಚನದ ಪುಸ್ತಕಗಳು ಈಗ Amazon & Website ನಲ್ಲಿ ಲಭ್ಯವಿರುತ್ತವೆ. ತಾವು ಕೆಳಗಡೆ ಕೊಟ್ಟಿರುವ ಲಿಂಕ್ ಮುಖಾಂತರ ಖರೀದಿಸಬಹದು Amazon : https://amzn.in/d/98q8EXK Website : https://www.jnanayogashrama.org/books_kannada.php,27:02,public,6/17/2025,,48.1956803434482,68567,997,52,2,21,-,0
s8jkcUTD-No,ನಮ್ಮ ಮನಸ್ಸನ್ನು ಯಾವುದಕ್ಕೂ ಸೋಲದ ಹಾಗೆ ಮಾಡುವುದು ಹೇಗೆ?,#siddheshwarswamiji   #jnanayogi  #kannadapravachan #motivationalvideo #SiritualTalks #https://amzn.eu/d/j5QXHyw #https://www.jnanayogashrama.org/mdsmall/mdsm_index.php #https://instagram.com/jnanayogashrama?igshid=ZDdkNTZiNTM= #https://www.facebook.com/jnanayogashrama?mibextid=ZbWKwL,16:05,public,6/15/2025,,46.66547486182903,48147,769,26,4,9,-,0
vuaMWL3TjME,ದೇವರು ಕೊಟ್ಟ ದೇಹದ ಮೂರು ಭಾಗಗಳನ್ನು ಬಳಸಿ ಆನಂದವಾಗಿ ಬದುಕುವುದು ಹೇಗೆ?,#siddheshwarswamiji   #jnanayogi  #kannadapravachan #motivationalvideo #SiritualTalks #https://amzn.eu/d/j5QXHyw #https://www.jnanayogashrama.org/mdsmall/mdsm_index.php #https://instagram.com/jnanayogashrama?igshid=ZDdkNTZiNTM= #https://www.facebook.com/jnanayogashrama?mibextid=ZbWKwL,26:27,public,6/13/2025,,41.27435727110634,13855,293,17,4,9,-,0
UBkG4RNBB5g,ನಾವು ಜೀವನದಲ್ಲಿ ಯಾವ ಯಾವುದನ್ನು ಎಷ್ಟೆಷ್ಟು ಸಂಗ್ರಹಿಸಿಡಬೇಕು?,#siddheshwarswamiji   #jnanayogi  #kannadapravachan #motivationalvideo #SiritualTalks #https://amzn.eu/d/j5QXHyw #https://www.jnanayogashrama.org/mdsmall/mdsm_index.php #https://instagram.com/jnanayogashrama?igshid=ZDdkNTZiNTM= #https://www.facebook.com/jnanayogashrama?mibextid=ZbWKwL,14:54,public,6/12/2025,,41.26904347654976,13838,310,21,4,9,-,0
oZ_6wLFKhWc,ಯಾವುದನ್ನು ತಿಳಿದುಕೊಂಡರೆ ನಾವು ನಿಶ್ಚಿಂತವಾಗಿ ಬದುಕಬಹುದು?,ಪೂಜ್ಯರ ಪ್ರವಚನದ ಪುಸ್ತಕಗಳು ಈಗ Amazon & Website ನಲ್ಲಿ ಲಭ್ಯವಿರುತ್ತವೆ. ತಾವು ಕೆಳಗಡೆ ಕೊಟ್ಟಿರುವ ಲಿಂಕ್ ಮುಖಾಂತರ ಖರೀದಿಸಬಹದು? Amazon : https://amzn.in/d/98q8EXK Website : https://www.jnanayogashrama.org/books_kannada.php,21:29,public,6/9/2025,,51.29335575126832,140264,1.6K,94,2,21,-,0
kMGPhDzZ2ms,ಮನುಷ್ಯನ ಶ್ರೀಮಂತಿಕೆ ಎಂಬುದು ಯಾವುದರಲ್ಲಿ ಅಡಗಿದೆ?,#siddheshwarswamiji   #jnanayogi  #kannadapravachan #motivationalvideo #SiritualTalks #https://amzn.eu/d/j5QXHyw #https://www.jnanayogashrama.org/mdsmall/mdsm_index.php #https://instagram.com/jnanayogashrama?igshid=ZDdkNTZiNTM= #https://www.facebook.com/jnanayogashrama?mibextid=ZbWKwL,30:39,public,6/7/2025,,45.6752833184573,38301,595,31,4,9,-,1
6ibraDxQ6AI,ಇವೆಲ್ಲವೂ ಇದ್ದರೆ ಅದು ಮಾತ್ರ ನಿಜವಾದ ಧರ್ಮವಾಗುತ್ತದೆ?,#siddheshwarswamiji   #jnanayogi  #kannadapravachan #motivationalvideo #SiritualTalks #https://amzn.eu/d/j5QXHyw #https://www.jnanayogashrama.org/mdsmall/mdsm_index.php #https://instagram.com/jnanayogashrama?igshid=ZDdkNTZiNTM= #https://www.facebook.com/jnanayogashrama?mibextid=ZbWKwL,29:55,public,6/5/2025,,45.29360259788331,35068,554,33,4,9,-,0
O1XAIUng_nQ,ಏನು ಮಾಡಿದರೆ ದೇವರು ಇರುವನು ಅಥವಾ ಇಲ್ಲ ಎಂಬುದು ಗೊತ್ತಾಗುತ್ತದೆ?,#siddheshwarswamiji   #jnanayogi  #kannadapravachan #motivationalvideo #SiritualTalks #https://amzn.eu/d/j5QXHyw #https://www.jnanayogashrama.org/mdsmall/mdsm_index.php #https://instagram.com/jnanayogashrama?igshid=ZDdkNTZiNTM= #https://www.facebook.com/jnanayogashrama?mibextid=ZbWKwL,13:50,public,6/4/2025,,43.07512944098472,21004,441,27,4,9,-,2
Kr63UxGOGQE,ಈ ಜಗತ್ತಿನಲ್ಲಿ ನಾವು ಕೂಡಾ ಋಷಿಗಳ ಹಾಗೆ ಜೀವನ ಸಾಗಿಸಬಹುದು ಅದು ಹೇಗೆ?,#siddheshwarswamiji   #jnanayogi  #kannadapravachan #motivationalvideo #SiritualTalks #https://amzn.eu/d/j5QXHyw #https://www.jnanayogashrama.org/mdsmall/mdsm_index.php #https://instagram.com/jnanayogashrama?igshid=ZDdkNTZiNTM= #https://www.facebook.com/jnanayogashrama?mibextid=ZbWKwL,27:42,public,6/2/2025,,43.17755603274023,21507,432,23,4,9,-,0
7FpohgvY2H8,ಗಳಿಸಿರುವುದನ್ನು ಹೇಗೆ ಬಳಸಿದರೆ ನಮ್ಮ ಜೀವನ ಸುಂದರವಾಗುತ್ತದೆ?,ಪೂಜ್ಯರ ಪ್ರವಚನದ ಪುಸ್ತಕಗಳು ಈಗ Amazon & Website ನಲ್ಲಿ ಲಭ್ಯವಿರುತ್ತವೆ. ತಾವು ಕೆಳಗಡೆ ಕೊಟ್ಟಿರುವ ಲಿಂಕ್ ಮುಖಾಂತರ ಖರೀದಿಸಬಹದು? Amazon : https://amzn.in/d/98q8EXK Website : https://www.jnanayogashrama.org/books_kannada.php,30:48,public,5/31/2025,,51.6643365544419,152817,1.5K,69,2,21,-,0
m6ciM6sj-eM,ಯುವಕರು ತಮ್ಮ 25 ವಯಸ್ಸನ್ನು ಯಾವುದಕ್ಕಾಗಿ ಮೀಸಲಿಡಬೇಕು?,#siddheshwarswamiji   #jnanayogi  #kannadapravachan #motivationalvideo #SiritualTalks #https://amzn.eu/d/j5QXHyw #https://www.jnanayogashrama.org/mdsmall/mdsm_index.php #https://instagram.com/jnanayogashrama?igshid=ZDdkNTZiNTM= #https://www.facebook.com/jnanayogashrama?mibextid=ZbWKwL,18:43,public,5/29/2025,,44.871714312661446,31811,693,23,4,9,-,0
q-C0rSwSE38,ನಮ್ಮ ಜೀವನದಲ್ಲಿ ಸುಖ ಮತ್ತು ಶಾಂತಿಯನ್ನು ಅನುಭವಿಸುವುದು ಹೇಗೆ?,#siddheshwarswamiji   #jnanayogi  #kannadapravachan #motivationalvideo #SiritualTalks #https://amzn.eu/d/j5QXHyw #https://www.jnanayogashrama.org/mdsmall/mdsm_index.php #https://instagram.com/jnanayogashrama?igshid=ZDdkNTZiNTM= #https://www.facebook.com/jnanayogashrama?mibextid=ZbWKwL,14:14,public,5/27/2025,,42.76109934412254,19534,416,54,4,9,-,0
76DUDPI8CMg,ನಮ್ಮ ಅಂತರಂಗದ ಭೂಮಿಯಲ್ಲಿ ಒಳ್ಳೆಯ ಬೆಳೆಯನ್ನು ಬೆಳೆಯುವುದು ಹೇಗೆ?,#siddheshwarswamiji   #jnanayogi  #kannadapravachan #motivationalvideo #SiritualTalks #https://amzn.eu/d/j5QXHyw #https://www.jnanayogashrama.org/mdsmall/mdsm_index.php #https://instagram.com/jnanayogashrama?igshid=ZDdkNTZiNTM= #https://www.facebook.com/jnanayogashrama?mibextid=ZbWKwL,25:09,public,5/25/2025,,43.86014387023304,25181,470,28,4,9,-,0
7lbsbZuzpTg,ಯಾವುದಕ್ಕೂ ಸೋಲದೆ ಬಲಿಷ್ಠವಾದ ಬದುಕನ್ನು ಕಟ್ಟುವುದು ಹೇಗೆ?,#siddheshwarswamiji   #jnanayogi  #kannadapravachan #motivationalvideo #SiritualTalks #https://amzn.eu/d/j5QXHyw #https://www.jnanayogashrama.org/mdsmall/mdsm_index.php #https://instagram.com/jnanayogashrama?igshid=ZDdkNTZiNTM= #https://www.facebook.com/jnanayogashrama?mibextid=ZbWKwL,20:46,public,5/22/2025,,48.43660251587315,72492,1.1K,52,4,9,-,0
h27_W9P3bTg,ನಮ್ಮ ಜೀವನ ಆರಂಭ ಮಾಡುವ ಮೊದಲು ನಾವು ಏನನ್ನು ಕಲಿಯಬೇಕು?,#siddheshwarswamiji   #jnanayogi  #kannadapravachan #motivationalvideo #SiritualTalks #https://amzn.eu/d/j5QXHyw #https://www.jnanayogashrama.org/mdsmall/mdsm_index.php #https://instagram.com/jnanayogashrama?igshid=ZDdkNTZiNTM= #https://www.facebook.com/jnanayogashrama?mibextid=ZbWKwL,28:36,public,5/20/2025,,45.31637524317918,35253,577,39,4,9,-,0
SejzFy0m1OI,ಮನುಷ್ಯನ ಹತ್ತಿರ ಎಲ್ಲವೂ ಇದ್ದು ಅನುಭವಿಸಲಿಕ್ಕೆ ಏಕೆ ಬರುತ್ತಿಲ್ಲ?,#siddheshwarswamiji   #jnanayogi  #kannadapravachan #motivationalvideo #SiritualTalks #https://amzn.eu/d/j5QXHyw #https://www.jnanayogashrama.org/mdsmall/mdsm_index.php #https://instagram.com/jnanayogashrama?igshid=ZDdkNTZiNTM= #https://www.facebook.com/jnanayogashrama?mibextid=ZbWKwL,22:57,public,5/18/2025,,46.66817081627192,48177,804,46,4,9,-,0
TW4izzOKS1I,ಜಗತ್ತನ್ನು ಹೇಗೆ ನೋಡಿದರೆ ನಾವು ಆನಂದವಾಗಿ ಇರಬಹುದು?,#siddheshwarswamiji   #jnanayogi  #kannadapravachan #motivationalvideo #SiritualTalks #https://amzn.eu/d/j5QXHyw #https://www.jnanayogashrama.org/mdsmall/mdsm_index.php #https://instagram.com/jnanayogashrama?igshid=ZDdkNTZiNTM= #https://www.facebook.com/jnanayogashrama?mibextid=ZbWKwL,22:11,public,5/16/2025,,43.49430373198456,23140,423,30,4,9,-,0
6Ak05u9rEJY,ಮನೆಯ ಹೊರಗೆ ಮತ್ತು ಒಳಗೆ ಗೃಹಸ್ಥನಾದವನ ಮಾತು ಮತ್ತು ಸಂಸ್ಕೃತಿ ಹೇಗಿರಬೇಕು?,#siddheshwarswamiji   #jnanayogi  #kannadapravachan #motivationalvideo #SiritualTalks #https://amzn.eu/d/j5QXHyw #https://www.jnanayogashrama.org/mdsmall/mdsm_index.php #https://instagram.com/jnanayogashrama?igshid=ZDdkNTZiNTM= #https://www.facebook.com/jnanayogashrama?mibextid=ZbWKwL,21:41,public,5/14/2025,,42.11855653404929,16839,347,23,4,9,-,2
m6xL_lECgfo,ಮನುಷ್ಯನ ಹಣ ಗಳಿಸುವ ನೀತಿ ಹೇಗಿದ್ದರೆ ಆತ ಸಂತೋಷವಾಗಿ ಬದುಕಬಲ್ಲ?,#siddheshwarswamiji   #jnanayogi  #kannadapravachan #motivationalvideo #SiritualTalks #https://amzn.eu/d/j5QXHyw #https://www.jnanayogashrama.org/mdsmall/mdsm_index.php #https://instagram.com/jnanayogashrama?igshid=ZDdkNTZiNTM= #https://www.facebook.com/jnanayogashrama?mibextid=ZbWKwL,21:21,public,5/12/2025,,44.222188317500425,27378,506,31,4,9,-,1
OBDeCkYAJFo,ನಾವು ಜೀವನದಲ್ಲಿ ಎಂತಹ ತಪಸ್ಸನ್ನು ಮಾಡಬೇಕಾಗಿದೆ?,#siddheshwarswamiji   #jnanayogi  #kannadapravachan #motivationalvideo #SiritualTalks #https://amzn.eu/d/j5QXHyw #https://www.jnanayogashrama.org/mdsmall/mdsm_index.php #https://instagram.com/jnanayogashrama?igshid=ZDdkNTZiNTM= #https://www.facebook.com/jnanayogashrama?mibextid=ZbWKwL,23:37,public,5/10/2025,,40.98199343238383,12950,303,19,4,9,-,2
_8miKa9s_1Y,ಇವೆರಡು ಶಬ್ಧಗಳನ್ನು ಮನಸ್ಸಿನಲ್ಲಿ ಇಟ್ಟುಕೊಂಡರೆ ಶಾಂತಿ ಉಂಟಾಗುತ್ತದೆ?,ಪೂಜ್ಯರ ಪ್ರವಚನದ ಪುಸ್ತಕಗಳು ಈಗ Amazon & Website ನಲ್ಲಿ ಲಭ್ಯವಿರುತ್ತವೆ. ತಾವು ಕೆಳಗಡೆ ಕೊಟ್ಟಿರುವ ಲಿಂಕ್ ಮುಖಾಂತರ ಖರೀದಿಸಬಹದು? Amazon : https://amzn.in/d/98q8EXK Website : https://www.jnanayogashrama.org/books_kannada.php,26:35,public,5/8/2025,,49.23185091306017,87114,1K,53,2,21,-,0
G2IuT96qjbo,ನಾವೆಲ್ಲರೂ ಮಾಡುವ ಭಕ್ತಿ ಹೇಗಾಗಿದೆ?,#siddheshwarswamiji   #jnanayogi  #kannadapravachan #motivationalvideo #SiritualTalks #https://amzn.eu/d/j5QXHyw #https://www.jnanayogashrama.org/mdsmall/mdsm_index.php #https://instagram.com/jnanayogashrama?igshid=ZDdkNTZiNTM= #https://www.facebook.com/jnanayogashrama?mibextid=ZbWKwL,19:14,public,5/7/2025,,39.35828253320183,8899,219,23,4,9,-,0
9qat74U2wFY,ನಿತ್ಯ ಬದಲಾಗುವ ಜಗತ್ತಿನಲ್ಲಿ ಬದುಕುವುದು ಹೇಗೆ?,#siddheshwarswamiji   #jnanayogi  #kannadapravachan #motivationalvideo #SiritualTalks #https://amzn.eu/d/j5QXHyw #https://www.jnanayogashrama.org/mdsmall/mdsm_index.php #https://instagram.com/jnanayogashrama?igshid=ZDdkNTZiNTM= #https://www.facebook.com/jnanayogashrama?mibextid=ZbWKwL,31:56,public,5/5/2025,,48.57416097722769,74833,1K,46,4,9,-,0
nQdQ0xtcG0Y,ಮನುಷ್ಯನಿಗೆ ನೆಮ್ಮದಿ ಎಂಬುದು ಏಕೆ ಸಿಗುತ್ತಿಲ್ಲ?,ಪೂಜ್ಯರ ಪ್ರವಚನದ ಪುಸ್ತಕಗಳು ಈಗ Amazon & Website ನಲ್ಲಿ ಲಭ್ಯವಿರುತ್ತವೆ. ತಾವು ಕೆಳಗಡೆ ಕೊಟ್ಟಿರುವ ಲಿಂಕ್ ಮುಖಾಂತರ ಖರೀದಿಸಬಹದು? Amazon : https://amzn.in/d/98q8EXK Website : https://www.jnanayogashrama.org/books_kannada.php,29:13,public,5/2/2025,,60.96755713144402,1311257,11K,300,2,21,-,0
qqgmlxtnmPI,ಮನಸ್ಸಿನ ಶಾಂತಿಗಾಗಿ ಯಾವ ಜ್ಞಾನ ಪಡೆದುಕೊಳ್ಳಬೇಕು?,#siddheshwarswamiji   #jnanayogi  #kannadapravachan #motivationalvideo #SiritualTalks #https://amzn.eu/d/j5QXHyw #https://www.jnanayogashrama.org/mdsmall/mdsm_index.php #https://instagram.com/jnanayogashrama?igshid=ZDdkNTZiNTM= #https://www.facebook.com/jnanayogashrama?mibextid=ZbWKwL,23:38,public,4/30/2025,,47.34722876647116,56361,877,42,4,9,-,0
3OxUnhWO9F8,ಭಕ್ತಿಯನ್ನು ಯಾವ ರೂಪದಲ್ಲಿ ಮಾಡಿದರೆ ಜೀವನದಲ್ಲಿ ಸಮಾಧಾನ ಸಿಗುತ್ತದೆ?,#siddheshwarswamiji   #jnanayogi  #kannadapravachan #motivationalvideo #SiritualTalks #https://amzn.eu/d/j5QXHyw #https://www.jnanayogashrama.org/mdsmall/mdsm_index.php #https://instagram.com/jnanayogashrama?igshid=ZDdkNTZiNTM= #https://www.facebook.com/jnanayogashrama?mibextid=ZbWKwL,14:54,public,4/28/2025,,40.96726293043265,12906,290,21,4,9,-,2
xkBYognmKi4,ಏನಾದರೂ ಸಾಧಿಸಲು ಹೊರಟಾಗ ನಮ್ಮ ಪರಿಶ್ರಮ ಹೇಗಿರಬೇಕು?,#siddheshwarswamiji   #jnanayogi  #kannadapravachan #motivationalvideo #SiritualTalks #https://amzn.eu/d/j5QXHyw #https://www.jnanayogashrama.org/mdsmall/mdsm_index.php #https://instagram.com/jnanayogashrama?igshid=ZDdkNTZiNTM= #https://www.facebook.com/jnanayogashrama?mibextid=ZbWKwL,25:43,public,4/26/2025,,45.55241773303317,37229,652,24,4,9,-,0
15JJpyZ-dp8,ನಮ್ಮ ಜೀವನ ಸುಗಮವಾಗಿ ಸಾಗಲು ನಮ್ಮ ಆಚಾರಗಳು ಹೇಗಿರಬೇಕು?,,24:39,public,4/24/2025,,45.56993684589756,37380,542,22,0,0,-,0
i9FoRrbaiI8,ಜೀವನ ಪೂರ್ತಿ ನೆಮ್ಮದಿಯಾಗಿರಲು ಯಾವ ವೃತ ಮಾಡಬೇಕು?,,23:10,public,4/23/2025,,50.85060823038968,126625,1.5K,65,0,0,-,1
onzDjMR5Oio,ಯಾರು ಈ ಜಗತ್ತಿನ ನಿಜವಾದ ಒಡೆಯರು?,,25:56,public,4/21/2025,,41.71446826288263,15338,318,19,0,0,-,2
iAmDu9GNdMk,ಈ ಜಗತ್ತಿನಲ್ಲಿ ಅತೀ ಹೆಚ್ಚು ಬೆಲೆ ಯಾವುದಕ್ಕಿದೆ?,#siddheshwarswamiji   #jnanayogi  #kannadapravachan #motivationalvideo #SiritualTalks #https://amzn.eu/d/j5QXHyw #https://www.jnanayogashrama.org/mdsmall/mdsm_index.php #https://instagram.com/jnanayogashrama?igshid=ZDdkNTZiNTM= #https://www.facebook.com/jnanayogashrama?mibextid=ZbWKwL,21:08,public,4/19/2025,,44.56752538814982,29652,541,28,4,9,-,0
HQeLZ6SpDQ4,ನಿಜವಾಗಲೂ ಯಾರು ನಮ್ಮ ಪೂರ್ವಜರು?,,19:08,public,4/17/2025,,41.960459292520355,16235,371,19,0,0,-,0
fuGObGB8qMM,ಸಂಸಾರವೆಂಬ ಪ್ರವಾಹದಿಂದ ಪಾರಾಗವುದು ಹೇಗೆ?,#siddheshwarswamiji   #jnanayogi  #kannadapravachan #motivationalvideo #SiritualTalks #https://amzn.eu/d/j5QXHyw #https://www.jnanayogashrama.org/mdsmall/mdsm_index.php #https://instagram.com/jnanayogashrama?igshid=ZDdkNTZiNTM= #https://www.facebook.com/jnanayogashrama?mibextid=ZbWKwL,24:21,public,4/15/2025,,48.08863818154181,66892,871,39,4,9,-,0
tSJYgqeVVPA,ನಾವು ಮಾಡುವ ಕೆಲಸ ಹೇಗಿದ್ದರೆ ಮಾತ್ರ ಅದು ಧರ್ಮ ಕಾರ್ಯವಾಗುತ್ತವೆ?,#siddheshwarswamiji   #jnanayogi  #kannadapravachan #motivationalvideo #SiritualTalks #https://amzn.eu/d/j5QXHyw #https://www.jnanayogashrama.org/mdsmall/mdsm_index.php #https://instagram.com/jnanayogashrama?igshid=ZDdkNTZiNTM= #https://www.facebook.com/jnanayogashrama?mibextid=ZbWKwL,16:57,public,4/14/2025,,40.35865409245985,11213,290,16,4,9,-,0
IYVDU8YA43E,ನಮ್ಮಲ್ಲಿ ಆತ್ಮವಿಶ್ವಾಸ ಎಂಬುದು ಹೇಗಿರಬೇಕು?,#siddheshwarswamiji   #jnanayogi  #kannadapravachan #motivationalvideo #SiritualTalks #https://amzn.eu/d/j5QXHyw #https://www.jnanayogashrama.org/mdsmall/mdsm_index.php #https://instagram.com/jnanayogashrama?igshid=ZDdkNTZiNTM= #https://www.facebook.com/jnanayogashrama?mibextid=ZbWKwL,17:27,public,4/12/2025,,44.37638814631333,28371,563,38,4,9,-,0
v-ofkgrPlSs,ನಮ್ಮ ಜೀವನದ ಗುರಿ ಹೇಗಿರಬೇಕು?,#siddheshwarswamiji   #jnanayogi  #kannadapravachan #motivationalvideo #SiritualTalks #https://amzn.eu/d/j5QXHyw #https://www.jnanayogashrama.org/mdsmall/mdsm_index.php #https://instagram.com/jnanayogashrama?igshid=ZDdkNTZiNTM= #https://www.facebook.com/jnanayogashrama?mibextid=ZbWKwL,19:22,public,4/10/2025,,43.94422996827876,25675,524,24,4,9,-,0
6BuCDzMWru0,ನಮ್ಮ ಬದುಕು ಶ್ರೀಮಂತ ಆಗಬೇಕಾದರೆ ಮೊದಲು ನಮ್ಮ ಹತ್ತಿರ ಏನಿರಬೇಕು?,#siddheshwarswamiji   #jnanayogi  #kannadapravachan #motivationalvideo #SiritualTalks #https://amzn.eu/d/j5QXHyw #https://www.jnanayogashrama.org/mdsmall/mdsm_index.php #https://instagram.com/jnanayogashrama?igshid=ZDdkNTZiNTM= #https://www.facebook.com/jnanayogashrama?mibextid=ZbWKwL,26:24,public,4/8/2025,,46.75682428133251,49174,745,30,4,9,-,1
Tv7ixJ7f078,ಏನು ಪಾಲಿಸಿದರೆ ಮನೆಯಲ್ಲಿ ಎಲ್ಲರೂ ಆನಂದವಾಗಿ ಇರುತ್ತಾರೆ?,#siddheshwarswamiji   #jnanayogi  #kannadapravachan #motivationalvideo #SiritualTalks #https://amzn.eu/d/j5QXHyw #https://www.jnanayogashrama.org/mdsmall/mdsm_index.php #https://instagram.com/jnanayogashrama?igshid=ZDdkNTZiNTM= #https://www.facebook.com/jnanayogashrama?mibextid=ZbWKwL,16:21,public,4/6/2025,,45.86313713864835,40000,608,28,4,9,-,1
xneMrRUNw8w,ನಮ್ಮ ಜೀವನದ ನೌಕೆ ಆಯಾಸವಿಲ್ಲದೆ ಸಾಗಬೇಕಾದರೆ ಏನು ಮಾಡಬೇಕು?,ಪೂಜ್ಯರ ಪ್ರವಚನದ ಪುಸ್ತಕಗಳು ಈಗ Amazon & Website ನಲ್ಲಿ ಲಭ್ಯವಿರುತ್ತವೆ. ತಾವು ಕೆಳಗಡೆ ಕೊಟ್ಟಿರುವ ಲಿಂಕ್ ಮುಖಾಂತರ ಖರೀದಿಸಬಹದು? Amazon : https://amzn.in/d/98q8EXK Website : https://www.jnanayogashrama.org/books_kannada.php,36:08,public,4/4/2025,,53.262626976304574,221080,2K,101,2,21,-,0
WcbDE0JPSJs,ನಾವು ನಮ್ಮ ಜೀವನದಲ್ಲಿ ನೆಮ್ಮದಿಯಾಗಿ ಬದುಕುವುವದು ಹೇಗೆ?,#siddheshwarswamiji   #jnanayogi  #kannadapravachan #motivationalvideo #SiritualTalks #https://amzn.eu/d/j5QXHyw #https://www.jnanayogashrama.org/mdsmall/mdsm_index.php #https://instagram.com/jnanayogashrama?igshid=ZDdkNTZiNTM= #https://www.facebook.com/jnanayogashrama?mibextid=ZbWKwL,22:07,public,4/2/2025,,44.78013885592135,31145,562,41,4,9,-,1
Ked6oonbQA4,ಏನೇ ಕಷ್ಟಗಳು  ಬಂದರು ಎದುರಿಸಲು ನಮ್ಮ ಹತ್ತಿರ ಏನಿರಬೇಕು?,#siddheshwarswamiji   #jnanayogi  #kannadapravachan #motivationalvideo #SiritualTalks #https://amzn.eu/d/j5QXHyw #https://www.jnanayogashrama.org/mdsmall/mdsm_index.php #https://instagram.com/jnanayogashrama?igshid=ZDdkNTZiNTM= #https://www.facebook.com/jnanayogashrama?mibextid=ZbWKwL,28:31,public,3/31/2025,,54.22593601938133,276192,2.9K,118,4,9,-,0
9Bf23weLlM8,ಏನಾದರೂ ಸತ್ಯ ತಿಳಿಯಬೇಕಾದರೆ ಈ ಮೂರು ಹೆಜ್ಜೆಗಳು ಬಹಳ ಅವಶ್ಯಕ.,#siddheshwarswamiji   #jnanayogi  #kannadapravachan #motivationalvideo #SiritualTalks #https://amzn.eu/d/j5QXHyw #https://www.jnanayogashrama.org/mdsmall/mdsm_index.php #https://instagram.com/jnanayogashrama?igshid=ZDdkNTZiNTM= #https://www.facebook.com/jnanayogashrama?mibextid=ZbWKwL,26:58,public,3/28/2025,,49.14285418575365,85341,1.1K,47,4,9,-,0
tBKskb4iPUQ,ನಾವು ಎಲ್ಲದರಲ್ಲೂ ಕಡಿಮೆ ಎಂದು ಏಕೆ ಭಾವಿಸಬಾರದು?,#siddheshwarswamiji   #jnanayogi  #kannadapravachan #motivationalvideo #SiritualTalks #https://amzn.eu/d/j5QXHyw #https://www.jnanayogashrama.org/mdsmall/mdsm_index.php #https://instagram.com/jnanayogashrama?igshid=ZDdkNTZiNTM= #https://www.facebook.com/jnanayogashrama?mibextid=ZbWKwL,33:32,public,3/26/2025,,43.74148238633188,24500,544,31,4,9,-,0
CUg3WHhL3lE,ನಾವು ನಮ್ಮ ಜೀವನದಲ್ಲಿ ಎಂತವರ ಸಂಗ ಮಾಡಬೇಕು?,#siddheshwarswamiji   #Jnanayogi #kannadapravachan #motivationalvideo #SiritualTalks #https://amzn.eu/d/j5QXHyw #https://www.jnanayogashrama.org/mdsmall/mdsm_index.php #https://instagram.com/jnanayogashrama?igshid=ZDdkNTZiNTM= #https://www.facebook.com/jnanayogashrama?mibextid=ZbWKwL,17:43,public,3/24/2025,,43.31968739581348,22225,485,26,4,9,-,0
1RgPaVLKe8c,ನಾವು ಎಂತಹ ಪೂಜೆ ಮಾಡಿದರೆ ನಮಗೆ ನೆಮ್ಮದಿ ದೊರಕುತ್ತದೆ?,#siddheshwarswamiji   #Jnanayogi #kannadapravachan #motivationalvideo #SiritualTalks #https://amzn.eu/d/j5QXHyw #https://www.jnanayogashrama.org/mdsmall/mdsm_index.php #https://instagram.com/jnanayogashrama?igshid=ZDdkNTZiNTM= #https://www.facebook.com/jnanayogashrama?mibextid=ZbWKwL,18:39,public,3/22/2025,,43.45333592331493,22922,472,35,4,9,-,0
bDgXBZyw_Yg,ನಾವು ಎಲ್ಲಿ ನೋಡಿದರೆ ಮಾತ್ರ ನಮಗೆ ದೇವರು ಕಾಣುತ್ತಾನೆ?,#siddheshwarswamiji   #Jnanayogi #kannadapravachan #motivationalvideo #SiritualTalks #https://amzn.eu/d/j5QXHyw #https://www.jnanayogashrama.org/mdsmall/mdsm_index.php #https://instagram.com/jnanayogashrama?igshid=ZDdkNTZiNTM= #https://www.facebook.com/jnanayogashrama?mibextid=ZbWKwL,21:37,public,3/20/2025,,44.3494551675022,28195,603,34,4,9,-,2
8UbcwnfCqS0,ನಾವು ಯಾವುದನ್ನು ತಿಳಿದುಕೊಂಡರೆ ಮುಂದೆ ತಿಳಿದುಕೊಳ್ಳುವುದೇ ಉಳಿಯುದಿಲ್ಲ?,#siddheshwarswamiji   #Jnanayogi #kannadapravachan #motivationalvideo #SiritualTalks #https://amzn.eu/d/j5QXHyw #https://www.jnanayogashrama.org/mdsmall/mdsm_index.php #https://instagram.com/jnanayogashrama?igshid=ZDdkNTZiNTM= #https://www.facebook.com/jnanayogashrama?mibextid=ZbWKwL,25:22,public,3/18/2025,,46.87532849382443,50539,893,51,4,9,-,1
P4IxfXr8qvw,ಪ್ರತಿದಿನ ಬದಲಾಗುವ ಜಗತ್ತಿನಲ್ಲಿ ಚಿಂತಾಮುಕ್ತರಾಗಿ ಬದುಕುವುದು ಹೇಗೆ?,#siddheshwarswamiji   #Jnanayogi #kannadapravachan #motivationalvideo #SiritualTalks #https://amzn.eu/d/j5QXHyw #https://www.jnanayogashrama.org/mdsmall/mdsm_index.php #https://instagram.com/jnanayogashrama?igshid=ZDdkNTZiNTM= #https://www.facebook.com/jnanayogashrama?mibextid=ZbWKwL,21:42,public,3/16/2025,,48.38531232020294,71638,1.1K,61,4,9,0,1
rnK7V9HLBJQ,ನಮಗೆ ಆತ್ಮದರ್ಶನವಾಗಬೇಕಾದರೆ ನಮ್ಮ ದೃಷ್ಟಿಕೋನ ಹೇಗಿರಬೇಕು?,#siddheshwarswamiji   #Jnanayogi #kannadapravachan #motivationalvideo #SiritualTalks #https://amzn.eu/d/j5QXHyw #https://www.jnanayogashrama.org/mdsmall/mdsm_index.php #https://instagram.com/jnanayogashrama?igshid=ZDdkNTZiNTM= #https://www.facebook.com/jnanayogashrama?mibextid=ZbWKwL,15:49,public,3/15/2025,,40.91394991133356,12748,413,30,4,9,-,2
AEmRClkE5l0,ಯಾವ ನಾಲ್ಕು ಮಾತುಗಳನ್ನು ಪಾಲಿಸಿಸದರೆ ಜೀವನ ಮಧುರವಾಗುತ್ತದೆ?,#siddheshwarswamiji   #Jnanayogi #kannadapravachan #motivationalvideo #SiritualTalks #https://amzn.eu/d/j5QXHyw #https://www.jnanayogashrama.org/mdsmall/mdsm_index.php #https://instagram.com/jnanayogashrama?igshid=ZDdkNTZiNTM= #https://www.facebook.com/jnanayogashrama?mibextid=ZbWKwL,28:15,public,3/13/2025,,48.774814728848554,78384,1K,39,4,9,-,0
ltihw0ex6x0,ನಾವೆಲ್ಲರೂ ಚಿಂತೆಯಿಂದ ಮುಕ್ತರಾಗುವುದು ಹೇಗೆ?,#siddheshwarswamiji   #Jnanayogi #kannadapravachan #motivationalvideo #SiritualTalks #https://amzn.eu/d/j5QXHyw #https://www.jnanayogashrama.org/mdsmall/mdsm_index.php #https://instagram.com/jnanayogashrama?igshid=ZDdkNTZiNTM= #https://www.facebook.com/jnanayogashrama?mibextid=ZbWKwL,25:21,public,3/11/2025,,45.28062408041489,34963,634,32,4,9,-,0
FZ3sk5k-qyU,ನಾವು ಮನಸ್ಸು ಮಾಡಿದರೆ ಇಂದೇ ಯೋಗಿ ಆಗುವುದು ಹೇಗೆ?,#siddheshwarswamiji   #Jnanayogi #kannadapravachan #motivationalvideo #SiritualTalks #https://amzn.eu/d/j5QXHyw #https://www.jnanayogashrama.org/mdsmall/mdsm_index.php #https://instagram.com/jnanayogashrama?igshid=ZDdkNTZiNTM= #https://www.facebook.com/jnanayogashrama?mibextid=ZbWKwL,13:32,public,3/8/2025,,41.756589711823786,15488,433,27,4,9,-,0
T09DSjCLgtE,ನಾವು ಯಾವ ಮಾರ್ಗದಲ್ಲಿ ನಡೆದರೆ ಜೀವನದಲ್ಲಿ ಆನಂದವನ್ನು ಅನುಭವಿಸಬಹುದು?,#siddheshwarswamiji   #Jnanayogi #kannadapravachan #motivationalvideo #SiritualTalks #https://amzn.eu/d/j5QXHyw #https://www.jnanayogashrama.org/mdsmall/mdsm_index.php #https://instagram.com/jnanayogashrama?igshid=ZDdkNTZiNTM= #https://www.facebook.com/jnanayogashrama?mibextid=ZbWKwL,14:00,public,3/6/2025,,41.35788974123182,14125,322,20,4,9,-,0
Wyt7yVpAJLM,ನಮ್ಮಲ್ಲಿ ಯಾವುದೇ ಜ್ಞಾನವು ಪ್ರಕಾಶವಾಗಬೇಕಾದರೆ ನಮ್ಮ ಮನಸ್ಸು ಹೇಗಿರಬೇಕು?,#siddheshwarswamiji   #Jnanayogi #kannadapravachan #motivationalvideo #SiritualTalks #https://amzn.eu/d/j5QXHyw #https://www.jnanayogashrama.org/mdsmall/mdsm_index.php #https://instagram.com/jnanayogashrama?igshid=ZDdkNTZiNTM= #https://www.facebook.com/jnanayogashrama?mibextid=ZbWKwL,16:49,public,3/4/2025,,43.54469681994278,23411,472,31,4,9,-,0
SFceslelQlc,ಈ ಜಗತ್ತಿನಲ್ಲಿ ಎಲ್ಲವನ್ನು ಗಟ್ಟಿಯಾಗಿ ನಿಲ್ಲಿಸುತ್ತೇನೆ ಎಂದು ಏಕೆ ಹೋಗಬಾರದು?,#siddheshwarswamiji   #Jnanayogi #kannadapravachan #motivationalvideo #SiritualTalks #https://amzn.eu/d/j5QXHyw #https://www.jnanayogashrama.org/mdsmall/mdsm_index.php #https://instagram.com/jnanayogashrama?igshid=ZDdkNTZiNTM= #https://www.facebook.com/jnanayogashrama?mibextid=ZbWKwL,14:06,public,3/2/2025,,42.138558385003584,16917,371,18,4,9,-,0
osTNDXVcLFM,ಎಲ್ಲರೂ ನಮ್ಮನ್ನು ಪ್ರೀತಿಸುವ ಹಾಗೆ ಮಾಡುವುದು ಹೇಗೆ?,#siddheshwarswamiji   #Jnanayogi #kannadapravachan #motivationalvideo #SiritualTalks #https://amzn.eu/d/j5QXHyw #https://www.jnanayogashrama.org/mdsmall/mdsm_index.php #https://instagram.com/jnanayogashrama?igshid=ZDdkNTZiNTM= #https://www.facebook.com/jnanayogashrama?mibextid=ZbWKwL,13:09,public,2/28/2025,,45.096395535373766,33506,570,28,4,9,-,0
E6CD_a_RIds,ನಮ್ಮಲ್ಲಿ ಅಭಿಮಾನ ಎಂಬ ಕಸವನ್ನು ಏಕೆ ಬೆಳೆಸಬಾರದು?,,23:58,public,2/26/2025,,43.94726320046209,25693,541,33,0,0,-,0
u7u4rJCruCA,ಈ ಮೂರು ಪ್ರಯೋಗಗಳನ್ನು ಮಾಡಿದರೆ ನಮ್ಮ ಬದುಕು ಬದಲಾಗುತ್ತದೆ?,#siddheshwarswamiji   #Jnanayogi #kannadapravachan #motivationalvideo #SiritualTalks #https://amzn.eu/d/j5QXHyw #https://www.jnanayogashrama.org/mdsmall/mdsm_index.php #https://instagram.com/jnanayogashrama?igshid=ZDdkNTZiNTM= #https://www.facebook.com/jnanayogashrama?mibextid=ZbWKwL,14:02,public,2/24/2025,,42.09406978876713,16744,443,22,4,9,-,0
7vpzoU3pcaU,ನಮ್ಮ ಬದುಕನ್ನು ಸುಂದರ ಮಾಡಿಕೊಳ್ಳಲು ದೇವರಲ್ಲಿ ಎಂತಹ ಪ್ರಾರ್ಥನೆ ಮಾಡಬೇಕು?,#siddheshwarswamiji   #Jnanayogi #kannadapravachan #motivationalvideo #SiritualTalks #https://amzn.eu/d/j5QXHyw #https://www.jnanayogashrama.org/mdsmall/mdsm_index.php #https://instagram.com/jnanayogashrama?igshid=ZDdkNTZiNTM= #https://www.facebook.com/jnanayogashrama?mibextid=ZbWKwL,23:49,public,2/22/2025,,46.09855676678443,42236,639,31,4,9,-,1
DZ9JJN0TexU,ನಮ್ಮ ಮನಸ್ಸು ಹೇಗಿದ್ದರೆ ಜಗತ್ತಿನ ಜನರು ಒಂದಾಗಲು ಸಾಧ್ಯವಾಗುತ್ತದೆ?,#siddheshwarswamiji   #Jnanayogi #kannadapravachan #motivationalvideo #SiritualTalks #https://amzn.eu/d/j5QXHyw #https://www.jnanayogashrama.org/mdsmall/mdsm_index.php #https://instagram.com/jnanayogashrama?igshid=ZDdkNTZiNTM= #https://www.facebook.com/jnanayogashrama?mibextid=ZbWKwL,23:34,public,2/19/2025,,46.21532464441006,43391,725,43,4,9,-,0
hO6wLS9N6B4,ನಮ್ಮ ಶರೀರದಲ್ಲಿರುವ ಇಂದ್ರೀಯಗಳೆಂಬ ದನಗಳನ್ನು ಹೇಗೆ ಕಾಯಬೇಕು?,#siddheshwarswamiji   #Jnanayogi #kannadapravachan #motivationalvideo #SiritualTalks #https://amzn.eu/d/j5QXHyw #https://www.jnanayogashrama.org/mdsmall/mdsm_index.php #https://instagram.com/jnanayogashrama?igshid=ZDdkNTZiNTM= #https://www.facebook.com/jnanayogashrama?mibextid=ZbWKwL,20:48,public,2/17/2025,,44.79982712947417,31287,638,30,4,9,0,2
S-o1PkzroNQ,ಈ ಜಗತ್ತಿನಲ್ಲಿ ನಿಜವಾದ ಧರ್ಮ ಎಂದರೆ ಏನು?,#siddheshwarswamiji   #Jnanayogi #kannadapravachan #motivationalvideo #SiritualTalks #https://amzn.eu/d/j5QXHyw #https://www.jnanayogashrama.org/mdsmall/mdsm_index.php #https://instagram.com/jnanayogashrama?igshid=ZDdkNTZiNTM= #https://www.facebook.com/jnanayogashrama?mibextid=ZbWKwL,20:08,public,2/15/2025,,41.390248265707015,14231,327,22,4,9,-,0
hHZ0r2_z6ds,ಪ್ರಶಾಂತವಾದ ಜೀವನ ಸಾಗಿಸಲು ನಮ್ಮ ಹತ್ತಿರ ಏನಿರಬೇಕು?,#siddheshwarswamiji   #Jnanayogi #kannadapravachan #motivationalvideo #SiritualTalks #https://amzn.eu/d/j5QXHyw #https://www.jnanayogashrama.org/mdsmall/mdsm_index.php #https://instagram.com/jnanayogashrama?igshid=ZDdkNTZiNTM= #https://www.facebook.com/jnanayogashrama?mibextid=ZbWKwL,15:54,public,2/12/2025,,45.581384518907996,37479,643,35,4,9,-,0
lOsuYeMYnnA,ಜೀವನದ ಪ್ರತಿ ಕ್ಷಣ-ಕ್ಷಣವು  ಸಂತೋಷ ಅನುಭವಿಸುವುದು ಹೇಗೆ?,ಪೂಜ್ಯರ ಪ್ರವಚನದ ಪುಸ್ತಕಗಳು ಈಗ Amazon & Website ನಲ್ಲಿ ಲಭ್ಯವಿರುತ್ತವೆ. ತಾವು ಕೆಳಗಡೆ ಕೊಟ್ಟಿರುವ ಲಿಂಕ್ ಮುಖಾಂತರ ಖರೀದಿಸಬಹದು? Amazon : https://amzn.in/d/98q8EXK Website : https://www.jnanayogashrama.org/books_kannada.php,21:15,public,2/10/2025,,48.44465510251045,72627,1.1K,46,2,21,-,0
j0-FLs55ziE,ನಾವು ಜಗತ್ತನ್ನು ಹೇಗೆ ನೋಡಿದರೆ ಆನಂದವನ್ನು ಅನುಭವಿಸಬಹುದು?,#siddheshwarswamiji   #Jnanayogi #kannadapravachan #motivationalvideo #SiritualTalks #https://amzn.eu/d/j5QXHyw #https://www.jnanayogashrama.org/mdsmall/mdsm_index.php #https://instagram.com/jnanayogashrama?igshid=ZDdkNTZiNTM= #https://www.facebook.com/jnanayogashrama?mibextid=ZbWKwL,18:15,public,1/27/2025,,44.19268393962501,27192,537,31,4,9,-,2
zXBUoNNpbr4,ಇಡೀ ಜಗತ್ತು ಯಾರ ಕೈಯಲ್ಲಿ ಸಿಕ್ಕಿಹಾಕಿಕೊಂಡಿದೆ?,#siddheshwarswamiji   #Jnanayogi #kannadapravachan #motivationalvideo #SiritualTalks #https://amzn.eu/d/j5QXHyw #https://www.jnanayogashrama.org/mdsmall/mdsm_index.php #https://instagram.com/jnanayogashrama?igshid=ZDdkNTZiNTM= #https://www.facebook.com/jnanayogashrama?mibextid=ZbWKwL,16:23,public,1/25/2025,,44.613261126763575,29967,591,34,4,9,-,0
zmvyBsyLMZg,ನಮ್ಮ ಜೀವನದಲ್ಲಿ ನಾವು ತೆಗೆದುಕೊಳ್ಳುವ ನಿರ್ಧಾರಗಳು ಹೇಗಿರಬೇಕು?,#siddheshwarswamiji   #Jnanayogi #kannadapravachan #motivationalvideo #SiritualTalks #https://amzn.eu/d/j5QXHyw #https://www.jnanayogashrama.org/mdsmall/mdsm_index.php #https://instagram.com/jnanayogashrama?igshid=ZDdkNTZiNTM= #https://www.facebook.com/jnanayogashrama?mibextid=ZbWKwL,12:55,public,1/23/2025,,42.67630021593373,19155,466,31,4,9,-,0
O6JgIvuP4TI,ಶುಭ-ಅಶುಭ ಪ್ರಸಂಗಗಳ ಮಧ್ಯೆ ನಿಶ್ಚಿಂತವಾಗಿ ಬದುಕುವುದು ಹೇಗೆ?,ಪೂಜ್ಯರ ಪ್ರವಚನದ ಪುಸ್ತಕಗಳು ಈಗ Amazon & Website ನಲ್ಲಿ ಲಭ್ಯವಿರುತ್ತವೆ. ತಾವು ಕೆಳಗಡೆ ಕೊಟ್ಟಿರುವ ಲಿಂಕ್ ಮುಖಾಂತರ ಖರೀದಿಸಬಹದು? Amazon : https://amzn.in/d/98q8EXK Website : https://www.jnanayogashrama.org/books_kannada.php,21:33,public,1/22/2025,,48.163049825056504,68052,1K,61,2,21,-,0
KRRIM3tV_s0,ಎಂತಹ ಧ್ಯಾನ ಮಾಡಿದರೆ ನಮ್ಮ ಜೀವನ ಸವಿಯಾಗಿರುತ್ತದೆ?,#siddheshwarswamiji   #Jnanayogi #kannadapravachan #motivationalvideo #SiritualTalks #https://amzn.eu/d/j5QXHyw #https://www.jnanayogashrama.org/mdsmall/mdsm_index.php #https://instagram.com/jnanayogashrama?igshid=ZDdkNTZiNTM= #https://www.facebook.com/jnanayogashrama?mibextid=ZbWKwL,22:06,public,1/21/2025,,47.64305501639982,60348,946,44,4,9,-,0
h0pn6MSPFPE,ಸಂತರು ಬಾಳಿ ಬದುಕುವ ರೀತಿ ಹೇಗಿರುತ್ತದೆ?,#siddheshwarswamiji   #Jnanayogi #kannadapravachan #motivationalvideo #SiritualTalks #https://amzn.eu/d/j5QXHyw #https://www.jnanayogashrama.org/mdsmall/mdsm_index.php #https://instagram.com/jnanayogashrama?igshid=ZDdkNTZiNTM= #https://www.facebook.com/jnanayogashrama?mibextid=ZbWKwL,17:42,public,1/20/2025,,43.71508019669041,24351,508,29,4,9,-,0
LWyMuLfyi9Q,ಇಡೀ ಜಗತ್ತಿನಲ್ಲಿ ಅತ್ಯಂತ ಬೆಲೆಬಾಳುವ ವಸ್ತು ಯಾವುದು?,#siddheshwarswamiji   #Jnanayogi #kannadapravachan #motivationalvideo #SiritualTalks #https://amzn.eu/d/j5QXHyw #https://www.jnanayogashrama.org/mdsmall/mdsm_index.php #https://instagram.com/jnanayogashrama?igshid=ZDdkNTZiNTM= #https://www.facebook.com/jnanayogashrama?mibextid=ZbWKwL,21:43,public,1/18/2025,,46.37915931072783,45065,722,38,4,9,-,1
nfL5inzyS1U,ನಾವು ಇನ್ನೊಬ್ಬರ ಬಗ್ಗೆ ಏಕೆ ಚಿಂತೆ ಮಾಡಬಾರದು?,ಪೂಜ್ಯರ ಪ್ರವಚನದ ಪುಸ್ತಕಗಳು ಈಗ Amazon & Website ನಲ್ಲಿ ಲಭ್ಯವಿರುತ್ತವೆ. ತಾವು ಕೆಳಗಡೆ ಕೊಟ್ಟಿರುವ ಲಿಂಕ್ ಮುಖಾಂತರ ಖರೀದಿಸಬಹದು? Amazon : https://amzn.in/d/98q8EXK Website : https://www.jnanayogashrama.org/books_kannada.php,11:44,public,1/16/2025,,56.722194872329815,491693,6.8K,227,2,21,-,0
Mt0X_LU72EQ,ಗೌರವಾನ್ವಿತ ರಾಜ್ಯಪಾಲರಾದ ಸನ್ಮಾನ್ಯ ಶ್ರೀ ಸಿ. ಎಚ್. ವಿಜಯ ಶಂಕರವರಿಂದ ಉದ್ಘಾಟನಾಪರ ಮಾತುಗಳು,ಪೂಜ್ಯ ಶ್ರೀ ಸಿದ್ಧೇಶ್ವರ ಮಹಾಸ್ವಾಮಿಗಳವರ ಗುರುನಮನ ಮಹೋತ್ಸವ-2025  02-01-2025  ಸನ್ಮಾನ್ಯ ಶ್ರೀ ಸಿ. ಎಚ್. ವಿಜಯ ಶಂಕರವರಿಂದ ಉದ್ಘಾಟನಾಪರ ಮಾತುಗಳು              ಸ್ಥಳ : ಜ್ಞಾನಯೋಗಾಶ್ರಮ ವಿಜಯಪುರ,29:13,public,1/16/2025,,42.48528522991403,18328,133,5,0,19,-,0
1MjVGd3_jYc,ಜಗದ್ಗುರು ಪೂಜ್ಯ ಶ್ರೀ ಕಾಡಸಿದ್ಧೇಶ್ವರ ಮಹಾಸ್ವಾಮಿಗಳವರಿಂದ ಸಾನಿಧ್ಯ ನುಡಿಗಳು,ಪೂಜ್ಯ ಶ್ರೀ ಸಿದ್ಧೇಶ್ವರ ಮಹಾಸ್ವಾಮಿಗಳವರ ಗುರುನಮನ ಮಹೋತ್ಸವ-2025  02-01-2025  ಜಗದ್ಗುರು ಪೂಜ್ಯ ಶ್ರೀ ಕಾಡಸಿದ್ಧೇಶ್ವರ ಮಹಾಸ್ವಾಮಿಗಳವರಿಂದ ಸಾನಿಧ್ಯ ನುಡಿಗಳು             ಸ್ಥಳ : ಜ್ಞಾನಯೋಗಾಶ್ರಮ ವಿಜಯಪುರ,27:14,public,1/16/2025,,47.60393545681755,59805,582,26,0,18,-,0
_1hy-sWOYxI,ಪೂಜ್ಯ ಶ್ರೀ ಬಸವಲಿಂಗ ಪಟ್ಟದೇವರುಗಳಿಂದ ಸಾನಿಧ್ಯ ನುಡಿಗಳು,ಪೂಜ್ಯ ಶ್ರೀ ಸಿದ್ಧೇಶ್ವರ ಮಹಾಸ್ವಾಮಿಗಳವರ ಗುರುನಮನ ಮಹೋತ್ಸವ-2025  02-01-2025  ಪೂಜ್ಯ ಶ್ರೀ ಬಸವಲಿಂಗ ಪಟ್ಟದೇವರುಗಳಿಂದ  ಸಾನಿಧ್ಯ ನುಡಿಗಳು                ಸ್ಥಳ : ಜ್ಞಾನಯೋಗಾಶ್ರಮ ವಿಜಯಪುರ,10:52,public,1/16/2025,,31.105519384523078,1322,34,6,0,17,-,0
Uf_zn1_Emy8,ಪೂಜ್ಯ ಶ್ರೀ ಜಯರಾಜೇಂದ್ರ  ಮಹಾಸ್ವಾಮಿಗಳವರಿಂದ ಸಾನಿಧ್ಯ ನುಡಿಗಳು,ಪೂಜ್ಯ ಶ್ರೀ ಸಿದ್ಧೇಶ್ವರ ಮಹಾಸ್ವಾಮಿಗಳವರ ಗುರುನಮನ ಮಹೋತ್ಸವ-2025  02-01-2025  ಪೂಜ್ಯ ಶ್ರೀ ಜಯರಾಜೇಂದ್ರ ಮಹಾಸ್ವಾಮಿಗಳವರಿಂದ ಸಾನಿಧ್ಯ ನುಡಿಗಳು                   ಸ್ಥಳ : ಜ್ಞಾನಯೋಗಾಶ್ರಮ ವಿಜಯಪುರ,06:46,public,1/16/2025,,31.71525793051064,1522,49,5,0,17,-,0
KVV_oaejgRE,ಗುರುದೇವರ ಬದುಕು  ಕುರಿತು  ಮ. ನಿ. ಪ್ರ  ಶ್ರೀ ಗುರುಮಹಾಂತ ಮಹಾಸ್ವಾಮಿಗಳವರಿಂದ ಸಾನಿಧ್ಯ ನುಡಿಗಳು,ಪೂಜ್ಯ ಶ್ರೀ ಸಿದ್ಧೇಶ್ವರ ಮಹಾಸ್ವಾಮಿಗಳವರ ಗುರುನಮನ ಮಹೋತ್ಸವ-2025  01-01-2025 ರಂದು ನಡೆದ ಗುರುದೇವರ ಬದುಕು  ಕುರಿತು   ಮ. ನಿ. ಪ್ರ  ಶ್ರೀ ಗುರುಮಹಾಂತ ಮಹಾಸ್ವಾಮಿಗಳವರಿಂದ ಸಾನಿಧ್ಯ ನುಡಿಗಳು                   ಸ್ಥಳ : ಜ್ಞಾನಯೋಗಾಶ್ರಮ ವಿಜಯಪುರ,11:53,public,1/16/2025,,35.455746532442575,3612,60,3,0,24,-,0
1Isf7tAfFvM,ದೇವರು ಇರುವ ನಿಜವಾದ ಸ್ಥಳ ಯಾವುದು?,ಪೂಜ್ಯರ ಪ್ರವಚನದ ಪುಸ್ತಕಗಳು ಈಗ Amazon & Website ನಲ್ಲಿ ಲಭ್ಯವಿರುತ್ತವೆ. ತಾವು ಕೆಳಗಡೆ ಕೊಟ್ಟಿರುವ ಲಿಂಕ್ ಮುಖಾಂತರ ಖರೀದಿಸಬಹದು? Amazon : https://amzn.in/d/98q8EXK Website : https://www.jnanayogashrama.org/books_kannada.php,21:42,public,1/14/2025,,48.007917713878356,65656,956,46,2,21,-,1
7Z1oI47mR8A,ಗುರುದೇವರ ಬದುಕು ಕುರಿತು ಪೂಜ್ಯ ಶ್ರೀ ನಿರ್ಭಯಾನಂದ ಮಹಾಸ್ವಾಮಿಗಳವರಿಂದ ಸಾನಿಧ್ಯ ನುಡಿಗಳು,ಪೂಜ್ಯ ಶ್ರೀ ಸಿದ್ಧೇಶ್ವರ ಮಹಾಸ್ವಾಮಿಗಳವರ ಗುರುನಮನ ಮಹೋತ್ಸವ-2025  01-01-2025 ರಂದು ನಡೆದ ಗುರುದೇವರ ಬದುಕು ಕುರಿತು  ಪೂಜ್ಯ ಶ್ರೀ ನಿರ್ಭಯಾನಂದ ಮಹಾಸ್ವಾಮಿಗಳವರಿಂದ ಸಾನಿಧ್ಯ ನುಡಿಗಳು                   ಸ್ಥಳ : ಜ್ಞಾನಯೋಗಾಶ್ರಮ ವಿಜಯಪುರ,18:05,public,1/14/2025,,37.75770434907231,6148,96,12,0,22,0,0
t4pdT06y8a8,ಗುರುದೇವರ ಬದುಕು  ಕುರಿತು  ಶ್ರೀ ಗೋ. ರು. ಚನ್ನಬಸಪ್ಪರವರಿಂದ ಅನುಭಾವದ ಮಾತುಗಳು,ಪೂಜ್ಯ ಶ್ರೀ ಸಿದ್ಧೇಶ್ವರ ಮಹಾಸ್ವಾಮಿಗಳವರ ಗುರುನಮನ ಮಹೋತ್ಸವ-2025  01-01-2025 ರಂದು ನಡೆದ ಗುರುದೇವರ ಬದುಕು ಕುರಿತು  ಶ್ರೀ ಗೋ. ರು. ಚನ್ನಬಸಪ್ಪರವರಿಂದ ಅನುಭಾವದ ಮಾತುಗಳು                        ಸ್ಥಳ : ಜ್ಞಾನಯೋಗಾಶ್ರಮ ವಿಜಯಪುರ,23:14,public,1/14/2025,,35.90492038329239,4007,59,3,0,22,-,0
nfzU7C449-4,ಸೇವಾಭಾವ ಕುರಿತು  ಪೂಜ್ಯ ಜಗದ್ಗುರು ಶ್ರೀ ಶಿವರಾತ್ರಿ ದೇಶಿಕೇಂದ್ರ ಮಹಾಸ್ವಾಮಿಗಳವರಿಂದ ಸಾನಿಧ್ಯ ನುಡಿಗಳು,ಪೂಜ್ಯ ಶ್ರೀ ಸಿದ್ಧೇಶ್ವರ ಮಹಾಸ್ವಾಮಿಗಳವರ ಗುರುನಮನ ಮಹೋತ್ಸವ-2025  31-12-2024 ರಂದು ನಡೆದ ಸೇವಾಭಾವ ಕುರಿತು  ಪೂಜ್ಯ ಜಗದ್ಗುರು ಶ್ರೀ ಶಿವರಾತ್ರಿ ದೇಶಿಕೇಂದ್ರ ಮಹಾಸ್ವಾಮಿಗಳವರಿಂದ ಸಾನಿಧ್ಯ ನುಡಿಗಳು              ಸ್ಥಳ : ಜ್ಞಾನಯೋಗಾಶ್ರಮ ವಿಜಯಪುರ,21:12,public,1/13/2025,,35.487979007525,3639,60,0,0,23,-,0
k3Y7DILRWK4,ಸೇವಾಭಾವ ಕುರಿತು ಜಗದ್ಗುರು ಶ್ರೀ ಜಯೇಂದ್ರಪುರಿ ಮಹಾಸ್ವಾಮಿಗಳವರಿಂದ ಸಾನಿಧ್ಯ ನುಡಿಗಳು,ಪೂಜ್ಯ ಶ್ರೀ ಸಿದ್ಧೇಶ್ವರ ಮಹಾಸ್ವಾಮಿಗಳವರ ಗುರುನಮನ ಮಹೋತ್ಸವ-2025  31-12-2024 ರಂದು ನಡೆದ ಸೇವಾಭಾವ ಕುರಿತು  ಸೇವಾಭಾವ ಕುರಿತು ಜಗದ್ಗುರು ಶ್ರೀ ಜಯೇಂದ್ರಪುರಿ ಮಹಾಸ್ವಾಮಿಗಳವರಿಂದ ಸಾನಿಧ್ಯ ನುಡಿಗಳು              ಸ್ಥಳ : ಜ್ಞಾನಯೋಗಾಶ್ರಮ ವಿಜಯಪುರ,29:56,public,1/13/2025,,32.97881500849744,2038,31,2,0,23,-,0
9GvVYLAn1VI,ಸೇವಾಭಾವ ಕುರಿತು ಶ್ರೀ ಸ್ವಸ್ತಿಶ್ರೀ ಭಟ್ಟಾರಕ ಪಂಡಿತಾಚಾರ್ಯವರ್ಯ ಮಹಾಸ್ವಾಮಿಗಳವರಿಂದ ಸಾನಿಧ್ಯ ನುಡಿಗಳು,ಪೂಜ್ಯ ಶ್ರೀ ಸಿದ್ಧೇಶ್ವರ ಮಹಾಸ್ವಾಮಿಗಳವರ ಗುರುನಮನ ಮಹೋತ್ಸವ-2025  31-12-2024 ರಂದು ನಡೆದ ಸೇವಾಭಾವ ಕುರಿತು  ಶ್ರೀ ಸ್ವಸ್ತಿಶ್ರೀ ಭಟ್ಟಾರಕ ಪಂಡಿತಾಚಾರ್ಯವರ್ಯ ಮಹಾಸ್ವಾಮಿಗಳವರಿಂದ ಸಾನಿಧ್ಯ ನುಡಿಗಳು                                 ಸ್ಥಳ : ಜ್ಞಾನಯೋಗಾಶ್ರಮ ವಿಜಯಪುರ,12:03,public,1/13/2025,,30.969164281024938,1281,29,2,0,22,-,0
3X98NBrI7BE,"ಸೇವಾಭಾವ ಕುರಿತು  ಶ್ರೀ ಬಸವರಾಜ ಪಾಟೀಲ, ಸೇಡಂರವರಿಂದ ಅನುಭಾವದ ಮಾತುಗಳು","ಪೂಜ್ಯ ಶ್ರೀ ಸಿದ್ಧೇಶ್ವರ ಮಹಾಸ್ವಾಮಿಗಳವರ ಗುರುನಮನ ಮಹೋತ್ಸವ-2025  31-12-2024 ರಂದು ನಡೆದ ಸೇವಾಭಾವ ಕುರಿತು  ಶ್ರೀ ಬಸವರಾಜ ಪಾಟೀಲ, ಸೇಡಂರವರಿಂದ ಅನುಭಾವದ ಮಾತುಗಳು                                    ಸ್ಥಳ : ಜ್ಞಾನಯೋಗಾಶ್ರಮ ವಿಜಯಪುರ",33:43,public,1/13/2025,,35.53529388291892,3679,73,6,0,21,-,0
7YAONKk5GMY,ಪೂಜ್ಯ ಜಗದ್ಗುರು ಶ್ರೀ ವೇದಾಂತಾಚಾರ್ಯ ಮಂಜುನಾಥ ಭಾರತಿ ಮಹಾಸ್ವಾಮಿಗಳವರಿಂದ ಸಾನಿಧ್ಯ ನುಡಿಗಳು,"ಪೂಜ್ಯ ಶ್ರೀ ಸಿದ್ಧೇಶ್ವರ ಮಹಾಸ್ವಾಮಿಗಳವರ ಗುರುನಮನ ಮಹೋತ್ಸವ-2025  30-12-2024 ರಂದು ನಡೆದ ಜಾಗತಿಕ ತಾತ್ವಿಕ ಚಿಂತನೆಗಳ ಕುರಿತು  ಪೂಜ್ಯ ಜಗದ್ಗುರು ಶ್ರೀ ವೇದಾಂತಾಚಾರ್ಯ ಮಂಜುನಾಥ ಭಾರತಿ ಮಹಾಸ್ವಾಮಿಗಳವರಿಂದ ಸಾನಿಧ್ಯ ನುಡಿಗಳು  ಸ್ಥಳ : ಜ್ಞಾನಯೋಗಾಶ್ರಮ, ವಿಜಯಪುರ",32:18,public,1/12/2025,,30.547183060213587,1162,20,0,0,26,-,1
EaZbxcC_fHs,ಜಾಗತಿಕ ತಾತ್ವಿಕ ಚಿಂತನೆಗಳ ಕುರಿತು  ಪೂಜ್ಯ ಶ್ರೀ ಅಭಿನವ ಸಿದ್ಧಾರೂಢ ಮಹಾಸ್ವಾಮಿಗಳವರಿಂದ ಸಾನಿಧ್ಯ ನುಡಿಗಳು,ಪೂಜ್ಯ ಶ್ರೀ ಸಿದ್ಧೇಶ್ವರ ಮಹಾಸ್ವಾಮಿಗಳವರ ಗುರುನಮನ ಮಹೋತ್ಸವ-2025  30-12-2024 ರಂದು ನಡೆದ ಜಾಗತಿಕ ತಾತ್ವಿಕ ಚಿಂತನೆಗಳ ಕುರಿತು  ಪೂಜ್ಯ ಶ್ರೀ ಅಭಿನವ ಸಿದ್ಧಾರೂಢ ಮಹಾಸ್ವಾಮಿಗಳವರಿಂದ ಸಾನಿಧ್ಯ ನುಡಿಗಳು  ಸ್ಥಳ : ಜ್ಞಾನಯೋಗಾಶ್ರಮ ವಿಜಯಪುರ,16:15,public,1/12/2025,,31.79694891310827,1551,37,2,0,24,-,2
G8wtGLwTDVw,ಜಾಗತಿಕ ತಾತ್ವಿಕ ಚಿಂತನೆಗಳ ಕುರಿತು ಶ್ರೀ ಕೃಷ್ಣ ದಿಕ್ಷಿತವರಿಂದ ಅನುಭಾವದ ಮಾತುಗಳು,ಪೂಜ್ಯ ಶ್ರೀ ಸಿದ್ಧೇಶ್ವರ ಮಹಾಸ್ವಾಮಿಗಳವರ ಗುರುನಮನ ಮಹೋತ್ಸವ-2025 30-12-2024 ರಂದು ನಡೆದ ಜಾಗತಿಕ ತಾತ್ವಿಕ ಚಿಂತನೆಗಳ ಕುರಿತು  ಗೌರವಾನ್ವಿತ ನ್ಯಾಯಮೂರ್ತಿಗಳಾದ ಶ್ರೀ ಕೃಷ್ಣ ದಿಕ್ಷಿತವರಿಂದ ಅನುಭಾವದ ಮಾತುಗಳು                             ಸ್ಥಳ : ಜ್ಞಾನಯೋಗಾಶ್ರಮ ವಿಜಯಪುರ,27:53,public,1/12/2025,,37.400523624964805,5661,91,7,0,24,-,0
fBsddHhZYMo,ಜಾಗತಿಕ ತಾತ್ವಿಕ ಚಿಂತನೆಗಳ ಕುರಿತು ಜಗದ್ಗುರು ಪೂಜ್ಯ ಶ್ರೀ ಸದಾಶಿವಾನಂದ  ಮಹಾಸ್ವಾಮಿಗಳವರಿಂದ ಸಾನಿಧ್ಯ ನುಡಿಗಳು,ಪೂಜ್ಯ ಶ್ರೀ ಸಿದ್ಧೇಶ್ವರ ಮಹಾಸ್ವಾಮಿಗಳವರ ಗುರುನಮನ ಮಹೋತ್ಸವ-2025  30-12-2024 ರಂದು ನಡೆದ ಜಾಗತಿಕ ತಾತ್ವಿಕ ಚಿಂತನೆಗಳ ಕುರಿತು  ಜಗದ್ಗುರು ಪೂಜ್ಯ ಶ್ರೀ ಸದಾಶಿವಾನಂದ ಮಹಾಸ್ವಾಮಿಗಳವರಿಂದ ಸಾನಿಧ್ಯ ನುಡಿಗಳು  ಸ್ಥಳ : ಜ್ಞಾನಯೋಗಾಶ್ರಮ ವಿಜಯಪುರ,40:16,public,1/12/2025,,43.55669697833194,23476,390,24,0,24,0,0
-d-UmYP8OV4,ನಾವೆಲ್ಲರೂ ತಿಳಿದುಕೊಳ್ಳಬೇಕಾದ ಜಗತ್ತಿನ ಸ್ವರೂಪ ಎಂದರೆ ಯಾವುದು?,#siddheshwarswamiji   #Jnanayogi #kannadapravachan #motivationalvideo #SiritualTalks #https://amzn.eu/d/j5QXHyw #https://www.jnanayogashrama.org/mdsmall/mdsm_index.php #https://instagram.com/jnanayogashrama?igshid=ZDdkNTZiNTM= #https://www.facebook.com/jnanayogashrama?mibextid=ZbWKwL,21:32,public,1/11/2025,,43.87781129861539,25284,433,27,4,9,-,0
n8uUiKiIE6A,ಮಾತೃಭಕ್ತಿ ಕುರಿತು ಪೂಜ್ಯ ಮಾತೋಶ್ರೀ ಗಂಗಾಂಬಿಕಾ ಮಾತಾಜಿಯವರಿಂದ ಸಾನಿಧ್ಯ ನುಡಿಗಳು,ಪೂಜ್ಯ ಶ್ರೀ ಸಿದ್ಧೇಶ್ವರ ಮಹಾಸ್ವಾಮಿಗಳವರ ಗುರುನಮನ ಮಹೋತ್ಸವ-2025  29-12-2024 ರಂದು ನಡೆದ ಮಾತೃಭಕ್ತಿ ಕುರಿತು ಪೂಜ್ಯ ಮಾತೋಶ್ರೀ ಗಂಗಾಂಬಿಕಾ ಮಾತಾಜಿಯವರಿಂದ ಸಾನಿಧ್ಯ ನುಡಿಗಳು    ಸ್ಥಳ : ಜ್ಞಾನಯೋಗಾಶ್ರಮ ವಿಜಯಪುರ,13:56,public,1/11/2025,,32.79442870166037,1953,35,6,0,21,-,0
iz2LohvP77g,ಮಾತೃಭಕ್ತಿ ಕುರಿತು ಶ್ರೀಮತಿ ಶಶಿಕಲಾ ಜೊಲ್ಲೆಯವರಿಂದ  ಅನುಭಾವದ  ಮಾತುಗಳು,ಪೂಜ್ಯ ಶ್ರೀ ಸಿದ್ಧೇಶ್ವರ ಮಹಾಸ್ವಾಮಿಗಳವರ ಗುರುನಮನ ಮಹೋತ್ಸವ-2025  29-12-2024 ರಂದು ನಡೆದ ಮಾತೃಭಕ್ತಿ ಕುರಿತು ಶ್ರೀಮತಿ ಶಶಿಕಲಾ ಜೊಲ್ಲೆಯವರಿಂದ ಅನುಭಾವದ ಮಾತುಗಳು    ಸ್ಥಳ : ಜ್ಞಾನಯೋಗಾಶ್ರಮ ವಿಜಯಪುರ,10:39,public,1/11/2025,,29.99577128923599,1023,26,5,0,20,-,0
r0WhdaKPjNI,ಮಾತೃಭಕ್ತಿ ಕುರಿತು ಶ್ರೀಮತಿ ಡಾ. ವಿಜಯಲಕ್ಷ್ಮೀ  ಬಾಳೇಕುಂದ್ರಿಯವರಿಂದ  ಅನುಭಾವದ  ಮಾತುಗಳು,ಪೂಜ್ಯ ಶ್ರೀ ಸಿದ್ಧೇಶ್ವರ ಮಹಾಸ್ವಾಮಿಗಳವರ ಗುರುನಮನ ಮಹೋತ್ಸವ-2025  29-12-2024 ರಂದು ನಡೆದ ಮಾತೃಭಕ್ತಿ ಕುರಿತು  ಶ್ರೀಮತಿ ಡಾ. ವಿಜಯಲಕ್ಷ್ಮೀ  ಬಾಳೇಕುಂದ್ರಿಯವರಿಂದ  ಅನುಭಾವದ  ಮಾತುಗಳು    ಸ್ಥಳ : ಜ್ಞಾನಯೋಗಾಶ್ರಮ ವಿಜಯಪುರ,40:37,public,1/11/2025,,37.08007205871563,5257,86,4,0,21,-,0
EmfCPW0MnxA,ಯೋಗ ಜೀವನ ಕುರಿತು ಶ್ರೀ ಸಂಗಮೇಶ ಬಬಲೇಶ್ವರರವರಿಂದ ಅನುಭಾವದ  ಮಾತುಗಳು,ಪೂಜ್ಯ ಶ್ರೀ ಸಿದ್ಧೇಶ್ವರ ಮಹಾಸ್ವಾಮಿಗಳವರ ಗುರುನಮನ ಮಹೋತ್ಸವ-2025  28-12-2024 ರಂದು ನಡೆದ ಯೋಗ ಜೀವನ  ಕುರಿತು  ಶ್ರೀ ಸಂಗಮೇಶ ಬಬಲೇಶ್ವರರವರಿಂದ ಅನುಭಾವದ ಮಾತುಗಳು    ಸ್ಥಳ : ಜ್ಞಾನಯೋಗಾಶ್ರಮ ವಿಜಯಪುರ,09:00,public,1/9/2025,,30.262388523751017,1088,35,3,0,21,-,0
M68NzQDt_KY,ಯೋಗ ಜೀವನ ಕುರಿತು ಜಗದ್ಗುರು ಶ್ರೀ ಅಭಿನವ ಶಿವಾನಂದ ಮಹಾಸ್ವಾಮಿಗಳವರಿಂದ ಸಾನಿಧ್ಯ ನುಡಿಗಳು,ಪೂಜ್ಯ ಶ್ರೀ ಸಿದ್ಧೇಶ್ವರ ಮಹಾಸ್ವಾಮಿಗಳವರ ಗುರುನಮನ ಮಹೋತ್ಸವ-2025 28-12-2024 ರಂದು ನಡೆದ ಯೋಗ ಜೀವನ ಗೋಷ್ಠಿಯ ಕುರಿತು  ಜಗದ್ಗುರು ಶ್ರೀ ಅಭಿನವ ಶಿವಾನಂದ ಮಹಾಸ್ವಾಮಿಗಳವರಿಂದ ಸಾನಿಧ್ಯ ನುಡಿಗಳು ಸ್ಥಳ : ಜ್ಞಾನಯೋಗಾಶ್ರಮ ವಿಜಯಪು,17:42,public,1/9/2025,,32.027871098825244,1636,38,0,0,24,-,0
OtKz-F0iC5w,ಜಗದ್ಗುರು ಶ್ರೀ ವಚನಾನಂದ ಮಹಾಸ್ವಾಮಿಗಳವರಿಂದ ಸಾನಿಧ್ಯ ನುಡಿಗಳು,ಪೂಜ್ಯ ಶ್ರೀ ಸಿದ್ಧೇಶ್ವರ ಮಹಾಸ್ವಾಮಿಗಳವರ ಗುರುನಮನ ಮಹೋತ್ಸವ-2025 28-12-2024 ರಂದು ನಡೆದ ಯೋಗ ಜೀವನ ಗೋಷ್ಠಿಯ ಕುರಿತು  ಜಗದ್ಗುರು ಶ್ರೀ ವಚನಾನಂದ ಮಹಾಸ್ವಾಮಿಗಳವರಿಂದ ಸಾನಿಧ್ಯ ನುಡಿಗಳು   ಸ್ಥಳ : ಜ್ಞಾನಯೋಗಾಶ್ರಮ ವಿಜಯಪುರ,15:07,public,1/9/2025,,30.675622310830505,1197,24,0,0,23,-,0
_o3faufsfa0,ಯೋಗ ಜೀವನ ಗೋಷ್ಠಿಯ ಕುರಿತು ಡಾ. ಪ್ರಶಾಂತ ಕಟಕೋಳವರಿಂದ  ಅನುಭಾವದ ಮಾತುಗಳು,ಪೂಜ್ಯ ಶ್ರೀ ಸಿದ್ಧೇಶ್ವರ ಮಹಾಸ್ವಾಮಿಗಳವರ ಗುರುನಮನ ಮಹೋತ್ಸವ-2025 28-12-2024 ರಂದು ನಡೆದ ಯೋಗ ಜೀವನ ಗೋಷ್ಠಿಯ ಕುರಿತು  ಡಾ. ಪ್ರಶಾಂತ ಕಟಕೋಳವರಿಂದ ಅನುಭಾವದ ಮಾತುಗಳು ಸ್ಥಳ : ಜ್ಞಾನಯೋಗಾಶ್ರಮ ವಿಜಯಪುರ,31:57,public,1/9/2025,,36.21438708766987,4304,95,5,0,22,-,2
DWjuWEb01Do,ಯಾವುದನ್ನು ನಮ್ಮ ತಲೆಯಿಂದ ತೆಗೆದರೆ ನಾವು ನಿಶ್ಚಿಂತವಾಗಿ ಬಾಳಬಹುದು?,ಪೂಜ್ಯರ ಪ್ರವಚನದ ಪುಸ್ತಕಗಳು ಈಗ Amazon & Website ನಲ್ಲಿ ಲಭ್ಯವಿರುತ್ತವೆ. ತಾವು ಕೆಳಗಡೆ ಕೊಟ್ಟಿರುವ ಲಿಂಕ್ ಮುಖಾಂತರ ಖರೀದಿಸಬಹದು? Amazon : https://amzn.in/d/98q8EXK Website : https://www.jnanayogashrama.org/books_kannada.php,32:09,public,1/8/2025,,55.56876737286895,376665,3.9K,168,2,21,-,0
R9CDKxh6lV4,ಗ್ರಾಮ ಸಂಸ್ಕೃತಿ ಗೋಷ್ಠಿಯ ಕುರಿತು ಪೂಜ್ಯ ಶ್ರೀ ಪ್ರಭುಸಾರಂಗ ಶಿವಾಚಾರ್ಯ  ಮಹಾಸ್ವಾಮಿಗಳವರಿಂದ ಸಾನಿಧ್ಯ ನುಡಿಗಳು,ಪೂಜ್ಯ ಶ್ರೀ ಸಿದ್ಧೇಶ್ವರ ಮಹಾಸ್ವಾಮಿಗಳವರ ಗುರುನಮನ ಮಹೋತ್ಸವ-2025  27-12-2024 ರಂದು ನಡೆದ ಗ್ರಾಮ ಸಂಸ್ಕೃತಿ ಗೋಷ್ಠಿಯ ಕುರಿತು ಪೂಜ್ಯ ಶ್ರೀ ಪ್ರಭುಸಾರಂಗ ಶಿವಾಚಾರ್ಯ  ಮಹಾಸ್ವಾಮಿಗಳವರಿಂದ ಸಾನಿಧ್ಯ ನುಡಿಗಳು ಸ್ಥಳ : ಜ್ಞಾನಯೋಗಾಶ್ರಮ ವಿಜಯಪುರ,16:29,public,1/8/2025,,32.035800417298375,1639,29,9,0,24,-,2
3xyytckqq98,ಗ್ರಾಮ ಸಂಸ್ಕೃತಿ ಗೋಷ್ಠಿಯ ಕುರಿತು ಜಗದ್ಗುರು ಶ್ರೀ ಇಮ್ಮಡಿ ಸಿದ್ಧರಾಮೇಶ್ವರ ಮಹಾಸ್ವಾಮಿಗಳವರಿಂದ ಸಾನಿಧ್ಯ ನುಡಿಗಳು,ಪೂಜ್ಯ ಶ್ರೀ ಸಿದ್ಧೇಶ್ವರ ಮಹಾಸ್ವಾಮಿಗಳವರ ಗುರುನಮನ ಮಹೋತ್ಸವ-2025  27-12-2024 ರಂದು ನಡೆದ ಗ್ರಾಮ ಸಂಸ್ಕೃತಿ ಗೋಷ್ಠಿಯ ಕುರಿತು ಜಗದ್ಗುರು ಪೂಜ್ಯ ಶ್ರೀ ಇಮ್ಮಡಿ ಸಿದ್ಧರಾಮೇಶ್ವರ ಮಹಾಸ್ವಾಮಿಗಳವರಿಂದ ಸಾನಿಧ್ಯ ನುಡಿಗಳು  ಸ್ಥಳ : ಜ್ಞಾನಯೋಗಾಶ್ರಮ ವಿಜಯಪುರ,13:21,public,1/8/2025,,33.955628429108174,2554,38,6,0,25,-,0
roQDJrPG-Lc,ಗ್ರಾಮ ಸಂಸ್ಕೃತಿ ಗೋಷ್ಠಿಯ ಕುರಿತು ಶ್ರೀ ಸಿದ್ದಪ್ಪಾ  ಬಿದರಿಯವರಿಂದ ವರಿಂದ ಅನುಭಾವದ ಮಾತುಗಳು,ಪೂಜ್ಯ ಶ್ರೀ ಸಿದ್ಧೇಶ್ವರ ಮಹಾಸ್ವಾಮಿಗಳವರ ಗುರುನಮನ ಮಹೋತ್ಸವ-2025  27-12-2024 ರಂದು ನಡೆದ ಗ್ರಾಮ ಸಂಸ್ಕೃತಿ ಗೋಷ್ಠಿಯ ಕುರಿತು ಶ್ರೀ ಸಿದ್ದಪ್ಪಾ  ಬಿದರಿಯವರಿಂದ ಅನುಭಾವದ ಮಾತುಗಳು ಸ್ಥಳ : ಜ್ಞಾನಯೋಗಾಶ್ರಮ ವಿಜಯಪುರ,55:49,public,1/8/2025,,55.27906456439763,352278,2.1K,72,0,22,-,0
23Sx3OgjixQ,26-12-2024 ರಂದು ನಡೆದ ಜ್ಞಾನರಾಧನೆ ಗೋಷ್ಠಿಯ ಕುರಿತು ಶ್ರೀ ಸಿದ್ಧಣ್ಣ ಲಂಗೋಟಿಯವರಿಂದ ಅನುಭಾವದ ಮಾತುಗಳು,ಪೂಜ್ಯ ಶ್ರೀ ಸಿದ್ಧೇಶ್ವರ ಮಹಾಸ್ವಾಮಿಗಳವರ ಗುರುನಮನ ಮಹೋತ್ಸವ-2025  26-12-2024 ರಂದು ನಡೆದ ಜ್ಞಾನರಾಧನೆ ಗೋಷ್ಠಿಯ ಕುರಿತು ಶ್ರೀ ಸಿದ್ಧಣ್ಣ ಲಂಗೋಟಿಯವರಿಂದ ಅನುಭಾವದ ಮಾತುಗಳು  ಸ್ಥಳ : ಜ್ಞಾನಯೋಗಾಶ್ರಮ ವಿಜಯಪುರ,17:40,public,1/7/2025,,32.06999391425834,1652,35,3,0,21,-,2
Fdp7uWgzW9A,26-12-2024 ರಂದು ನಡೆದ ಜ್ಞಾನರಾಧನೆ ಗೋಷ್ಠಿಯ ಕುರಿತು ಶ್ರೀಮಹೇಶ ಮಾಶಾಳವರಿಂದ  ಅನುಭಾವದ ಮಾತುಗಳು,ಪೂಜ್ಯ ಶ್ರೀ ಸಿದ್ಧೇಶ್ವರ ಮಹಾಸ್ವಾಮಿಗಳವರ ಗುರುನಮನ ಮಹೋತ್ಸವ-2025  26-12-2024 ರಂದು ನಡೆದ ಜ್ಞಾನರಾಧನೆ ಗೋಷ್ಠಿಯ ಕುರಿತು  ಶ್ರೀಮಹೇಶ ಮಾಶಾಳವರಿಂದ ಅನುಭಾವದ ಮಾತುಗಳು  ಸ್ಥಳ : ಜ್ಞಾನಯೋಗಾಶ್ರಮ ವಿಜಯಪುರ,34:06,public,1/7/2025,,28.05944047649425,654,17,1,0,20,-,0
yZEIYWBrj3Y,ಜಗತ್ತಿನಲ್ಲಿ ನಾವು ಚೆನ್ನಾಗಿ ಇರಬೇಕಾದರೆ ಮೊದಲು ಏನನ್ನು ತಿಳಿಯಬೇಕು?,#siddheshwarswamiji   #Jnanayogi #kannadapravachan #motivationalvideo #SiritualTalks #https://amzn.eu/d/j5QXHyw #https://www.jnanayogashrama.org/mdsmall/mdsm_index.php #https://instagram.com/jnanayogashrama?igshid=ZDdkNTZiNTM= #https://www.facebook.com/jnanayogashrama?mibextid=ZbWKwL,24:12,public,1/6/2025,,49.602498218618706,94903,1.1K,56,4,9,-,1
WLZJBpbQ3FU,ಸುಧಾರಿತ ಕೃಷಿ ಗೋಷ್ಠಿಯ ಕುರಿತು ಶ್ರೀ ಎ. ಎಸ್. ಆನಂದರವರಿಂದ ಅನುಭಾವದ ಮಾತುಗಳು,ಪೂಜ್ಯ ಶ್ರೀ ಸಿದ್ಧೇಶ್ವರ ಮಹಾಸ್ವಾಮಿಗಳವರ ಗುರುನಮನ ಮಹೋತ್ಸವ-2025  25-12-2024 ರಂದು ನಡೆದ ಸುಧಾರಿತ ಕೃಷಿ ಗೋಷ್ಠಿಯ ಕುರಿತು ಶ್ರೀ ಎ. ಎಸ್. ಆನಂದರವರಿಂದ        ಅನುಭಾವದ ಮಾತುಗಳು  ಸ್ಥಳ : ಜ್ಞಾನಯೋಗಾಶ್ರಮ ವಿಜಯಪುರ,32:07,public,1/6/2025,,33.14954564835169,2120,57,7,0,23,-,0
CFedmm39thk,ಸುಧಾರಿತ ಕೃಷಿ ಗೋಷ್ಠಿಯ ಕುರಿತು ಶ್ರೀ ರಾಜಶೇಖರ ನಿಂಬರಗಿಯವರ ಅನುಭಾವದ ಮಾತುಗಳು,ಪೂಜ್ಯ ಶ್ರೀ ಸಿದ್ಧೇಶ್ವರ ಮಹಾಸ್ವಾಮಿಗಳವರ ಗುರುನಮನ ಮಹೋತ್ಸವ-2025  25-12-2024 ರಂದು ನಡೆದ ಸುಧಾರಿತ ಕೃಷಿ ಗೋಷ್ಠಿಯ ಕುರಿತು ಶ್ರೀ ರಾಜಶೇಖರ ನಿಂಬರಗಿಯವರ ಅನುಭಾವದ ಮಾತುಗಳು  ಸ್ಥಳ : ಜ್ಞಾನಯೋಗಾಶ್ರಮ ವಿಜಯಪುರ,03:09,public,1/6/2025,,31.683863835494485,1511,42,4,0,22,-,0
zVK8iE4ZAnc,"LIVE - ಪೂಜ್ಯ ಶ್ರೀ ಸಿದ್ಧೇಶ್ವರ ಮಹಾಸ್ವಾಮಿಗಳವರ ಗುರುನಮನ ಮಹೋತ್ಸವದ ನಿಮಿತ್ಯವಾಗಿ ""ಪುಷ್ಪ ನಮನ"" ಕಾರ್ಯಕ್ರಮ",,02:50:18,public,1/3/2025,,40.838950951036225,12529,328,16,0,0,-,0
7cr2nwB8aq8,"LIVE - ಪೂಜ್ಯ ಶ್ರೀ ಸಿದ್ಧೇಶ್ವರ ಮಹಾಸ್ವಾಮಿಗಳವರ ಗುರುನಮನ ಮಹೋತ್ಸವದ ನಿಮಿತ್ಯವಾಗಿ ""ಪುಷ್ಪ ನಮನ""",,21:34,public,1/2/2025,,37.387506817791795,5644,165,20,0,0,-,0
6uD0N9UjQ3w,"LIVE - ಪೂಜ್ಯ ಶ್ರೀ ಸಿದ್ಧೇಶ್ವರ ಮಹಾಸ್ವಾಮಿಗಳವರ ಗುರುನಮನ ಮಹೋತ್ಸವದ ನಿಮಿತ್ಯವಾಗಿ ""ಗದ್ದುಗೆಯ ಮಹಾಪೂಜೆ""",,16:53,public,1/2/2025,,33.999466050931844,2580,67,7,0,0,-,2
vQi4fQCI10E,"LIVE - ಪೂಜ್ಯ ಶ್ರೀ ಸಿದ್ಧೇಶ್ವರ ಮಹಾಸ್ವಾಮಿಗಳವರ ಗುರುನಮನ ಮಹೋತ್ಸವದ ನಿಮಿತ್ಯವಾಗಿ ""ಗದ್ದುಗೆಯ ಮಹಾಪೂಜೆ""",,05:29,public,1/2/2025,,33.89418770315705,2518,89,12,0,0,-,2
DOJVANQkTf8,"LIVE - ಪೂಜ್ಯ ಶ್ರೀ ಸಿದ್ಧೇಶ್ವರ ಮಹಾಸ್ವಾಮಿಗಳವರ ಗುರುನಮನ ಮಹೋತ್ಸವದ ನಿಮಿತ್ಯವಾಗಿ ""ಜಪಯೋಗ""",,01:43:16,public,1/2/2025,,38.43713366630068,7193,217,14,0,0,-,0
l6PgyuOHYgo,"LIVE - ಪೂಜ್ಯ ಶ್ರೀ ಸಿದ್ಧೇಶ್ವರ ಮಹಾಸ್ವಾಮಿಗಳವರ ಗುರುನಮನ ಮಹೋತ್ಸವದ ನಿಮಿತ್ಯವಾಗಿ ""ಗುರುದೇವರ ಬದುಕು"" ಗೋಷ್ಠಿ",,02:32:18,public,1/1/2025,,40.537851070966624,11687,336,30,0,0,-,2
W4m_xwoBCmY,"LIVE - ಪೂಜ್ಯ ಶ್ರೀ ಸಿದ್ಧೇಶ್ವರ ಮಹಾಸ್ವಾಮಿಗಳವರ ಗುರುನಮನ ಮಹೋತ್ಸವದ ನಿಮಿತ್ಯವಾಗಿ ""ಸೇವಾಭಾವ"" ಗೋಷ್ಠಿ",,02:55:10,public,12/31/2024,,39.47346179164088,9139,271,8,0,0,-,2
xjKxNaVHoV0,"LIVE - ಪೂಜ್ಯ ಶ್ರೀ ಸಿದ್ಧೇಶ್ವರ ಮಹಾಸ್ವಾಮಿಗಳವರ ಗುರುನಮನ ಮಹೋತ್ಸವ ""ಜಾಗತಿಕ ತಾತ್ವಿಕ ಚಿಂತನೆಗಳು"" ಗೋಷ್ಠಿ",,03:20:10,public,12/30/2024,,39.67110022795892,9566,283,11,0,0,-,2
rbMu8dHcU-E,"LIVE - ಪೂಜ್ಯ ಶ್ರೀ ಸಿದ್ಧೇಶ್ವರ ಮಹಾಸ್ವಾಮಿಗಳವರ ಗುರುನಮನ ಮಹೋತ್ಸವದ ನಿಮಿತ್ಯವಾಗಿ ""ಮಾತೃಭಕ್ತಿ"" ಗೋಷ್ಠಿ","29-12-2024 ಸ್ಥಳ : ಜ್ಞಾನಯೋಗಾಶ್ರಮ, ವಿಜಯಪುರ",02:37:02,public,12/29/2024,,39.59165007933016,9392,283,13,0,5,-,0
V2LdimKxlNs,"LIVE - ಪೂಜ್ಯ ಶ್ರೀ ಸಿದ್ಧೇಶ್ವರ ಮಹಾಸ್ವಾಮಿಗಳವರ ಗುರುನಮನ ಮಹೋತ್ಸವದ ನಿಮಿತ್ಯವಾಗಿ ""ಯೋಗ ಜೀವನ"" ಗೋಷ್ಠಿ",,02:37:58,public,12/29/2024,,38.561682939742845,7403,244,14,0,0,-,0
qZ6VPIw8OIA,"LIVE - ಪೂಜ್ಯ  ಶ್ರೀ ಸಿದ್ಧೇಶ್ವರ ಮಹಾಸ್ವಾಮಿಗಳವರ ಗುರುನಮನ ಮಹೋತ್ಸವದ ನಿಮಿತ್ಯವಾಗಿ ""ಗ್ರಾಮ ಸಂಸ್ಕೃತಿ"" ಗೋಷ್ಠಿ","27-12-2024 ಸ್ಥಳ : ಜ್ಞಾನಯೋಗಾಶ್ರಮ, ವಿಜಯಪುರ",02:41:41,public,12/28/2024,,39.787606021578846,9827,321,26,0,5,-,0
daayqckbah0,"LIVE - ಪೂಜ್ಯ ಶ್ರೀ  ಸಿದ್ಧೇಶ್ವರ ಮಹಾಸ್ವಾಮಿಗಳವರ ಗುರುನಮನ ಮಹೋತ್ಸವದ ನಿಮಿತ್ಯವಾಗಿ ""ಜ್ಞಾನಾರಾಧನೆ"" ಗೋಷ್ಠಿ",,01:23:05,public,12/27/2024,,34.493555510853355,2892,92,9,0,0,-,2
jeUnveZfGxY,"LIVE - ಪೂಜ್ಯ ಶ್ರೀ  ಸಿದ್ಧೇಶ್ವರ ಮಹಾಸ್ವಾಮಿಗಳವರ ಗುರುನಮನ ಮಹೋತ್ಸವದ ನಿಮಿತ್ಯವಾಗಿ ""ಜ್ಞಾನಾರಾಧನೆ"" ಗೋಷ್ಠಿ","26-12-2024 ಸ್ಥಳ : ಜ್ಞಾನಯೋಗಾಶ್ರಮ, ವಿಜಯಪುರ",01:04:52,public,12/27/2024,,36.875238842501815,5014,184,21,0,5,-,0
g7LT3yFec9k,"LIVE - ಪೂಜ್ಯ ಶ್ರೀ  ಸಿದ್ಧೇಶ್ವರ ಮಹಾಸ್ವಾಮಿಗಳವರ ಗುರುನಮನ ಮಹೋತ್ಸವದ ನಿಮಿತ್ಯವಾಗಿ ""ಸುಧಾರಿತ ಕೃಷಿ"" ಗೋಷ್ಠಿ","25-12-2024 ಸ್ಥಳ : ಜ್ಞಾನಯೋಗಾಶ್ರಮ, ವಿಜಯಪುರ",02:17:37,public,12/26/2024,,36.919039661065504,5065,152,7,0,5,-,2
e_8DF2xNe6c,"LIVE - ಪೂಜ್ಯ ಶ್ರೀ  ಸಿದ್ಧೇಶ್ವರ ಮಹಾಸ್ವಾಮಿಗಳವರ ಗುರುನಮನ ಮಹೋತ್ಸವದ ನಿಮಿತ್ಯವಾಗಿ ""ಸುಧಾರಿತ ಕೃಷಿ"" ಗೋಷ್ಠಿ","25-12-2024 ಸ್ಥಳ : ಜ್ಞಾನಯೋಗಾಶ್ರಮ, ವಿಜಯಪುರ",30:22,public,12/26/2024,,33.99778817336764,2579,86,11,0,5,-,2
Z0EuFdg193A,"LIVE - ಪೂಜ್ಯ ಶ್ರೀ  ಸಿದ್ಧೇಶ್ವರ ಮಹಾಸ್ವಾಮಿಗಳವರ ಗುರುನಮನ ಮಹೋತ್ಸವದ ನಿಮಿತ್ಯವಾಗಿ ""ಸುಧಾರಿತ ಕೃಷಿ"" ಗೋಷ್ಠಿ","25-12-2024 ಸ್ಥಳ : ಜ್ಞಾನಯೋಗಾಶ್ರಮ, ವಿಜಯಪುರ",28:02,public,12/25/2024,,33.475829064643435,2286,39,1,0,5,-,0
Uqi3sHESyuw,"LIVE - ಪೂಜ್ಯ ಶ್ರೀ  ಸಿದ್ಧೇಶ್ವರ ಮಹಾಸ್ವಾಮಿಗಳವರ ಗುರುನಮನ ಮಹೋತ್ಸವದ ನಿಮಿತ್ಯವಾಗಿ ""ಸುಧಾರಿತ ಕೃಷಿ"" ಗೋಷ್ಠಿ","25-12-2024 ಸ್ಥಳ : ಜ್ಞಾನಯೋಗಾಶ್ರಮ, ವಿಜಯಪುರ",28:02,public,12/25/2024,,32.54586882128802,1844,27,3,0,5,-,1
3uRfMzKAdzE,ಧರ್ಮ ಧ್ವಜಾರೋಹಣ- ಪೂಜ್ಯ ಶ್ರೀ ಸಿದ್ಧೇಶ್ವರ ಮಹಾಸ್ವಾಮಿಗಳವರ ಗುರುನಮನ ಮಹೋತ್ಸವದ-2025,,33:12,public,12/25/2024,,37.50476526879717,5799,125,21,0,0,-,0
WGYsbxmrHiE,24-12-2024 ಪೂಜ್ಯ ಶ್ರೀ ಸಿದ್ಧೇಶ್ವರ ಮಹಾಸ್ವಾಮಿಗಳವರ ಗುರುನಮನ ಮಹೋತ್ಸವದ-2025 ಅಂಗವಾಗಿ ವಿಶೇಷ ಪ್ರವಚನ,,47:36,public,12/25/2024,,34.35363333549699,2800,106,11,0,0,-,2
rpNWbayzX5U,23-12-2024 ಪೂಜ್ಯ ಶ್ರೀ ಸಿದ್ಧೇಶ್ವರ ಮಹಾಸ್ವಾಮಿಗಳವರ ಗುರುನಮನ ಮಹೋತ್ಸವದ-2025 ಅಂಗವಾಗಿ ವಿಶೇಷ ಪ್ರವಚನ,,46:35,public,12/24/2024,,35.47129583936898,3625,124,16,0,0,-,2
sFCAFEoILr0,ಪೂಜ್ಯ ಶ್ರೀ ಸಿದ್ದೇಶ್ವರ ಸ್ವಾಮಿಗಳವರ ಗುರುನಮನ ಮಹೋತ್ಸವ 2025 ಜ್ಞಾನದಾಸೋಹ ವಿಜಯಪುರ ನಗರದಲ್ಲಿ ಸತ್ಸಂಗ,"ಸ್ಥಳ : ಸಮೃದ್ಧಿ ನಗರ, ವಿಜಯಪುರ",01:09:21,public,12/23/2024,,36.413855204146074,4507,109,14,0,5,-,0
dilr62NIlxY,21-12-2024 ಪೂಜ್ಯ ಶ್ರೀ ಸಿದ್ಧೇಶ್ವರ ಮಹಾಸ್ವಾಮಿಗಳವರ ಗುರುನಮನ ಮಹೋತ್ಸವದ-2025 ಅಂಗವಾಗಿ ವಿಶೇಷ ಪ್ರವಚನ,,01:01:33,public,12/22/2024,,35.34407914057398,3520,117,13,0,0,-,0
jqv5tA96HcQ,21-12 -2024 ಬಸವನ ಬಾಗೇವಾಡಿಯಲ್ಲಿ  ಪೂಜ್ಯ ಶ್ರೀ ಸಿದ್ಧೇಶ್ವರ ಮಹಾಸ್ವಾಮಿಗಳವರ 'ಗುರುನಮನ ಮಹೋತ್ಸವದ' ಪೂರ್ವಭಾವಿ ಸಭೆ,,59:03,public,12/21/2024,,35.94577196195202,4045,106,10,0,0,-,2
sEFtGzwJUwE,ಯೋಗಗುರು ವೈದ್ಯ ಚನ್ನಬಸವಣ್ಣನವರಿಂದ ಆರೋಗ್ಯ-ಆಧ್ಯಾತ್ಮ ಕಾರ್ಯಕ್ರಮ,,01:58:30,public,12/20/2024,,34.25513915809487,2737,85,2,0,0,-,0
rlCogcQDh18,ಯೋಗಗುರು ವೈದ್ಯ ಚನ್ನಬಸವಣ್ಣನವರಿಂದ ಆರೋಗ್ಯ-ಆಧ್ಯಾತ್ಮ ಕಾರ್ಯಕ್ರಮ,,01:29:50,public,12/20/2024,,34.27564770989815,2750,83,4,0,0,-,0
rhu8WqzpVK0,ಯೋಗಗುರು ವೈದ್ಯ ಚನ್ನಬಸವಣ್ಣನವರಿಂದ ಆರೋಗ್ಯ-ಆಧ್ಯಾತ್ಮ ಕಾರ್ಯಕ್ರಮ,,01:50:55,public,12/19/2024,,32.178654477996595,1694,62,9,0,0,-,2
JrpNNZTvqw4,(18-12-2024) ಯೋಗಗುರು ವೈದ್ಯ ಚನ್ನಬಸವಣ್ಣನವರಿಂದ ಆರೋಗ್ಯ-ಆಧ್ಯಾತ್ಮ ಕಾರ್ಯಕ್ರಮ,"ಸ್ಥಳ : ಜ್ಞಾನಯೋಗಾಶ್ರಮ, ವಿಜಯಪುರ",01:14:53,public,12/18/2024,,35.629550839695,3760,105,12,0,4,-,0
x6Y4CI7-0jc,ಪೂಜ್ಯ ಶ್ರೀ ಸಿದ್ದೇಶ್ವರ ಸ್ವಾಮಿಗಳವರ ಗುರುನಮನ ಮಹೋತ್ಸವ 2025 ಜ್ಞಾನದಾಸೋಹ ವಿಜಯಪುರ ನಗರದಲ್ಲಿ ಸತ್ಸಂಗ,"ಸ್ಥಳ : ಗುಮಾಸ್ತ ಕಾಲೋನಿ, ವಿಜಯಪುರ",47:24,public,12/18/2024,,40.489437980912584,11557,210,25,0,5,0,2
_lo2S_Eq0vs,"ಡಿಸೆಂಬರ 18, 19, 20 ರಂದು ಜ್ಞಾನಯೋಗಾಶ್ರಮದಲ್ಲಿ ಯೋಗಗುರು ಚನ್ನಬಸವ ವೈದ್ಯರಿಂದ ""ಆರೋಗ್ಯ - ಆಧ್ಯಾತ್ಮ"" ಕಾರ್ಯಕ್ರಮ",,05:00,public,12/16/2024,,31.936975297226134,1602,53,8,0,0,0,2
AyxsFFqHXJE,ಪೂಜ್ಯ ಶ್ರೀ ಸಿದ್ದೇಶ್ವರ ಮಹಾಸ್ವಾಮಿಗಳವರ ಗುರು ನಮನ ಮಹೋತ್ಸವ 2025  ಹಳ್ಳಿಗಳಲ್ಲಿ ಜ್ಞಾನದಾಸೋಹ-ಕನ್ನೂರ,,53:36,public,12/14/2024,,37.04784368645235,5218,138,14,0,0,-,0
umkoS2qV5Cs,ಮನಸ್ಸನ್ನು ಬಳಸಿಕೊಂಡು ಶಾಂತಿಯನ್ನು ಪಡೆಯುವುದು ಹೇಗೆ?,ಪೂಜ್ಯರ ಪ್ರವಚನದ ಪುಸ್ತಕಗಳು ಈಗ Amazon & Website ನಲ್ಲಿ ಲಭ್ಯವಿರುತ್ತವೆ. ತಾವು ಕೆಳಗಡೆ ಕೊಟ್ಟಿರುವ ಲಿಂಕ್ ಮುಖಾಂತರ ಖರೀದಿಸಬಹದು? Amazon : https://amzn.in/d/98q8EXK Website : https://www.jnanayogashrama.org/books_kannada.php,19:39,public,12/14/2024,,46.34299327284712,44690,790,42,2,21,-,0
DTPLoCM2NAw,ಭಕ್ತ ಯಾವಾಗ ಭಯಮುಕ್ತನಾಗಿ ಮತ್ತು ತೃಪ್ತಿದಾಯಕನಾಗಿ ಇರುತ್ತಾನೆ?,#siddheshwarswamiji   #Jnanayogi #kannadapravachan #motivationalvideo #SiritualTalks #https://amzn.eu/d/j5QXHyw #https://www.jnanayogashrama.org/mdsmall/mdsm_index.php #https://instagram.com/jnanayogashrama?igshid=ZDdkNTZiNTM= #https://www.facebook.com/jnanayogashrama?mibextid=ZbWKwL,24:29,public,12/11/2024,,46.16627185264976,42902,712,34,4,9,-,0
pWMF2JHZ3jQ,ಪೂಜ್ಯ ಶ್ರೀ ಸಿದ್ದೇಶ್ವರ ಮಹಾಸ್ವಾಮಿಗಳವರ ಗುರು ನಮನ ಮಹೋತ್ಸವ 2025  ಹಳ್ಳಿಗಳಲ್ಲಿ ಜ್ಞಾನದಾಸೋಹ-ಜಂಬಗಿ,,34:43,public,12/11/2024,,35.58674970255454,3723,126,20,0,0,-,2
KGZIoZ4uAuU,ಪೂಜ್ಯ ಶ್ರೀ ಸಿದ್ದೇಶ್ವರ ಮಹಾಸ್ವಾಮಿಗಳವರ ಗುರು ನಮನ ಮಹೋತ್ಸವ 2025  ಹಳ್ಳಿಗಳಲ್ಲಿ ಜ್ಞಾನದಾಸೋಹ-ಹೊರ್ತಿ,,49:54,public,12/8/2024,,37.356723721292454,5604,125,13,0,0,-,0
AO1t1K9WWjg,"ಜ್ಞಾನಯೋಗಿ ಪೂಜ್ಯ ಶ್ರೀ ಸಿದ್ಧೇಶ್ವರ ಮಹಾಸ್ವಾಮಿಗಳವರ ""ಗುರುನಮನ ಮಹೋತ್ಸವ""- 2025 (ಪೂರ್ವಭಾವಿ ಸಭೆ) 04-12-2024",,01:23:57,public,12/5/2024,,34.77737111180424,3088,83,7,0,0,-,0
aDHlpQvaufA,ಪೂಜ್ಯ ಶ್ರೀ ಸಿದ್ದೇಶ್ವರ ಮಹಾಸ್ವಾಮಿಗಳವರ ಗುರು ನಮನ ಮಹೋತ್ಸವ 2025  ಹಳ್ಳಿಗಳಲ್ಲಿ ಜ್ಞಾನದಾಸೋಹ-ಚಿಕ್ಕರೂಗಿ,,18:23,public,12/4/2024,,37.30388468291018,5536,154,17,0,0,-,0
awen8PQ9pb4,ನಮ್ಮ ಜೀವನದಲ್ಲಿ ಅಮೃತತ್ವವನ್ನು ಅನುಭವಿಸುವುದು ಹೇಗೆ?,,17:26,public,12/3/2024,,44.77527232326523,31110,596,41,0,0,-,0
OGZq2lmMpvg,ನಾವೆಲ್ಲರೂ ಸತ್ಯದ ಆಚರಣೆಯನ್ನು ಹೇಗೆ ಮಾಡಬೇಕು?,#siddheshwarswamiji   #Jnanayogi #kannadapravachan #motivationalvideo #SiritualTalks #https://amzn.eu/d/j5QXHyw #https://www.jnanayogashrama.org/mdsmall/mdsm_index.php #https://instagram.com/jnanayogashrama?igshid=ZDdkNTZiNTM= #https://www.facebook.com/jnanayogashrama?mibextid=ZbWKwL,21:11,public,12/1/2024,,43.69084014746696,24215,451,34,4,9,-,0
sbuyftjmVt0,ಪೂಜ್ಯ ಶ್ರೀ ಸಿದ್ದೇಶ್ವರ ಮಹಾಸ್ವಾಮಿಗಳವರ ಗುರು ನಮನ ಮಹೋತ್ಸವ 2025  ಹಳ್ಳಿಗಳಲ್ಲಿ ಜ್ಞಾನದಾಸೋಹ-ಗಂಗನಳ್ಳಿ,,04:58,public,11/30/2024,,33.414815400516666,2254,75,6,0,0,-,0
U3ZnJQHteyk,ನಮ್ಮೆಲ್ಲರ ಹತ್ತಿರ ಇರಬೇಕಾದ ದೊಡ್ಡ ಗುಣ ಯಾವುದು?,ಪೂಜ್ಯರ ಪ್ರವಚನದ ಪುಸ್ತಕಗಳು ಈಗ Amazon & Website ನಲ್ಲಿ ಲಭ್ಯವಿರುತ್ತವೆ. ತಾವು ಕೆಳಗಡೆ ಕೊಟ್ಟಿರುವ ಲಿಂಕ್ ಮುಖಾಂತರ ಖರೀದಿಸಬಹದು? Amazon : https://amzn.in/d/98q8EXK Website : https://www.jnanayogashrama.org/books_kannada.php,15:42,public,11/29/2024,,46.160012578912855,42840,732,34,2,21,-,0
IT9dEe1A8o8,ಪೂಜ್ಯ ಶ್ರೀ ಸಿದ್ದೇಶ್ವರ ಮಹಾಸ್ವಾಮಿಗಳವರ ಗುರು ನಮನ ಮಹೋತ್ಸವ 2025  ಹಳ್ಳಿಗಳಲ್ಲಿ ಜ್ಞಾನದಾಸೋಹ-ಗುಣಕಿ,,12:22,public,11/28/2024,,35.44014116077418,3599,123,13,0,0,-,0
WaEI21AhTqs,ಪೂಜ್ಯ ಶ್ರೀ ಸಿದ್ದೇಶ್ವರ ಮಹಾಸ್ವಾಮಿಗಳವರ ಗುರು ನಮನ ಮಹೋತ್ಸವ 2025  ಹಳ್ಳಿಗಳಲ್ಲಿ ಜ್ಞಾನದಾಸೋಹ-ಬೊಮ್ಮನಳ್ಳಿ,,14:19,public,11/27/2024,,38.33299884264227,7022,177,20,0,0,-,0
VW0TktaUSik,ಜ್ಞಾನಯೋಗಿ ಪೂಜ್ಯ ಶ್ರೀ ಸಿದ್ದೇಶ್ವರ ಮಹಾಸ್ವಾಮಿಗಳವರ ಗುರು ನಮನ ಮಹೋತ್ಸವ 2025  ಹಳ್ಳಿಗಳಲ್ಲಿ ಜ್ಞಾನದಾಸೋಹ- ಮಖಣಾಪೂರ,,04:53,public,11/25/2024,,39.56437554076661,9333,187,17,0,0,-,0
cYT2ze4reAI,ದೇವರು ನಮ್ಮ ಅನುಭವಕ್ಕೆ ಬರಬೇಕಾದರೆ ಏನು ಮಾಡಬೇಕು?,#siddheshwarswamiji   #Jnanayogi #kannadapravachan #motivationalvideo #SiritualTalks #https://amzn.eu/d/j5QXHyw #https://www.jnanayogashrama.org/mdsmall/mdsm_index.php #https://instagram.com/jnanayogashrama?igshid=ZDdkNTZiNTM= #https://www.facebook.com/jnanayogashrama?mibextid=ZbWKwL,13:03,public,11/24/2024,,44.080297520792094,26495,583,37,4,9,-,0
c12jO_4lXU0,ಈ ಮೂರು  ಭಕ್ತಿಗಳಲ್ಲಿ ಯಾವುದು ಶ್ರೇಷ್ಠ ಭಕ್ತಿ?,#siddheshwarswamiji   #Jnanayogi #kannadapravachan #motivationalvideo #SiritualTalks #https://amzn.eu/d/j5QXHyw #https://www.jnanayogashrama.org/mdsmall/mdsm_index.php #https://instagram.com/jnanayogashrama?igshid=ZDdkNTZiNTM= #https://www.facebook.com/jnanayogashrama?mibextid=ZbWKwL,20:50,public,11/22/2024,,43.83169051177512,25016,496,30,4,9,-,0
L9S8TsB0mqc,ವ್ಯಾವಹಾರಿಕ ಪ್ರೇಮ ಎಂದರೆ ಏನು?,#siddheshwarswamiji   #Jnanayogi #kannadapravachan #motivationalvideo #SiritualTalks #https://amzn.eu/d/j5QXHyw #https://www.jnanayogashrama.org/mdsmall/mdsm_index.php #https://instagram.com/jnanayogashrama?igshid=ZDdkNTZiNTM= #https://www.facebook.com/jnanayogashrama?mibextid=ZbWKwL,15:28,public,11/19/2024,,42.554161217993304,18622,417,21,4,9,-,0
2EesE77Ig84,ಮನಸ್ಸಿನಲ್ಲಿರುವ ದ್ವೇಷದ ಭಾವನೆಯನ್ನು ತೆಗೆಯುವುದು ಹೇಗೆ?,ಪೂಜ್ಯರ ಪ್ರವಚನದ ಪುಸ್ತಕಗಳು ಈಗ Amazon & Website ನಲ್ಲಿ ಲಭ್ಯವಿರುತ್ತವೆ. ತಾವು ಕೆಳಗಡೆ ಕೊಟ್ಟಿರುವ ಲಿಂಕ್ ಮುಖಾಂತರ ಖರೀದಿಸಬಹದು? Amazon : https://amzn.in/d/98q8EXK Website : https://www.jnanayogashrama.org/books_kannada.php,27:23,public,11/17/2024,,55.043733351508735,333635,3.4K,158,2,21,-,0
nKvGcCVvyYU,ಏನೇ ಪ್ರೀತಿಸಿದರು ಹೇಗೆ ಪ್ರೀತಿಸಬೇಕು?,#siddheshwarswamiji   #Jnanayogi #kannadapravachan #motivationalvideo #SiritualTalks #https://amzn.eu/d/j5QXHyw #https://www.jnanayogashrama.org/mdsmall/mdsm_index.php #https://instagram.com/jnanayogashrama?igshid=ZDdkNTZiNTM= #https://www.facebook.com/jnanayogashrama?mibextid=ZbWKwL,25:02,public,11/14/2024,,47.07457632349812,52920,939,34,4,9,-,1
a9DqQwlsCc8,ನಮ್ಮ ಜೀವನದಲ್ಲಿ ಸಮಾಧಾನ ಉಂಟಾಗಬೇಕಾದರೆ ಎಂತಹ ಅಮೃತ ಕುಡಿಯಬೇಕು?,#siddheshwarswamiji   #Jnanayogi #kannadapravachan #motivationalvideo #SiritualTalks #https://amzn.eu/d/j5QXHyw #https://www.jnanayogashrama.org/mdsmall/mdsm_index.php #https://instagram.com/jnanayogashrama?igshid=ZDdkNTZiNTM= #https://www.facebook.com/jnanayogashrama?mibextid=ZbWKwL,19:04,public,11/12/2024,,45.88526192843129,40205,718,31,4,9,-,0
rDX7wYfhLik,ನಿಸರ್ಗ ದೇವರಿಂದ ನಮಗೆ ಸಿಕ್ಕ ಅಪರೂಪದ ಕಾಣಿಕೆ ಎಂದರೆ ಯಾವುದು?,#siddheshwarswamiji   #Jnanayogi #kannadapravachan #motivationalvideo #SiritualTalks #https://amzn.eu/d/j5QXHyw #https://www.jnanayogashrama.org/mdsmall/mdsm_index.php #https://instagram.com/jnanayogashrama?igshid=ZDdkNTZiNTM= #https://www.facebook.com/jnanayogashrama?mibextid=ZbWKwL,26:12,public,11/9/2024,,45.37660365312723,35747,648,30,4,9,-,0
nsuaRWbAJNA,ಜಗತ್ತಿನಲ್ಲಿ  ನಮಗೆ ಅತ್ಯಂತ ಸುಲಭವಾಗಿ ಸಿಗುವ ವಸ್ತು ಯಾವುದು?,#siddheshwarswamiji   #Jnanayogi #kannadapravachan #motivationalvideo #SiritualTalks #https://amzn.eu/d/j5QXHyw #https://www.jnanayogashrama.org/mdsmall/mdsm_index.php #https://instagram.com/jnanayogashrama?igshid=ZDdkNTZiNTM= #https://www.facebook.com/jnanayogashrama?mibextid=ZbWKwL,31:05,public,11/7/2024,,47.367836728124836,56630,896,56,4,9,-,0
bu9ovY4r-5o,ಚಿಂತೆ ಎಂಬುದು ನಮ್ಮ ಜೀವನದ ಮೆರಗನ್ನು ಹೇಗೆ ಹಾಳು ಮಾಡುತ್ತದೆ?,ಪೂಜ್ಯರ ಪ್ರವಚನದ ಪುಸ್ತಕಗಳು ಈಗ Amazon & Website ನಲ್ಲಿ ಲಭ್ಯವಿರುತ್ತವೆ. ತಾವು ಕೆಳಗಡೆ ಕೊಟ್ಟಿರುವ ಲಿಂಕ್ ಮುಖಾಂತರ ಖರೀದಿಸಬಹದು? Amazon : https://amzn.in/d/98q8EXK Website : https://www.jnanayogashrama.org/books_kannada.php,19:23,public,11/5/2024,,48.9453425216834,81534,1.1K,50,2,21,-,1
8oEPdQyYOEE,ನಮ್ಮ ಬದುಕಿನಲ್ಲಿ  ಜ್ಞಾನದ ಬೆಳಕು ಮೂಡಬೇಕಾದರೆ ಏನು ಮಾಡಬೇಕು?,#siddheshwarswamiji   #Jnanayogi #kannadapravachan #motivationalvideo #SiritualTalks #https://amzn.eu/d/j5QXHyw #https://www.jnanayogashrama.org/mdsmall/mdsm_index.php #https://instagram.com/jnanayogashrama?igshid=ZDdkNTZiNTM= #https://www.facebook.com/jnanayogashrama?mibextid=ZbWKwL,20:37,public,11/3/2024,,44.50104224596422,29200,647,25,4,9,-,0
x8FsccHp1JQ,ಪೂಜ್ಯ ಶ್ರೀ  ಸಿದ್ಧೇಶ್ವರ ಮಹಾಸ್ವಾಮಿಗಳವರ ಜನ್ಮ ದಿನದ ನಿಮಿತ್ಯ ವಿಶೇಷ ಕಾರ್ಯಕ್ರಮ,"ಜ್ಞಾನಯೋಗಾಶ್ರಮ, ವಿಜಯಪುರ",02:08:37,public,11/3/2024,,37.65656627867145,6006,188,14,0,2,-,0
X6L5v8aoAyw,ನಾವು ಜಗತ್ತಿನಿಂದ ಅತಿಯಾದ ನಿರೀಕ್ಷೆಯನ್ನು ಏಕೆ ಪಡಬಾರದು?,#siddheshwarswamiji   #Jnanayogi #kannadapravachan #motivationalvideo #SiritualTalks #https://amzn.eu/d/j5QXHyw #https://www.jnanayogashrama.org/mdsmall/mdsm_index.php #https://instagram.com/jnanayogashrama?igshid=ZDdkNTZiNTM= #https://www.facebook.com/jnanayogashrama?mibextid=ZbWKwL,11:44,public,11/1/2024,,41.377455886573514,14189,411,18,4,9,-,0
Pk2jQXKVi2g,ಮನುಷ್ಯನು ತನ್ನ ಜೀವನದಲ್ಲಿ ದುಡಿಮೆಗೆ ಎಷ್ಟು ಮಹತ್ವ ಕೊಡಬೇಕು?,ಪೂಜ್ಯರ ಪ್ರವಚನದ ಪುಸ್ತಕಗಳು ಈಗ Amazon & Website ನಲ್ಲಿ ಲಭ್ಯವಿರುತ್ತವೆ. ತಾವು ಕೆಳಗಡೆ ಕೊಟ್ಟಿರುವ ಲಿಂಕ್ ಮುಖಾಂತರ ಖರೀದಿಸಬಹದು? Amazon : https://amzn.in/d/98q8EXK Website : https://www.jnanayogashrama.org/books_kannada.php,22:28,public,10/28/2024,,48.5223778709545,73943,1.2K,52,2,21,-,1
yjuLn4gJAX8,ಪೂಜ್ಯ ಶ್ರೀ ಮಲ್ಲಿಕಾರ್ಜುನ ಮಹಾಶಿವಯೋಗಿಗಳವರ 122ನೇ ಜಯಂತ್ಯೋತ್ಸವ,ಪೂಜ್ಯರಿಂದ ಪ್ರವಚನ,01:31:55,public,10/28/2024,,31.93427277754877,1601,61,4,0,2,-,0
V8Re93vNBFw,ಪೂಜ್ಯ ಶ್ರೀ ಮಲ್ಲಿಕಾರ್ಜುನ ಮಹಾಶಿವಯೋಗಿಗಳವರ 122ನೇ ಜಯಂತ್ಯೋತ್ಸವ,ಪಲ್ಲಕ್ಕಿ ಉತ್ಸವ,27:02,public,10/28/2024,,30.47204080608853,1142,20,0,0,2,-,0
6hBFKvei41Y,ಪೂಜ್ಯ ಶ್ರೀ ಮಲ್ಲಿಕಾರ್ಜುನ ಮಹಾಶಿವಯೋಗಿಗಳವರ 122ನೇ ಜಯಂತ್ಯೋತ್ಸವ,ಗುರುದೇವರ ಗೀತೆಗಳು ಹಾಗೂ ಭಜನೆಗಳು,01:26:43,public,10/28/2024,,29.853854144900914,990,20,0,0,4,-,0
Mb7DWEcCe8M,ಪೂಜ್ಯ ಶ್ರೀ ಮಲ್ಲಿಕಾರ್ಜುನ ಮಹಾಶಿವಯೋಗಿಗಳವರ 122ನೇ ಜಯಂತ್ಯೋತ್ಸವ,ಗುರುದೇವರ ಗೀತೆಗಳು ಹಾಗೂ ಭಜನೆಗಳು,03:06:20,public,10/28/2024,,33.240453928842264,2165,77,3,0,4,-,2
IAvWXf9FLY4,ಪೂಜ್ಯ ಶ್ರೀ ಮಲ್ಲಿಕಾರ್ಜುನ ಮಹಾಶಿವಯೋಗಿಗಳವರ 122ನೇ ಜಯಂತ್ಯೋತ್ಸವ,ಪ್ರಣವ ಮಂಟಪ ಗದ್ದುಗೆಯ ಮಹಾಪೂಜೆ,44:43,public,10/27/2024,,33.96916428102494,2562,83,4,0,4,-,0
EqTlCiY58S8,ಪೂಜ್ಯ ಶ್ರೀ ಮಲ್ಲಿಕಾರ್ಜುನ ಮಹಾಶಿವಯೋಗಿಗಳವರ 122ನೇ ಜಯಂತ್ಯೋತ್ಸವ,,37:37,public,10/27/2024,,36.303957463269825,4394,141,25,0,0,-,0
duRIaVyMwA0,ಪೂಜ್ಯ ಶ್ರೀ ಮಲ್ಲಿಕಾರ್ಜುನ ಮಹಾಶಿವಯೋಗಿಗಳವರ 122ನೇ ಜಯಂತ್ಯೋತ್ಸವ,ಪೂಜ್ಯರಿಂದ ಪ್ರವಚನ,04:03,public,10/27/2024,,27.729521950418857,606,25,0,0,2,-,0
CEjW6Q3vEKo,ಸಂತರಲ್ಲಿ ಅತಿ ದೊಡ್ಡ ಸಂತ ಎಂದರೆ ಯಾರು?,#siddheshwarswamiji   #Jnanayogi #kannadapravachan #motivationalvideo #SiritualTalks #https://amzn.eu/d/j5QXHyw #https://www.jnanayogashrama.org/mdsmall/mdsm_index.php #https://instagram.com/jnanayogashrama?igshid=ZDdkNTZiNTM= #https://www.facebook.com/jnanayogashrama?mibextid=ZbWKwL,21:37,public,10/25/2024,,44.65894737281998,30285,600,43,4,9,-,0
KeJGi5H9kNU,ಈ ಜಗತ್ತಿನಲ್ಲಿ ಯಾವುದು ಇರುತ್ತದೆ? ಯಾವುದು ಹೋಗುತ್ತದೆ?,ಪೂಜ್ಯರ ಪ್ರವಚನದ ಪುಸ್ತಕಗಳು ಈಗ Amazon & Website ನಲ್ಲಿ ಲಭ್ಯವಿರುತ್ತವೆ. ತಾವು ಕೆಳಗಡೆ ಕೊಟ್ಟಿರುವ ಲಿಂಕ್ ಮುಖಾಂತರ ಖರೀದಿಸಬಹದು? Amazon : https://amzn.in/d/98q8EXK Website : https://www.jnanayogashrama.org/books_kannada.php,25:00,public,10/22/2024,,47.72771046966272,61540,1K,57,2,21,-,0
UDCpeAOvKpE,ಇಂದ್ರೀಯಗಳನ್ನು ನಮ್ಮ ಹಿಡಿತದಲ್ಲಿಡಲು ಯಾವ ನೀತಿಯನ್ನು ಅನುಸರಿಸಬೇಕು?,ಪೂಜ್ಯರ ಪ್ರವಚನದ ಪುಸ್ತಕಗಳು ಈಗ Amazon & Website ನಲ್ಲಿ ಲಭ್ಯವಿರುತ್ತವೆ. ತಾವು ಕೆಳಗಡೆ ಕೊಟ್ಟಿರುವ ಲಿಂಕ್ ಮುಖಾಂತರ ಖರೀದಿಸಬಹದು? Amazon : https://amzn.in/d/98q8EXK Website : https://www.jnanayogashrama.org/books_kannada.php,28:14,public,10/20/2024,,49.62360754197911,95367,1.5K,77,2,21,-,0
MZ6XQfhW7Z0,"17-10-2024 ವಿಶೇಷ ಉಪನ್ಯಾಸ : ಎಂ. ಡಿ. ಪವಿತ್ರ, ಮನೆಮದ್ದು ಮತ್ತು ಪಾರಂಪರಿಕ ವೈದ್ಯರು.",#Siddheshwarswamiji  #Jnanayogi #kannadapravachan #motivationalvideo #SiritualTalks #https://amzn.eu/d/j5QXHyw #https://www.jnanayogashrama.org/mdsmall/mdsm_index.php #https://instagram.com/jnanayogashrama?igshid=ZDdkNTZiNTM= #https://www.facebook.com/jnanayogashrama?mibextid=ZbWKwL,01:19:45,public,10/18/2024,,42.02055600524632,16462,266,28,4,9,-,0
lCN-QQoWVx4,ದೇವನತ್ತ ಮನಸ್ಸನ್ನು ಹರಿಬಿಡಲು ನಾವು ಎಂತಹ ಭಕ್ತಿ ಮಾಡಬೇಕು?,ಪೂಜ್ಯರ ಪ್ರವಚನದ ಪುಸ್ತಕಗಳು ಈಗ Amazon & Website ನಲ್ಲಿ ಲಭ್ಯವಿರುತ್ತವೆ. ತಾವು ಕೆಳಗಡೆ ಕೊಟ್ಟಿರುವ ಲಿಂಕ್ ಮುಖಾಂತರ ಖರೀದಿಸಬಹದು? Amazon : https://amzn.in/d/98q8EXK Website : https://www.jnanayogashrama.org/books_kannada.php,23:35,public,10/17/2024,,47.4961481508671,58334,995,52,2,21,-,0
OyEirFmLnzk,ನಾವು ಯಾರ ಹಾಗೆ ಈ ಜಗತ್ತಿನಲ್ಲಿ ಬದುಕಿ ಹೋಗಬೇಕಾಗಿದೆ?,ಪೂಜ್ಯರ ಪ್ರವಚನದ ಪುಸ್ತಕಗಳು ಈಗ Amazon & Website ನಲ್ಲಿ ಲಭ್ಯವಿರುತ್ತವೆ. ತಾವು ಕೆಳಗಡೆ ಕೊಟ್ಟಿರುವ ಲಿಂಕ್ ಮುಖಾಂತರ ಖರೀದಿಸಬಹದು? Amazon : https://amzn.in/d/98q8EXK Website : https://www.jnanayogashrama.org/books_kannada.php,22:07,public,10/15/2024,,47.32235353906101,56038,932,50,2,21,-,0
BuwGHRukwkI,ಮನಸ್ಸು ಮಲಿನ ಮಾಡಿಕೊಳ್ಳದೆ ಸಂತೋಷವಾದ ಜೀವನವನ್ನು ಸಾಗಿಸುವುದು ಹೇಗೆ?,#Siddheshwarswamiji  #Jnanayogi #kannadapravachan #motivationalvideo #SiritualTalks #https://amzn.eu/d/j5QXHyw #https://www.jnanayogashrama.org/mdsmall/mdsm_index.php #https://instagram.com/jnanayogashrama?igshid=ZDdkNTZiNTM= #https://www.facebook.com/jnanayogashrama?mibextid=ZbWKwL,13:22,public,10/13/2024,,44.289170150076174,27805,610,31,4,9,-,0
FDyqcScD2RA,ವಿಜಯದಶಮಿ ವಿಶೇಷ,#Siddheshwarswamiji  #Jnanayogi #kannadapravachan #motivationalvideo #SiritualTalks #https://amzn.eu/d/j5QXHyw #https://www.jnanayogashrama.org/mdsmall/mdsm_index.php #https://instagram.com/jnanayogashrama?igshid=ZDdkNTZiNTM= #https://www.facebook.com/jnanayogashrama?mibextid=ZbWKwL,04:21,public,10/12/2024,,42.13292619015349,16895,479,41,4,9,-,0
aRj1j0DNQBM,ನಮ್ಮನ್ನು ಯಾವುದು ಬಡವ ಮತ್ತು ಶ್ರೀಮಂತರನ್ನಾಗಿ ಮಾಡುತ್ತದೆ?,ಪೂಜ್ಯರ ಪ್ರವಚನದ ಪುಸ್ತಕಗಳು ಈಗ Amazon & Website ನಲ್ಲಿ ಲಭ್ಯವಿರುತ್ತವೆ. ತಾವು ಕೆಳಗಡೆ ಕೊಟ್ಟಿರುವ ಲಿಂಕ್ ಮುಖಾಂತರ ಖರೀದಿಸಬಹದು? Amazon : https://amzn.in/d/98q8EXK Website : https://www.jnanayogashrama.org/books_kannada.php,30:41,public,10/9/2024,,50.591651333412784,119271,1.3K,85,2,21,-,0
GzVyWej6pgU,ನಾವು ಸಾಧನೆಯನ್ನು ಸುಲಭವಾಗಿ ಮಾಡುವುದು ಹೇಗೆ?,#Siddheshwarswamiji  #Jnanayogi #kannadapravachan #motivationalvideo #SiritualTalks #https://amzn.eu/d/j5QXHyw #https://www.jnanayogashrama.org/mdsmall/mdsm_index.php #https://instagram.com/jnanayogashrama?igshid=ZDdkNTZiNTM= #https://www.facebook.com/jnanayogashrama?mibextid=ZbWKwL,32:30,public,10/7/2024,,47.24088111230592,54993,935,46,4,9,-,1
3zDqciQglIY,ನಾವು ಸಂಸಾರದ ದಂದುಗದಿಂದ ಪಾರಾಗುವುದು ಯಾವಾಗ?,ಪೂಜ್ಯರ ಪ್ರವಚನದ ಪುಸ್ತಕಗಳು ಈಗ Amazon & Website ನಲ್ಲಿ ಲಭ್ಯವಿರುತ್ತವೆ. ತಾವು ಕೆಳಗಡೆ ಕೊಟ್ಟಿರುವ ಲಿಂಕ್ ಮುಖಾಂತರ ಖರೀದಿಸಬಹದು? Amazon : https://amzn.in/d/98q8EXK Website : https://www.jnanayogashrama.org/books_kannada.php,26:05,public,10/5/2024,,49.755767963773735,98324,1.4K,76,2,21,-,0
nLaAgIotEVM,ನಾವು ದುಃಖದಿಂದ ದೂರವಾಗುವುದು ಹೇಗೆ?,#Siddheshwarswamiji  #Jnanayogi #kannadapravachan #motivationalvideo #SiritualTalks #https://amzn.eu/d/j5QXHyw #https://www.jnanayogashrama.org/mdsmall/mdsm_index.php #https://instagram.com/jnanayogashrama?igshid=ZDdkNTZiNTM= #https://www.facebook.com/jnanayogashrama?mibextid=ZbWKwL,26:48,public,10/2/2024,,48.15643039946096,67948,1K,50,4,9,-,0
qzCRE4dYsmE,ನಾವು  ನಿಸರ್ಗಕ್ಕೆ ಕೃತಜ್ಞತೆಯನ್ನು ಏಕೆ  ಸಲ್ಲಿಸಬೇಕು?,#Siddheshwarswamiji  #Jnanayogi #kannadapravachan #motivationalvideo #SiritualTalks #https://amzn.eu/d/j5QXHyw #https://www.jnanayogashrama.org/mdsmall/mdsm_index.php #https://instagram.com/jnanayogashrama?igshid=ZDdkNTZiNTM= #https://www.facebook.com/jnanayogashrama?mibextid=ZbWKwL,20:01,public,9/30/2024,,42.73799484141812,19430,483,38,4,9,-,2
BB373BA5cfw,ಧರ್ಮವನ್ನು ಯಾವ ರೂಪದಲ್ಲಿ ಆಚರಿಸಬೇಕು?,#Siddheshwarswamiji  #Jnanayogi #kannadapravachan #motivationalvideo #SiritualTalks #https://amzn.eu/d/j5QXHyw #https://www.jnanayogashrama.org/mdsmall/mdsm_index.php #https://instagram.com/jnanayogashrama?igshid=ZDdkNTZiNTM= #https://www.facebook.com/jnanayogashrama?mibextid=ZbWKwL,19:36,public,9/28/2024,,43.7010161107411,24272,540,31,4,9,-,2
82dg0pXjm_w,ಸೋಲಿಲ್ಲದ ಜೀವನವನ್ನು ಸಾಗಿಸುವುದು ಹೇಗೆ?,ಪೂಜ್ಯರ ಪ್ರವಚನದ ಪುಸ್ತಕಗಳು ಈಗ Amazon & Website ನಲ್ಲಿ ಲಭ್ಯವಿರುತ್ತವೆ. ತಾವು ಕೆಳಗಡೆ ಕೊಟ್ಟಿರುವ ಲಿಂಕ್ ಮುಖಾಂತರ ಖರೀದಿಸಬಹದು? Amazon : https://amzn.in/d/98q8EXK Website : https://www.jnanayogashrama.org/books_kannada.php,23:53,public,9/25/2024,,51.8197477232619,158404,2K,80,2,21,-,0
PnYosJDVTig,ಸಾಮಾನ್ಯ ಮನುಷ್ಯ ಅಸಾಮಾನ್ಯನಾಗುವುದು ಹೇಗೆ?,#Siddheshwarswamiji  #Jnanayogi #kannadapravachan #motivationalvideo #SiritualTalks #https://amzn.eu/d/j5QXHyw #https://www.jnanayogashrama.org/mdsmall/mdsm_index.php #https://instagram.com/jnanayogashrama?igshid=ZDdkNTZiNTM= #https://www.facebook.com/jnanayogashrama?mibextid=ZbWKwL,16:42,public,9/23/2024,,43.63090811946904,23882,588,28,4,9,-,0
77TA-VcscqY,ಎಂತಹದೇ ಕಷ್ಟಗಳು ಬಂದರು ಎದುರಿಸಿವುದು ಹೇಗೆ?,ಪೂಜ್ಯರ ಪ್ರವಚನದ ಪುಸ್ತಕಗಳು ಈಗ Amazon & Website ನಲ್ಲಿ ಲಭ್ಯವಿರುತ್ತವೆ. ತಾವು ಕೆಳಗಡೆ ಕೊಟ್ಟಿರುವ ಲಿಂಕ್ ಮುಖಾಂತರ ಖರೀದಿಸಬಹದು? Amazon : https://amzn.in/d/98q8EXK Website : https://www.jnanayogashrama.org/books_kannada.php,32:30,public,9/21/2024,,55.66431733284739,385073,3.9K,180,2,21,-,0
TI-9EcIaTDE,ಏನಾದರೂ ಕಲಿಯಬೇಕಾದರೆ ಈ ಐದು ವಿಧಾನಗಳನ್ನು ಅಳವಡಿಸಿಕೊಳ್ಳಿ,#Siddheshwarswamiji  #Jnanayogi #kannadapravachan #motivationalvideo #SiritualTalks #https://amzn.eu/d/j5QXHyw #https://www.jnanayogashrama.org/mdsmall/mdsm_index.php #https://instagram.com/jnanayogashrama?igshid=ZDdkNTZiNTM= #https://www.facebook.com/jnanayogashrama?mibextid=ZbWKwL,15:07,public,9/18/2024,,45.04533030818836,33113,708,32,4,9,-,0
UdtDtnnFwlg,ಎಲ್ಲವೂ ನನ್ನದೇ ನನ್ನದೇ ಎಂದು ಏಕೆ ಬಡಿದಾಡಬಾರದು?,ಪೂಜ್ಯರ ಪ್ರವಚನದ ಪುಸ್ತಕಗಳು ಈಗ Amazon & Website ನಲ್ಲಿ ಲಭ್ಯವಿರುತ್ತವೆ. ತಾವು ಕೆಳಗಡೆ ಕೊಟ್ಟಿರುವ ಲಿಂಕ್ ಮುಖಾಂತರ ಖರೀದಿಸಬಹದು? Amazon : https://amzn.in/d/98q8EXK Website : https://www.jnanayogashrama.org/books_kannada.php,29:13,public,9/16/2024,,57.91607456956758,647876,5.5K,202,2,21,-,0
8adiN5an4jA,ನೋಡಿ ನಮ್ಮ ಮನಸ್ಸಿಗೆ ಎಂತಹ ಶಕ್ತಿ ಇದೆ?,#Siddheshwarswamiji  #Jnanayogi #kannadapravachan #motivationalvideo #SiritualTalks #https://amzn.eu/d/j5QXHyw #https://www.jnanayogashrama.org/mdsmall/mdsm_index.php #https://instagram.com/jnanayogashrama?igshid=ZDdkNTZiNTM= #https://www.facebook.com/jnanayogashrama?mibextid=ZbWKwL,12:53,public,9/14/2024,,44.16954288474416,27047,664,33,4,9,-,0
_2moY1vsl14,ಯಾವುದೇ ವಸ್ತುವಿನ ಬಗ್ಗೆ ತಿಳಿದುಕೊಳ್ಳಬೇಕಾದರೆ ನಾವು ಅದನ್ನು ಹೇಗೆ ನೋಡಬೇಕು?,#Siddheshwarswamiji  #Jnanayogi #kannadapravachan #motivationalvideo #SiritualTalks #https://amzn.eu/d/j5QXHyw #https://www.jnanayogashrama.org/mdsmall/mdsm_index.php #https://instagram.com/jnanayogashrama?igshid=ZDdkNTZiNTM= #https://www.facebook.com/jnanayogashrama?mibextid=ZbWKwL,23:10,public,9/11/2024,,43.59907646465012,23707,557,26,4,9,-,0
sNjBsxa8r7o,ನಾವು ಎಷ್ಟು ದೊಡ್ಡವರೆಂದು ತಿಳಿದುಕೊಳ್ಳುವುದು ಹೇಗೆ?,ಪೂಜ್ಯರ ಪ್ರವಚನದ ಪುಸ್ತಕಗಳು ಈಗ Amazon & Website ನಲ್ಲಿ ಲಭ್ಯವಿರುತ್ತವೆ. ತಾವು ಕೆಳಗಡೆ ಕೊಟ್ಟಿರುವ ಲಿಂಕ್ ಮುಖಾಂತರ ಖರೀದಿಸಬಹದು? Amazon : https://amzn.in/d/98q8EXK Website : https://www.jnanayogashrama.org/books_kannada.php,26:43,public,9/9/2024,,49.31354875068955,88774,1.1K,46,2,21,-,0
_HSU1EziluE,ಜಗತ್ತಿನ ಸತ್ಯ ನಮಗೆ  ಕಾಣಬೇಕಾದರೆ ಏನು ಮಾಡಬೇಕು?,#Siddheshwarswamiji  #Jnanayogi #kannadapravachan #motivationalvideo #SiritualTalks #https://amzn.eu/d/j5QXHyw #https://www.jnanayogashrama.org/mdsmall/mdsm_index.php #https://instagram.com/jnanayogashrama?igshid=ZDdkNTZiNTM= #https://www.facebook.com/jnanayogashrama?mibextid=ZbWKwL,13:27,public,9/6/2024,,44.318644678801064,27995,534,21,4,9,-,0
wSfFO59Y8yc,ಪರಮ ಭಕ್ತನ ಭಕ್ತಿಯ ಜೀವನ ಹೇಗಿರುತ್ತದೆ?,ಪೂಜ್ಯರ ಪ್ರವಚನದ ಪುಸ್ತಕಗಳು ಈಗ Amazon & Website ನಲ್ಲಿ ಲಭ್ಯವಿರುತ್ತವೆ. ತಾವು ಕೆಳಗಡೆ ಕೊಟ್ಟಿರುವ ಲಿಂಕ್ ಮುಖಾಂತರ ಖರೀದಿಸಬಹದು? Amazon : https://amzn.in/d/98q8EXK Website : https://www.jnanayogashrama.org/books_kannada.php,39:06,public,9/4/2024,,51.49475023390334,146945,1.6K,76,2,21,-,0
1UTOmLOZXos,ಶ್ರಾವಣ ಮಾಸದ ಪ್ರವಚನದ ಮುಕ್ತಾಯ ಕಾರ್ಯಕ್ರಮ,,01:10:50,public,9/3/2024,,38.96658651835035,8129,120,9,0,0,-,0
EHs_75G6FuE,ಮನಸ್ಸಿನ ಆನಂದಕ್ಕಾಗಿ ನಾವು ಯಾವ ನೀತಿಯನ್ನು ಪಾಲಿಸಬೇಕು?,ಪೂಜ್ಯರ ಪ್ರವಚನದ ಪುಸ್ತಕಗಳು ಈಗ Amazon & Website ನಲ್ಲಿ ಲಭ್ಯವಿರುತ್ತವೆ. ತಾವು ಕೆಳಗಡೆ ಕೊಟ್ಟಿರುವ ಲಿಂಕ್ ಮುಖಾಂತರ ಖರೀದಿಸಬಹದು? Amazon : https://amzn.in/d/98q8EXK Website : https://www.jnanayogashrama.org/books_kannada.php,23:35,public,9/2/2024,,51.18091620663144,136667,1.6K,56,2,21,-,0
9jW21dnUmUQ,"ಪೂಜ್ಯ ಶ್ರೀ ಬಸವಲಿಂಗ ಮಹಾಸ್ವಾಮಿಗಳು, ವಿಜಯಮಹಾಂತೇಶ್ವರ ತೀರ್ಥ, ಶಿರೂರ.",,01:11:33,public,9/1/2024,,43.55890875852964,23488,366,37,0,0,-,0
VLjkFnHthVs,"ಶ್ರಾವಣ ಮಾಸದ ವಿಶೇಷ ಪ್ರವಚನ ದಿನ-24 ಪೂಜ್ಯ ಶ್ರೀ ಡಾ. ಅಭಿನವ ಬ್ರಹ್ಮಾನಂದ ಮಹಾಸ್ವಾಮಿಗಳು, ಪರಮಾನಂದವಾಡಿ.",,01:16:13,public,9/1/2024,,39.272322163922254,8724,112,13,0,0,-,0
r2GQkN8jMtI,"ಶ್ರಾವಣ ಮಾಸದ ವಿಶೇಷ ಪ್ರವಚನ ದಿನ-23 ಪೂಜ್ಯ ಶ್ರೀ ತೇಜೋಮಯಾನಂದ ಮಹಾಸ್ವಾಮಿಗಳು, ಶ್ರೀ ಗುರುದೇವಾಶ್ರಮ, ನಿಂಬಾಳ.",,01:10:43,public,8/30/2024,,35.853854144900914,3960,83,8,0,0,-,0
mNcWD5KjAC0,"ಶ್ರಾವಣ ಮಾಸದ ವಿಶೇಷ ಪ್ರವಚನ ದಿನ-22 ಪೂಜ್ಯ ಮಾತಾಜಿ ಕೈವಲ್ಯಮಯಿ, ಅಧ್ಯಕ್ಷರು, ಕೃಪಾಮಯಿ ಶಾರದಾ ಆಶ್ರಮ, ವಿಜಯಪುರ",,39:47,public,8/30/2024,,37.08500903847832,5263,106,13,0,0,-,0
hrMc9tgrXaE,ಮನುಷ್ಯ ಸಿದ್ಧಿ ಪುರುಷನಾಗುವುದು ಹೇಗೆ?,#Siddheshwarswamiji  #Jnanayogi #kannadapravachan #motivationalvideo #SiritualTalks #https://amzn.eu/d/j5QXHyw #https://www.jnanayogashrama.org/mdsmall/mdsm_index.php #https://instagram.com/jnanayogashrama?igshid=ZDdkNTZiNTM= #https://www.facebook.com/jnanayogashrama?mibextid=ZbWKwL,18:08,public,8/28/2024,,44.63372151800067,30109,659,32,4,9,-,0
0TMmKyKgd24,"ಶ್ರಾವಣ ಮಾಸದ ವಿಶೇಷ ಪ್ರವಚನ ದಿನ-20 ಪೂಜ್ಯ ಶ್ರೀ ಶಿವಯೋಗೇಶ್ವರ ಮಹಾಸ್ವಾಮಿಗಳು, ಶ್ರೀ ಗುರುದೇವಾಶ್ರಮ, ಕಾಖಂಡಕಿ",,58:31,public,8/27/2024,,42.094328266782234,16745,245,27,0,0,-,0
rS_TadnG-oE,"ಶ್ರಾವಣ ಮಾಸದ ವಿಶೇಷ ಪ್ರವಚನ ದಿನ-10 ಪೂಜ್ಯ ಗುರುಪಾದ ಮಹಾಸ್ವಾಮಿಗಳು,ಶ್ರೀ ಗುರುದೇವಾಶ್ರಮ, ಯಕ್ಕಂಚಿ",,43:44,public,8/27/2024,,36.48245054902064,4579,83,5,0,0,-,0
guSXqTi5s6c,ಜೀವನದಲ್ಲಾಗುವ ಬದಲಾವಣೆಗಳನ್ನು ಎದುರಿಸಲು ನಮ್ಮಲ್ಲಿ ಎಂತಹ  ಜ್ಞಾನ ಇರಬೇಕು?,#Siddheshwarswamiji  #Jnanayogi #kannadapravachan #motivationalvideo #SiritualTalks #https://amzn.eu/d/j5QXHyw #https://www.jnanayogashrama.org/mdsmall/mdsm_index.php #https://instagram.com/jnanayogashrama?igshid=ZDdkNTZiNTM= #https://www.facebook.com/jnanayogashrama?mibextid=ZbWKwL,15:15,public,8/26/2024,,45.66147508538087,38179,798,32,4,9,-,0
zlgmjM1bHsA,"ಶ್ರಾವಣ ಮಾಸದ ವಿಶೇಷ ಪ್ರವಚನ ದಿನ-19 ಪೂಜ್ಯ ಶ್ರೀ ಮಲ್ಲಯ್ಯಾ ಮಹಾಸ್ವಾಮಿಗಳು, ಶಿವಾನಂದ ಮಠ, ಘೋಡಗೇರಿ",,01:24:17,public,8/26/2024,,40.27604115429847,11001,196,22,0,0,-,0
ZbeApVyBbVA,"ಶ್ರಾವಣ ಮಾಸದ ವಿಶೇಷ ಪ್ರವಚನ ದಿನ-18 ಪೂಜ್ಯ ಶ್ರೀ ಶರಣಾನಂದ ಮಹಾಸ್ವಾಮಿಗಳು, ಕಾಡಸಿದ್ಧೇಶ್ವರ ಮಠ, ಚಿಕ್ಕಾಲಗುಂದಿ",,41:19,public,8/25/2024,,38.49807678841576,7295,136,13,0,0,-,0
inIaYDTL0f0,ನಿಸರ್ಗ ಕೊಟ್ಟಿರುವುದನ್ನು ಹೇಗೆ ಬಳಸಿಕೊಂಡರೆ ಜೀವನ ಸಾರ್ಥಕವಾಗುತ್ತದೆ?,#Siddheshwarswamiji  #Jnanayogi #kannadapravachan #motivationalvideo #SiritualTalks #https://amzn.eu/d/j5QXHyw #https://www.jnanayogashrama.org/mdsmall/mdsm_index.php #https://instagram.com/jnanayogashrama?igshid=ZDdkNTZiNTM= #https://www.facebook.com/jnanayogashrama?mibextid=ZbWKwL,29:07,public,8/24/2024,,45.72840586048702,38774,679,35,4,9,-,0
latfIOMzKQ4,"ಶ್ರಾವಣ ಮಾಸದ ವಿಶೇಷ ಪ್ರವಚನ ದಿನ-17 ಪೂಜ್ಯ ಶ್ರೀ ವಿರತೀಶಾನಂದ ಮಹಾಸ್ವಾಮಿಗಳು, ಮನಗೂಳಿ.",,01:08:34,public,8/24/2024,,38.00864839036649,6515,112,14,0,0,-,0
4oSE-efnl7c,"ಶ್ರಾವಣ ಮಾಸದ ವಿಶೇಷ ಪ್ರವಚನ ದಿನ-16 ಪೂಜ್ಯ ಶ್ರೀ ಗೀರಿಶಾನಂದ ಮಹಾಸ್ವಾಮಿಗಳು, ಅವಜೀಕರ ಆಶ್ರಮ, ಕನಕನಾಳ",,01:01:21,public,8/23/2024,,37.906474218755136,6363,106,7,0,0,-,0
MFtY2C1kgKU,"ಶ್ರಾವಣ ಮಾಸದ ವಿಶೇಷ ಪ್ರವಚನ ದಿನ-15 ಪೂಜ್ಯ ಶ್ರೀ ಅಮರೇಶ್ವರ ಮಹಾರಾಜರು, ಸಿದ್ಧಸಿರಿ ಆಶ್ರಮ, ಕೌಲಗುಡ್ಡ.",,01:15:40,public,8/23/2024,,45.24457514188569,34673,399,30,0,0,-,0
Ea8KT9t8PHk,ಜಗತ್ತಿನಲ್ಲಿ ಬೆಲೆ ಕಟ್ಟಾಲಾಗದ ವಸ್ತು ಎಂದರೆ ಯಾವುದು?,ಪೂಜ್ಯರ ಪ್ರವಚನದ ಪುಸ್ತಕಗಳು ಈಗ Amazon & Website ನಲ್ಲಿ ಲಭ್ಯವಿರುತ್ತವೆ. ತಾವು ಕೆಳಗಡೆ ಕೊಟ್ಟಿರುವ ಲಿಂಕ್ ಮುಖಾಂತರ ಖರೀದಿಸಬಹದು? Amazon : https://amzn.in/d/98q8EXK Website : https://www.jnanayogashrama.org/books_kannada.php,36:27,public,8/21/2024,,53.66414267167231,242571,2.3K,135,2,21,-,0
suRIn2LlIWo,"ಶ್ರಾವಣ ಮಾಸದ ವಿಶೇಷ ಪ್ರವಚನ ದಿನ-13 ಪೂಜ್ಯ ಶ್ರೀ ಚನ್ನಮಲ್ಲಿಕಾರ್ಜುನ ಮಹಾಸ್ವಾಮಿಗಳು, ವಿರಕ್ತಮಠ, ತಿಕೋಟಾ",,37:31,public,8/20/2024,,49.7129468213557,97356,811,33,0,0,-,0
jiyDHEt_cts,ಮನುಷ್ಯ ಸಂಪತ್ತಿಗಿಂತ ಯಾವುದಕ್ಕೆ ಹೆಚ್ಚು ಮಹತ್ವ ನೀಡಬೇಕು?,#Siddheshwarswamiji  #Jnanayogi #kannadapravachan #motivationalvideo #SiritualTalks #https://amzn.eu/d/j5QXHyw #https://www.jnanayogashrama.org/mdsmall/mdsm_index.php #https://instagram.com/jnanayogashrama?igshid=ZDdkNTZiNTM= #https://www.facebook.com/jnanayogashrama?mibextid=ZbWKwL,14:19,public,8/19/2024,,44.593864324852404,29833,613,33,4,9,-,0
S-5HUgWzuXw,ಮನುಷ್ಯ ಯಾವುದನ್ನು ಸಮಾನವಾಗಿ ನೋಡಿದರೆ ಆತ ಸುಖವಾಗಿರಬಲ್ಲ?,#Siddheshwarswamiji  #Jnanayogi #kannadapravachan #motivationalvideo #SiritualTalks #https://amzn.eu/d/j5QXHyw #https://www.jnanayogashrama.org/mdsmall/mdsm_index.php #https://instagram.com/jnanayogashrama?igshid=ZDdkNTZiNTM= #https://www.facebook.com/jnanayogashrama?mibextid=ZbWKwL,19:54,public,8/17/2024,,45.37599823339417,35742,704,35,4,9,-,2
yIx4NMCH57Q,"ಪೂಜ್ಯ ಶ್ರೀ ಈಶಪ್ರಸಾದ ಮಹಾಸ್ವಾಮಿಗಳು, ಷಣ್ಮುಖ ಶಿವಯೋಗಿಗಳ ಗುರುದೇವಾಶ್ರಮ, ಅಥರ್ಗಾ",,01:00:12,public,8/17/2024,,38.003995607017586,6508,140,15,0,0,-,2
H1Es1QEShRo,"ಪೂಜ್ಯ ಶ್ರೀ ಶಂಕರಾನಂದ ಮಹಾಸ್ವಾಮಿಗಳು, ಸಿದ್ಧಾರೂಢ ಮಠ, ಶಿರೋಳ",,37:44,public,8/15/2024,,32.66851189023443,1897,42,1,0,0,-,0
Q7MwMTskt-s,ಜಗತ್ತು ಶಾಂತಿಯಿಂದ ಇರಬೇಕಾದರೆ ನಮ್ಮ ಹತ್ತಿರ ಏನಿರಬೇಕು?,#Siddheshwarswamiji  #Jnanayogi #kannadapravachan #motivationalvideo #SiritualTalks #https://amzn.eu/d/j5QXHyw #https://www.jnanayogashrama.org/mdsmall/mdsm_index.php #https://instagram.com/jnanayogashrama?igshid=ZDdkNTZiNTM= #https://www.facebook.com/jnanayogashrama?mibextid=ZbWKwL,26:18,public,8/14/2024,,47.37470973638064,56720,938,40,4,9,-,1
NFEaF5gCJ1M,Live-ಪೂಜ್ಯ ಶ್ರೀ ಸಿದ್ಧೇಶ್ವರ ಮಹಾಸ್ವಾಮಿಗಳವರ ವಿಡಿಯೋ ಆಧಾರಿತ ಆಧ್ಯಾತ್ಮಿಕ ಪ್ರವಚನ (14-08-2024),"ಸ್ಥಳ : ಜ್ಞಾನಯೋಗಾಶ್ರಮ, ವಿಜಯಪುರ",43:20,public,8/14/2024,,39.08993203976874,8364,247,9,0,4,-,0
Hg-idJ3endw,"ಜಗದ್ಗುರು ಶ್ರೀ ವಚನಾನಂದ ಮಹಾಸ್ವಾಮಿಗಳು, ವೀರಶೈವ ಲಿಂಗಾಯತ ಪಂಚಮಸಾಲಿ ಪೀಠ, ಹರಿಹರ",,46:01,public,8/14/2024,,34.70956682499285,3040,81,12,0,0,-,0
GTgWGw7qz08,"ಪೂಜ್ಯ ಶ್ರೀ ಸ್ವರೂಪಾನಂದ ಮಹಾಸ್ವಾಮಿಗಳು, ಸಿದ್ಧಾರೂಢ ಮಠ, ಇಂಡಿ-ಕವಲಗಿ",,52:16,public,8/13/2024,,32.716161015054396,1918,39,5,0,0,-,0
yt5aTO7KXKA,Live-ಪೂಜ್ಯ ಶ್ರೀ ಸಿದ್ಧೇಶ್ವರ ಮಹಾಸ್ವಾಮಿಗಳವರ ವಿಡಿಯೋ ಆಧಾರಿತ ಆಧ್ಯಾತ್ಮಿಕ ಪ್ರವಚನ (13-08-2024),"ಸ್ಥಳ : ಜ್ಞಾನಯೋಗಾಶ್ರಮ, ವಿಜಯಪುರ",46:59,public,8/13/2024,,38.45155061827714,7217,250,9,0,4,-,0
hQAm3goJyAw,ನಾವು ಮಾಡುವ ಕೆಲಸದಲ್ಲಿ ಏರು-ಪೇರುಗಳು ಏಕೆ ಉಂಟಾಗುತ್ತವೆ?,ಪೂಜ್ಯರ ಪ್ರವಚನದ ಪುಸ್ತಕಗಳು ಈಗ Amazon & Website ನಲ್ಲಿ ಲಭ್ಯವಿರುತ್ತವೆ. ತಾವು ಕೆಳಗಡೆ ಕೊಟ್ಟಿರುವ ಲಿಂಕ್ ಮುಖಾಂತರ ಖರೀದಿಸಬಹದು? Amazon : https://amzn.in/d/98q8EXK Website : https://www.jnanayogashrama.org/books_kannada.php,28:38,public,8/12/2024,,52.03278368198919,166396,1.8K,65,2,21,-,0
fZlvwL3L1ug,"ಶ್ರಾವಣ ಮಾಸದ ವಿಶೇಷ ಪ್ರವಚನ ದಿನ-6 ಪೂಜ್ಯ ಶ್ರೀಗುರುಮಹಾಂತ ಮಹಾಸ್ವಾಮಿಗಳು, ವಿಜಯಮಹಾಂತೇಶ್ವರ ಮಠ, ಚಿತ್ತರಗಿ-ಇಳಕಲ್",,01:10:40,public,8/12/2024,,43.08068948924845,21031,325,32,0,0,-,0
f0PmbT-fVBs,Live-ಪೂಜ್ಯ ಶ್ರೀ ಸಿದ್ಧೇಶ್ವರ ಮಹಾಸ್ವಾಮಿಗಳವರ ವಿಡಿಯೋ ಆಧಾರಿತ ಆಧ್ಯಾತ್ಮಿಕ ಪ್ರವಚನದ ಉದ್ಘಾಟನಾ ಸಮಾರಂಭ,"ಸ್ಥಳ : ಜ್ಞಾನಯೋಗಾಶ್ರಮ, ವಿಜಯಪುರ",01:06:01,public,8/11/2024,,36.67019524413489,4782,136,8,0,4,-,0
fFYgghb-UGA,"ಶ್ರಾವಣ ಮಾಸದ ವಿಶೇಷ ಪ್ರವಚನ ದಿನ-5 ಪೂಜ್ಯ ಶ್ರೀ ಶ್ರೀಕೃಷ್ಣ ಮಹಾರಾಜರು, ಶಾಂತಿ ಕುಟೀರ ಕನ್ನೂರ",,01:09:24,public,8/11/2024,,38.49985630675344,7298,158,14,0,0,-,0
CVifuf0pTX0,ನಮ್ಮ ಜೀವನ ಅರಳಬೇಕಾದರೆ ಗುರುವಿನ ಮಾತುಗಳು ಎಷ್ಟು ಅವಶ್ಯಕವಾಗಿವೆ?,#Siddheshwarswamiji  #Jnanayogi #kannadapravachan #motivationalvideo #SiritualTalks #https://amzn.eu/d/j5QXHyw #https://www.jnanayogashrama.org/mdsmall/mdsm_index.php #https://instagram.com/jnanayogashrama?igshid=ZDdkNTZiNTM= #https://www.facebook.com/jnanayogashrama?mibextid=ZbWKwL,18:54,public,8/10/2024,,46.20013661223304,43239,841,46,4,9,-,0
xk6fwDqpS8w,"ಶ್ರಾವಣ ಮಾಸದ ವಿಶೇಷ ಪ್ರವಚನ ದಿನ-4  ಪೂಜ್ಯ ಶ್ರೀ ಯೋಗೀಶ್ವರಿ ಮಾತಾಜಿ, ಸಿದ್ಧಾರೂಢ ಮಠ, ಬುರಣಾಪೂರ",,55:33,public,8/10/2024,,40.60035423593621,11857,157,9,0,0,-,0
olULzTq0ZcY,"ಶ್ರಾವಣ ಮಾಸದ ವಿಶೇಷ ಪ್ರವಚನ ದಿನ-3  - ಸಂಗಮೇಶ್ವರ ಸ್ವಾಮಿಗಳು, ಜ್ಞಾನಯೋಗಾಶ್ರಮ, ವಿಜಯಪುರ",ಸಮಯ : ಪ್ರತಿದಿನ ಸಾಯಂಕಾಲ 5:00 ಗಂಟೆಗೆ  ಸ್ಥಳ : ಜ್ಞಾನಯೋಗಾಶ್ರಮ ವಿಜಯಪುರ.,46:02,public,8/8/2024,,41.494218653515325,14577,332,37,0,10,-,0
zMvi063OdR0,ಸಂಸಾರವೆಂಬ  ಹೊಳೆಯನ್ನು ಸುಲಭವಾಗಿ ಈಜುವುದು ಹೇಗೆ?,ಪೂಜ್ಯರ ಪ್ರವಚನದ ಪುಸ್ತಕಗಳು ಈಗ Amazon & Website ನಲ್ಲಿ ಲಭ್ಯವಿರುತ್ತವೆ. ತಾವು ಕೆಳಗಡೆ ಕೊಟ್ಟಿರುವ ಲಿಂಕ್ ಮುಖಾಂತರ ಖರೀದಿಸಬಹದು? Amazon : https://amzn.in/d/98q8EXK Website : https://www.jnanayogashrama.org/books_kannada.php,18:07,public,8/7/2024,,50.90279335270779,128161,1.7K,77,2,21,-,0
O3FnflocYs4,"ಶ್ರಾವಣ ಮಾಸದ ವಿಶೇಷ ಪ್ರವಚನ - ಪೂಜ್ಯ ಶ್ರೀ ಸಂಗಮೇಶ್ವರ ಸ್ವಾಮಿಗಳು, ಜ್ಞಾನಯೋಗಾಶ್ರಮ, ವಿಜಯಪುರ",ಸಮಯ : ಪ್ರತಿದಿನ ಸಾಯಂಕಾಲ 5:00 ಗಂಟೆಗೆ  ಸ್ಥಳ : ಜ್ಞಾನಯೋಗಾಶ್ರಮ ವಿಜಯಪುರ.,43:13,public,8/6/2024,,40.49991127125655,11585,291,39,0,10,-,0
2LS47Hzzdw8,ಸಾಧನೆ ಮಾಡಲು ಹೊರಟವನ ನಡೆ-ನುಡಿ ಹೇಗಿರಬೇಕು?,,19:31,public,8/5/2024,,45.03879004291656,33063,721,48,0,0,-,0
fsGoN8L70jw,ನಮ್ಮ ಸುತ್ತಮುತ್ತ ಎಂತಹ ಸ್ವಭಾವದ ವ್ಯಕ್ತಿಗಳು ಕಾಣುತ್ತಾರೆ?,ಪೂಜ್ಯರ ಪ್ರವಚನದ ಪುಸ್ತಕಗಳು ಈಗ Amazon & Website ನಲ್ಲಿ ಲಭ್ಯವಿರುತ್ತವೆ. ತಾವು ಕೆಳಗಡೆ ಕೊಟ್ಟಿರುವ ಲಿಂಕ್ ಮುಖಾಂತರ ಖರೀದಿಸಬಹದು? Amazon : https://amzn.in/d/98q8EXK Website : https://www.jnanayogashrama.org/books_kannada.php,26:14,public,8/3/2024,,51.22333392328159,138013,1.7K,63,2,21,-,0
sUj0WRxtP8Y,ಮನುಷ್ಯ ಸವಿಯಾದ ಜೀವನ ಸಾಗಿಸಬೇಕಾದರೆ ಏನು ಮಾಡಬೇಕು?,ಪೂಜ್ಯರ ಪ್ರವಚನದ ಪುಸ್ತಕಗಳು ಈಗ Amazon & Website ನಲ್ಲಿ ಲಭ್ಯವಿರುತ್ತವೆ. ತಾವು ಕೆಳಗಡೆ ಕೊಟ್ಟಿರುವ ಲಿಂಕ್ ಮುಖಾಂತರ ಖರೀದಿಸಬಹದು? Amazon : https://amzn.in/d/98q8EXK Website : https://www.jnanayogashrama.org/books_kannada.php,39:13,public,8/1/2024,,58.16030934161553,685487,5.7K,218,2,21,-,0
w3gVO2aVN1w,ಯಾವ ಮೂರು ಸಂಪತ್ತುಗಳನ್ನು ರಕ್ಷಿಸಿಕೊಂಡರೆ ಮನುಷ್ಯ ಶ್ರೀಮಂತನಾಗುತ್ತಾನೆ?,ಪೂಜ್ಯರ ಪ್ರವಚನದ ಪುಸ್ತಕಗಳು ಈಗ Amazon & Website ನಲ್ಲಿ ಲಭ್ಯವಿರುತ್ತವೆ. ತಾವು ಕೆಳಗಡೆ ಕೊಟ್ಟಿರುವ ಲಿಂಕ್ ಮುಖಾಂತರ ಖರೀದಿಸಬಹದು? Amazon : https://amzn.in/d/98q8EXK Website : https://www.jnanayogashrama.org/books_kannada.php,31:24,public,7/29/2024,,51.796735265873465,157564,1.8K,91,2,21,-,0
br3QugAb-4A,ಮನುಷ್ಯನ ಮೊದಲ ಭಕ್ತಿ ಎಲ್ಲಿಂದ ಪ್ರಾರಂಭವಾಗುತ್ತದೆ?,ಪೂಜ್ಯರ ಪ್ರವಚನದ ಪುಸ್ತಕಗಳು ಈಗ Amazon & Website ನಲ್ಲಿ ಲಭ್ಯವಿರುತ್ತವೆ. ತಾವು ಕೆಳಗಡೆ ಕೊಟ್ಟಿರುವ ಲಿಂಕ್ ಮುಖಾಂತರ ಖರೀದಿಸಬಹದು? Amazon : https://amzn.in/d/98q8EXK Website : https://www.jnanayogashrama.org/books_kannada.php,18:39,public,7/27/2024,,48.63252761858006,75849,1.1K,41,2,21,-,0
ehXm4ayMryI,ಜಗತ್ತು ಎಂಬ ಧರ್ಮಛತ್ರದಲ್ಲಿ ಇದ್ದು ಹೋಗುವುದು ಹೇಗೆ?,ಪೂಜ್ಯರ ಪ್ರವಚನದ ಪುಸ್ತಕಗಳು ಈಗ Amazon & Website ನಲ್ಲಿ ಲಭ್ಯವಿರುತ್ತವೆ. ತಾವು ಕೆಳಗಡೆ ಕೊಟ್ಟಿರುವ ಲಿಂಕ್ ಮುಖಾಂತರ ಖರೀದಿಸಬಹದು? Amazon : https://amzn.in/d/98q8EXK Website : https://www.jnanayogashrama.org/books_kannada.php,24:58,public,7/24/2024,,51.94406833749147,163020,2K,118,2,21,-,0
2sBSiqIKmPo,Live - 21-07-2024  ಗುರುಪೂರ್ಣಿಮಾ ಮಹೋತ್ಸವದ ನಿಮಿತ್ಯ ಸಾಂಸ್ಕೃತಿಕ ಕಾರ್ಯಕ್ರಮಗಳು,"ಸ್ಥಳ : ಜ್ಞಾನಯೋಗಾಶ್ರಮ, ವಿಜಯಪುರ",05:26:18,public,7/21/2024,,38.12078291885221,6686,154,5,0,4,-,0
DTHkK2HLaxg,Live - 21-07-2024  ಗುರುಪೂರ್ಣಿಮಾ ಮಹೋತ್ಸವ ಪ್ರಣವ ಮಂಟಪದ ಗದ್ದುಗೆಯ ಮಹಾಪೂಜೆ,"ಸ್ಥಳ : ಜ್ಞಾನಯೋಗಾಶ್ರಮ, ವಿಜಯಪುರ",12:48,public,7/21/2024,,36.47772195123502,4574,58,6,0,4,-,0
lXKyX7_Jq0k,Live - 21-07-2024  ಗುರುಪೂರ್ಣಿಮಾ ಮಹೋತ್ಸವ ಪ್ರಣವ ಮಂಟಪದ ಗದ್ದುಗೆಯ ಮಹಾಪೂಜೆ,"ಸ್ಥಳ : ಜ್ಞಾನಯೋಗಾಶ್ರಮ, ವಿಜಯಪುರ",21:32,public,7/21/2024,,38.77666331962067,7780,152,10,0,4,-,0
mGzxcz-63VU,Live - 21-07-2024  ಗುರುಪೂರ್ಣಿಮಾ ಮಹೋತ್ಸವ (ಜಪಯೋಗ),"ಸ್ಥಳ : ಜ್ಞಾನಯೋಗಾಶ್ರಮ, ವಿಜಯಪುರ",03:27:46,public,7/21/2024,,40.15070791039284,10687,238,10,0,4,-,0
kGYFElejDAM,20-07-2024 ಗುರುಪೂರ್ಣಿಮಾ ಮಹೋತ್ಸವದ ನಿಮಿತ್ಯ ಪೂಜ್ಯ ಶ್ರೀ ಮಲ್ಲಿಕಾರ್ಜುನ ಶಿವಯೋಗಿಗಳವರ ಧ್ವನಿ ಸುರುಳಿ ಪ್ರವಚನ,"ಸ್ಥಳ : ಜ್ಞಾನಯೋಗಾಶ್ರಮ, ವಿಜಯಪುರ",01:21:35,public,7/21/2024,,34.36444004553758,2807,80,3,0,4,-,0
YtZvi7xovR0,20-07-2024 ಗುರುಪೂರ್ಣಿಮಾ ಮಹೋತ್ಸವದ ನಿಮಿತ್ಯ ಪೂಜ್ಯ ಶ್ರೀ ಮಲ್ಲಿಕಾರ್ಜುನ ಶಿವಯೋಗಿಗಳವರ ಧ್ವನಿ ಸುರುಳಿ ಪ್ರವಚನ,"ಸ್ಥಳ : ಜ್ಞಾನಯೋಗಾಶ್ರಮ, ವಿಜಯಪುರ",25:32,public,7/21/2024,,32.88217798451717,1993,62,6,0,4,-,0
6aFs8pawOVA,20-07-2024 ಗುರುಪೂರ್ಣಿಮಾ ಮಹೋತ್ಸವದ ನಿಮಿತ್ಯ ಪೂಜ್ಯ ಶ್ರೀ ಮಲ್ಲಿಕಾರ್ಜುನ ಶಿವಯೋಗಿಗಳವರ ಧ್ವನಿ ಸುರುಳಿ ಪ್ರವಚನ,"ಸ್ಥಳ : ಜ್ಞಾನಯೋಗಾಶ್ರಮ, ವಿಜಯಪುರ",01:25:12,public,7/20/2024,,34.45446868278644,2866,104,4,0,4,-,0
wrJiNaGpRqY,19-07-2024 ಗುರುಪೂರ್ಣಿಮಾ ಮಹೋತ್ಸವದ ನಿಮಿತ್ಯ ಪೂಜ್ಯ ಶ್ರೀ ಮಲ್ಲಿಕಾರ್ಜುನ ಶಿವಯೋಗಿಗಳವರ ಧ್ವನಿ ಸುರುಳಿ ಪ್ರವಚನ,"ಸ್ಥಳ : ಜ್ಞಾನಯೋಗಾಶ್ರಮ, ವಿಜಯಪುರ",01:53:07,public,7/20/2024,,32.820940791437906,1965,72,0,0,4,-,0
JmjBSnnYYvc,19-07-2024 ಗುರುಪೂರ್ಣಿಮಾ ಮಹೋತ್ಸವದ ನಿಮಿತ್ಯ ಪೂಜ್ಯ ಶ್ರೀ ಮಲ್ಲಿಕಾರ್ಜುನ ಶಿವಯೋಗಿಗಳವರ ಧ್ವನಿ ಸುರುಳಿ ಪ್ರವಚನ,"ಸ್ಥಳ : ಜ್ಞಾನಯೋಗಾಶ್ರಮ, ವಿಜಯಪುರ",01:25:04,public,7/19/2024,,33.80562600090037,2467,60,5,0,4,-,0
D2z92HfmAzI,18-07-2024 ಗುರುಪೂರ್ಣಿಮಾ ಮಹೋತ್ಸವದ ನಿಮಿತ್ಯ ಪೂಜ್ಯ ಶ್ರೀ ಮಲ್ಲಿಕಾರ್ಜುನ ಶಿವಯೋಗಿಗಳವರ ಧ್ವನಿ ಸುರುಳಿ ಪ್ರವಚನ,"ಸ್ಥಳ : ಜ್ಞಾನಯೋಗಾಶ್ರಮ, ವಿಜಯಪುರ",01:42:45,public,7/19/2024,,32.49154562093051,1821,75,4,0,4,-,0
qRVX-QnbHyk,18-07-2024 ಗುರುಪೂರ್ಣಿಮಾ ಮಹೋತ್ಸವದ ನಿಮಿತ್ಯ ಪೂಜ್ಯ ಶ್ರೀ ಮಲ್ಲಿಕಾರ್ಜುನ ಶಿವಯೋಗಿಗಳವರ ಧ್ವನಿ ಸುರುಳಿ ಪ್ರವಚನ,"ಸ್ಥಳ : ಜ್ಞಾನಯೋಗಾಶ್ರಮ, ವಿಜಯಪುರ",01:09:04,public,7/18/2024,,33.286191068377676,2188,64,4,0,4,-,0
dKNDXp40NHI,ನಾನೇ ಶ್ರೇಷ್ಠ ಎಂಬ ಭ್ರಮೆಯಲ್ಲಿ ಏಕೆ ಬದುಕಬಾರದು?,ಪೂಜ್ಯರ ಪ್ರವಚನದ ಪುಸ್ತಕಗಳು ಈಗ Amazon & Website ನಲ್ಲಿ ಲಭ್ಯವಿರುತ್ತವೆ. ತಾವು ಕೆಳಗಡೆ ಕೊಟ್ಟಿರುವ ಲಿಂಕ್ ಮುಖಾಂತರ ಖರೀದಿಸಬಹದು? Amazon : https://amzn.in/d/98q8EXK Website : https://www.jnanayogashrama.org/books_kannada.php,22:42,public,7/18/2024,,52.17564382311872,171980,2.1K,99,2,21,-,0
GQg_KeMzpTc,17-07-2024 ಗುರುಪೂರ್ಣಿಮಾ ಮಹೋತ್ಸವದ ನಿಮಿತ್ಯ ಪೂಜ್ಯ ಶ್ರೀ ಮಲ್ಲಿಕಾರ್ಜುನ ಶಿವಯೋಗಿಗಳವರ ಧ್ವನಿ ಸುರುಳಿ ಪ್ರವಚನ,"ಸ್ಥಳ : ಜ್ಞಾನಯೋಗಾಶ್ರಮ, ವಿಜಯಪುರ",01:28:49,public,7/18/2024,,33.494720780027066,2296,68,6,0,4,-,0
s-50DqbvOLM,17-07-2024 ಗುರುಪೂರ್ಣಿಮಾ ಮಹೋತ್ಸವದ ನಿಮಿತ್ಯ ಪೂಜ್ಯ ಶ್ರೀ ಮಲ್ಲಿಕಾರ್ಜುನ ಶಿವಯೋಗಿಗಳವರ ಧ್ವನಿ ಸುರುಳಿ ಪ್ರವಚನ,"ಸ್ಥಳ : ಜ್ಞಾನಯೋಗಾಶ್ರಮ, ವಿಜಯಪುರ",01:21:00,public,7/17/2024,,33.50225443749521,2300,76,4,0,4,-,0
sCVUolBVlt0,16-07-2024 ಗುರುಪೂರ್ಣಿಮಾ ಮಹೋತ್ಸವದ ನಿಮಿತ್ಯ ಪೂಜ್ಯ ಶ್ರೀ ಮಲ್ಲಿಕಾರ್ಜುನ ಶಿವಯೋಗಿಗಳವರ ಧ್ವನಿ ಸುರುಳಿ ಪ್ರವಚನ,"ಸ್ಥಳ : ಜ್ಞಾನಯೋಗಾಶ್ರಮ, ವಿಜಯಪುರ",01:30:04,public,7/17/2024,,32.16329756612156,1688,61,1,0,4,-,0
6fZ62MYjeVY,16-07-2024 ಗುರುಪೂರ್ಣಿಮಾ ಮಹೋತ್ಸವದ ನಿಮಿತ್ಯ ಪೂಜ್ಯ ಶ್ರೀ ಮಲ್ಲಿಕಾರ್ಜುನ ಶಿವಯೋಗಿಗಳವರ ಧ್ವನಿ ಸುರುಳಿ ಪ್ರವಚನ,"ಸ್ಥಳ : ಜ್ಞಾನಯೋಗಾಶ್ರಮ, ವಿಜಯಪುರ",01:25:44,public,7/16/2024,,34.56480131917118,2940,88,6,0,4,-,0
HcuBATpGrwY,15-07-2024 ಗುರುಪೂರ್ಣಿಮಾ ಮಹೋತ್ಸವದ ನಿಮಿತ್ಯ ಪೂಜ್ಯ ಶ್ರೀ ಮಲ್ಲಿಕಾರ್ಜುನ ಶಿವಯೋಗಿಗಳವರ ಧ್ವನಿ ಸುರುಳಿ ಪ್ರವಚನ,"ಸ್ಥಳ : ಜ್ಞಾನಯೋಗಾಶ್ರಮ, ವಿಜಯಪುರ",01:29:43,public,7/16/2024,,32.536470152833125,1840,62,5,0,4,-,0
uZ5UN0twYkQ,ನಾವು ಹೇಗಿದ್ದರೆ ಮಾತ್ರ ದೇವರು ನಮಗೆ ಒಲಿಯುತ್ತಾನೆ?,ಪೂಜ್ಯರ ಪ್ರವಚನದ ಪುಸ್ತಕಗಳು ಈಗ Amazon & Website ನಲ್ಲಿ ಲಭ್ಯವಿರುತ್ತವೆ. ತಾವು ಕೆಳಗಡೆ ಕೊಟ್ಟಿರುವ ಲಿಂಕ್ ಮುಖಾಂತರ ಖರೀದಿಸಬಹದು? Amazon : https://amzn.in/d/98q8EXK Website : https://www.jnanayogashrama.org/books_kannada.php,24:00,public,7/15/2024,,52.12712930270041,170063,2K,93,2,21,-,0
3foXtoLBAJs,15-07-2024 ಗುರುಪೂರ್ಣಿಮಾ ಮಹೋತ್ಸವದ ನಿಮಿತ್ಯ ಪೂಜ್ಯ ಶ್ರೀ ಮಲ್ಲಿಕಾರ್ಜುನ ಶಿವಯೋಗಿಗಳವರ ಧ್ವನಿ ಸುರುಳಿ ಪ್ರವಚನ,"ಸ್ಥಳ : ಜ್ಞಾನಯೋಗಾಶ್ರಮ, ವಿಜಯಪುರ",01:12:48,public,7/15/2024,,34.411976622181655,2838,90,7,0,4,-,0
zQB4kKxSFBg,14-07-2024 ಗುರುಪೂರ್ಣಿಮಾ ಮಹೋತ್ಸವದ ನಿಮಿತ್ಯ ಪೂಜ್ಯ ಶ್ರೀ ಮಲ್ಲಿಕಾರ್ಜುನ ಶಿವಯೋಗಿಗಳವರ ಧ್ವನಿ ಸುರುಳಿ ಪ್ರವಚನ,"ಸ್ಥಳ : ಜ್ಞಾನಯೋಗಾಶ್ರಮ, ವಿಜಯಪುರ",01:22:03,public,7/15/2024,,31.977311890420985,1617,39,1,0,4,-,0
6vjNtqKIqY8,14-07-2024 ಗುರುಪೂರ್ಣಿಮಾ ಮಹೋತ್ಸವದ ನಿಮಿತ್ಯ ಪೂಜ್ಯ ಶ್ರೀ ಮಲ್ಲಿಕಾರ್ಜುನ ಶಿವಯೋಗಿಗಳವರ ಧ್ವನಿ ಸುರುಳಿ ಪ್ರವಚನ,"ಸ್ಥಳ : ಜ್ಞಾನಯೋಗಾಶ್ರಮ, ವಿಜಯಪುರ",01:19:38,public,7/14/2024,,34.31637555773478,2776,87,10,0,4,-,0
DR1HcxOOXQs,14-07-2024 ಗುರುಪೂರ್ಣಿಮಾ ಮಹೋತ್ಸವದ ನಿಮಿತ್ಯ ವಿಶೇಷ ಕಾರ್ಯಕ್ರಮ (ಧರ್ಮ ಧ್ವಜಾರೋಹಣ),"ಸ್ಥಳ : ಜ್ಞಾನಯೋಗಾಶ್ರಮ, ವಿಜಯಪುರ",12:38,public,7/14/2024,,34.12022688068609,2653,79,8,0,4,-,0
mO06lf7h74w,ನಾವು ಇನ್ನೊಬ್ಬರನ್ನು ನೋಡಿ  ಬದುಕಲು ಏಕೆ  ಹೋಗಬಾರದು?,ಪೂಜ್ಯರ ಪ್ರವಚನದ ಪುಸ್ತಕಗಳು ಈಗ Amazon & Website ನಲ್ಲಿ ಲಭ್ಯವಿರುತ್ತವೆ. ತಾವು ಕೆಳಗಡೆ ಕೊಟ್ಟಿರುವ ಲಿಂಕ್ ಮುಖಾಂತರ ಖರೀದಿಸಬಹದು? Amazon : https://amzn.in/d/98q8EXK Website : https://www.jnanayogashrama.org/books_kannada.php,25:48,public,7/13/2024,,59.769255464390895,994137,8.8K,277,2,21,-,0
FOz11xL4SaU,ಯಾವುದೇ ಬಂಧನದಲ್ಲಿ ಸಿಲುಕಿಕೊಂಡಾಗ ಪಾರಾಗುವುದು ಹೇಗೆ?,ಪೂಜ್ಯರ ಪ್ರವಚನದ ಪುಸ್ತಕಗಳು ಈಗ Amazon & Website ನಲ್ಲಿ ಲಭ್ಯವಿರುತ್ತವೆ. ತಾವು ಕೆಳಗಡೆ ಕೊಟ್ಟಿರುವ ಲಿಂಕ್ ಮುಖಾಂತರ ಖರೀದಿಸಬಹದು? Amazon : https://amzn.in/d/98q8EXK Website : https://www.jnanayogashrama.org/books_kannada.php,23:29,public,7/11/2024,,54.17473637334284,272944,3.3K,138,2,21,-,0
fkkN7U-sYP0,ಏನು ಗೊತ್ತಾದರೆ ಮನುಷ್ಯ ಚಿಂತೆ ಮಾಡುವುದನ್ನು  ನಿಲ್ಲಿಸುತ್ತಾನೆ?,ಪೂಜ್ಯರ ಪ್ರವಚನದ ಪುಸ್ತಕಗಳು ಈಗ Amazon & Website ನಲ್ಲಿ ಲಭ್ಯವಿರುತ್ತವೆ. ತಾವು ಕೆಳಗಡೆ ಕೊಟ್ಟಿರುವ ಲಿಂಕ್ ಮುಖಾಂತರ ಖರೀದಿಸಬಹದು? Amazon : https://amzn.in/d/98q8EXK Website : https://www.jnanayogashrama.org/books_kannada.php,32:30,public,7/8/2024,,59.76289016126074,992676,9.7K,403,2,21,-,1
8GyOdJO2C7Q,ಕೆಲಸ ಮಾಡಿ ನಾನೇ ಮಾಡಿದೆ ಅಂತ ಏಕೆ  ಹೇಳಬಾರದು?,ಪೂಜ್ಯರ ಪ್ರವಚನದ ಪುಸ್ತಕಗಳು ಈಗ Amazon & Website ನಲ್ಲಿ ಲಭ್ಯವಿರುತ್ತವೆ. ತಾವು ಕೆಳಗಡೆ ಕೊಟ್ಟಿರುವ ಲಿಂಕ್ ಮುಖಾಂತರ ಖರೀದಿಸಬಹದು? Amazon : https://amzn.in/d/98q8EXK Website : https://www.jnanayogashrama.org/books_kannada.php,17:09,public,7/6/2024,,51.80633866398321,157914,2K,86,2,21,-,1
CW9aTEOn8o8,ಮನುಷ್ಯನ ಅಹಂ ಎಂಬುದು ಯಾವಾಗ ಕಡಿಮೆಯಾಗುತ್ತದೆ?,#Siddheshwarswamiji  #Jnanayogi #kannadapravachan #motivationalvideo #SiritualTalks #https://amzn.eu/d/j5QXHyw #https://www.jnanayogashrama.org/mdsmall/mdsm_index.php #https://instagram.com/jnanayogashrama?igshid=ZDdkNTZiNTM= #https://www.facebook.com/jnanayogashrama?mibextid=ZbWKwL,21:22,public,7/3/2024,,45.613484184879624,37758,735,29,4,9,-,0
-Xkz8PTrVJQ,ಸಂತರಿಗೂ ಮತ್ತು ಮನುಷ್ಯನಿಗೂ ಇರುವ ವ್ಯತ್ಯಾಸವೇನು?,ಪೂಜ್ಯರ ಪ್ರವಚನದ ಪುಸ್ತಕಗಳು ಈಗ Amazon & Website ನಲ್ಲಿ ಲಭ್ಯವಿರುತ್ತವೆ. ತಾವು ಕೆಳಗಡೆ ಕೊಟ್ಟಿರುವ ಲಿಂಕ್ ಮುಖಾಂತರ ಖರೀದಿಸಬಹದು? Amazon : https://amzn.in/d/98q8EXK Website : https://www.jnanayogashrama.org/books_kannada.php,24:36,public,6/30/2024,,47.11892142905097,53465,908,33,2,21,-,1
kg5CWfnTtBU,ಭಕ್ತನು ಮುಟ್ಟಿದ್ದೆಲ್ಲವೂ ಪವಿತ್ರವಾಗುತ್ತದೆ ಹೇಗೆ?,#Siddheshwarswamiji  #Jnanayogi #kannadapravachan #motivationalvideo #SiritualTalks #https://amzn.eu/d/j5QXHyw #https://www.jnanayogashrama.org/mdsmall/mdsm_index.php #https://instagram.com/jnanayogashrama?igshid=ZDdkNTZiNTM= #https://www.facebook.com/jnanayogashrama?mibextid=ZbWKwL,12:04,public,6/26/2024,,44.83015431432946,31507,542,28,4,9,-,1
hDVNjrjiHCs,(23-06-2024) ಮಹಿಳಾ ವಿಚಾರ ಸಂಕಿರಣ -2024,,01:42:39,public,6/25/2024,,37.60947021959748,5941,119,14,0,0,-,2
eoTgaBSCGQw,ನಾವು ನಿಶ್ಚಿಂತರಾಗಿಬೇಕಾದರೆ ನಮ್ಮಲ್ಲಿ ಯಾವ ಗುಣ ಇರಬೇಕು?,ಪೂಜ್ಯರ ಪ್ರವಚನದ ಪುಸ್ತಕಗಳು ಈಗ Amazon & Website ನಲ್ಲಿ ಲಭ್ಯವಿರುತ್ತವೆ. ತಾವು ಕೆಳಗಡೆ ಕೊಟ್ಟಿರುವ ಲಿಂಕ್ ಮುಖಾಂತರ ಖರೀದಿಸಬಹದು? Amazon : https://amzn.in/d/98q8EXK Website : https://www.jnanayogashrama.org/books_kannada.php,18:01,public,6/24/2024,,51.83880454020389,159103,1.9K,89,2,21,-,1
g-T3ygvoWh0,ಜೀವನದಲ್ಲಿ ಯಶಸ್ಸು ಕಾಣಲು ಏನು ಮಾಡಬೇಕು?,#Siddheshwarswamiji  #Jnanayogi #kannadapravachan #motivationalvideo #SiritualTalks #https://amzn.eu/d/j5QXHyw #https://www.jnanayogashrama.org/mdsmall/mdsm_index.php #https://instagram.com/jnanayogashrama?igshid=ZDdkNTZiNTM= #https://www.facebook.com/jnanayogashrama?mibextid=ZbWKwL,32:01,public,6/22/2024,,52.665407441447186,192585,2.3K,98,4,9,-,1
ifPyIT2mhEk,ವಿಶ್ವ ಯೋಗ ದಿನಾಚರಣೆ - 2024,,02:00:17,public,6/21/2024,,35.005325484158995,3255,131,2,0,0,-,0
Om47Eh4jwhQ,ತುಳಿಯುವವರ ಮಧ್ಯೆ ಬೆಳೆಯುವುದು ಹೇಗೆ?,ಪೂಜ್ಯರ ಪ್ರವಚನದ ಪುಸ್ತಕಗಳು ಈಗ Amazon & Website ನಲ್ಲಿ ಲಭ್ಯವಿರುತ್ತವೆ. ತಾವು ಕೆಳಗಡೆ ಕೊಟ್ಟಿರುವ ಲಿಂಕ್ ಮುಖಾಂತರ ಖರೀದಿಸಬಹದು? Amazon : https://amzn.in/d/98q8EXK Website : https://www.jnanayogashrama.org/books_kannada.php,20:52,public,6/19/2024,,61.62002643988678,1524610,17K,541,2,21,-,1
Jdk5pES2rP0,ಇಡೀ ಜಗತ್ತಿನಲ್ಲಿ ಶ್ರೇಷ್ಠ ಧರ್ಮ ಎಂದರೆ ಯಾವುದು?,#Siddheshwarswamiji  #Jnanayogi #kannadapravachan #motivationalvideo #SiritualTalks #https://amzn.eu/d/j5QXHyw #https://www.jnanayogashrama.org/mdsmall/mdsm_index.php #https://instagram.com/jnanayogashrama?igshid=ZDdkNTZiNTM= #https://www.facebook.com/jnanayogashrama?mibextid=ZbWKwL,23:20,public,6/17/2024,,47.207857814296545,54575,921,44,4,9,-,1
H98kBobY1Bs,ನಾವು ಮಾಡುವ ಅತಿ ದೊಡ್ಡ ಪಾಪ ಎಂದರೆ ಯಾವುದು?,#Siddheshwarswamiji  #Jnanayogi #kannadapravachan #motivationalvideo #SiritualTalks #https://amzn.eu/d/j5QXHyw #https://www.jnanayogashrama.org/mdsmall/mdsm_index.php #https://instagram.com/jnanayogashrama?igshid=ZDdkNTZiNTM= #https://www.facebook.com/jnanayogashrama?mibextid=ZbWKwL,11:10,public,6/12/2024,,45.66883741349703,38244,818,43,4,9,-,2
lBraVrPkKWM,ನಮ್ಮನ್ನು ಎಲ್ಲರೂ ಮೆಚ್ಚುವ ಹಾಗೆ ಮಾಡುವುದು ಹೇಗೆ?,ಪೂಜ್ಯರ ಪ್ರವಚನದ ಪುಸ್ತಕಗಳು ಈಗ Amazon & Website ನಲ್ಲಿ ಲಭ್ಯವಿರುತ್ತವೆ. ತಾವು ಕೆಳಗಡೆ ಕೊಟ್ಟಿರುವ ಲಿಂಕ್ ಮುಖಾಂತರ ಖರೀದಿಸಬಹದು? Amazon : https://amzn.in/d/98q8EXK Website : https://www.jnanayogashrama.org/books_kannada.php,18:36,public,6/10/2024,,50.441944654844036,115216,1.5K,57,2,21,-,1
jyW1Rk24-mY,ಜ್ಞಾನಯೋಗಾಶ್ರಮದಲ್ಲಿ ಬಸವೇಶ್ವರ ಜಯಂತ್ಯುತ್ಸವ ಕಾರ್ಯಕ್ರಮ. (09-06-2024,"ಸ್ಥಳ : ಜ್ಞಾನಯೋಗಾಶ್ರಮ, ವಿಜಯಪುರ",01:19:06,public,6/10/2024,,36.14546062197701,4236,110,8,0,4,-,2
B3DSElBz-dg,ಮನಸ್ಸಿನ ಕೆಲವು ಸಂಗತಿಗಳನ್ನು ಹೇಗೆ ಬಳಸಬೇಕು?,#Siddheshwarswamiji  #Jnanayogi #kannadapravachan #motivationalvideo #SiritualTalks #https://amzn.eu/d/j5QXHyw #https://www.jnanayogashrama.org/mdsmall/mdsm_index.php #https://instagram.com/jnanayogashrama?igshid=ZDdkNTZiNTM= #https://www.facebook.com/jnanayogashrama?mibextid=ZbWKwL,20:38,public,6/8/2024,,46.294786617414495,44195,830,39,4,9,-,1
tVe-2d0TrkQ,ಮನುಷ್ಯ ಮಹಾತ್ಮ ಆಗುವುದು ಯಾವಾಗ?,#Siddheshwarswamiji  #Jnanayogi #kannadapravachan #motivationalvideo #SiritualTalks #https://amzn.eu/d/j5QXHyw #https://www.jnanayogashrama.org/mdsmall/mdsm_index.php #https://instagram.com/jnanayogashrama?igshid=ZDdkNTZiNTM= #https://www.facebook.com/jnanayogashrama?mibextid=ZbWKwL ​,17:51,public,6/5/2024,,43.55522183001409,23468,494,24,4,10,-,2
ttajo5YEqHY,ಜೀವನದಲ್ಲಿ ತಣ್ಣಗಿರೋದು ಹೇಗೆ?,ಪೂಜ್ಯರ ಪ್ರವಚನದ ಪುಸ್ತಕಗಳು ಈಗ Amazon & Website ನಲ್ಲಿ ಲಭ್ಯವಿರುತ್ತವೆ. ತಾವು ಕೆಳಗಡೆ ಕೊಟ್ಟಿರುವ ಲಿಂಕ್ ಮುಖಾಂತರ ಖರೀದಿಸಬಹದು? Amazon : https://amzn.in/d/98q8EXK Website : https://www.jnanayogashrama.org/books_kannada.php,35:45,public,6/3/2024,,61.57032406137145,1507202,14K,519,2,21,-,0
uwj5-SYGB8M,ನಾವು ಮಾಡುವ ಪ್ರತಿಯೊಂದು ಕೆಲಸವು ಯಾವಾಗ ಯೋಗವಾಗುತ್ತವೆ?,ಪೂಜ್ಯರ ಪ್ರವಚನದ ಪುಸ್ತಕಗಳು ಈಗ Amazon & Website ನಲ್ಲಿ ಲಭ್ಯವಿರುತ್ತವೆ. ತಾವು ಕೆಳಗಡೆ ಕೊಟ್ಟಿರುವ ಲಿಂಕ್ ಮುಖಾಂತರ ಖರೀದಿಸಬಹದು? Amazon : https://amzn.in/d/98q8EXK Website : https://www.jnanayogashrama.org/books_kannada.php,28:48,public,6/1/2024,"#KarmaYoga, #akkamahadevi, #jagattu",52.788023155734294,198119,2.1K,95,2,21,-,0
5JGdm-NKtR8,ಮನುಷ್ಯನಾದವನು ಯಾವುದರ ಕಲ್ಪನೆಯಲ್ಲಿ ಬದುಕುತ್ತಿದ್ದಾನೆ?,#Siddheshwarswamiji  #Jnanayogi #kannadapravachan #motivationalvideo #SiritualTalks #https://amzn.eu/d/j5QXHyw #https://www.jnanayogashrama.org/mdsmall/mdsm_index.php #https://instagram.com/jnanayogashrama?igshid=ZDdkNTZiNTM= #https://www.facebook.com/jnanayogashrama?mibextid=ZbWKwL ​,19:22,public,5/30/2024,,45.52512803498295,36995,719,32,4,10,-,0
SdFo5PKWPqs,ಭಕ್ತಿ ಮಾರ್ಗವನ್ನು ಪ್ರವೇಶ ಮಾಡಬೇಕಾದರೆ ಮೊದಲು ಏನನ್ನು ಮರೆಯಬೇಕು?,#Siddheshwarswamiji  #Jnanayogi #kannadapravachan #motivationalvideo #SiritualTalks #https://amzn.eu/d/j5QXHyw #https://www.jnanayogashrama.org/mdsmall/mdsm_index.php #https://instagram.com/jnanayogashrama?igshid=ZDdkNTZiNTM= #https://www.facebook.com/jnanayogashrama?mibextid=ZbWKwL ​,17:57,public,5/28/2024,,43.27623786308717,22003,522,21,4,10,-,2
W2ZiW4OfTnE,ಈ ಜಗತ್ತನ್ನು ನಮ್ಮ ಮನಸ್ಸಿನಿಂದ  ಹೇಗೆ ನೋಡಬೇಕು?,#Siddheshwarswamiji  #Jnanayogi #kannadapravachan #motivationalvideo #SiritualTalks #https://amzn.eu/d/j5QXHyw #https://www.jnanayogashrama.org/mdsmall/mdsm_index.php #https://instagram.com/jnanayogashrama?igshid=ZDdkNTZiNTM= #https://www.facebook.com/jnanayogashrama?mibextid=ZbWKwL ​,18:53,public,5/25/2024,,45.064761894373504,33262,672,31,4,10,-,2
gcyHezrmNCI,ನಮಗೆ ಜ್ಞಾನವನ್ನು ಹೇಳುವವರು ಯಾರಾಗಿರಬೇಕು?,#Siddheshwarswamiji  #Jnanayogi #kannadapravachan #motivationalvideo #SiritualTalks #https://amzn.eu/d/j5QXHyw #https://www.jnanayogashrama.org/mdsmall/mdsm_index.php #https://instagram.com/jnanayogashrama?igshid=ZDdkNTZiNTM= #https://www.facebook.com/jnanayogashrama?mibextid=ZbWKwL ​,14:57,public,5/22/2024,,43.32610903262978,22258,523,35,4,10,-,2
mf2NFuoqisI,ಕಾಣುವ ಜಗತ್ತಿನಲ್ಲಿ ಕಾಣದ ವಸ್ತುವನ್ನು ನೋಡುವುದು ಹೇಗೆ?,#Siddheshwarswamiji  #Jnanayogi #kannadapravachan #motivationalvideo #SiritualTalks #https://amzn.eu/d/j5QXHyw #https://www.jnanayogashrama.org/mdsmall/mdsm_index.php #https://instagram.com/jnanayogashrama?igshid=ZDdkNTZiNTM= #https://www.facebook.com/jnanayogashrama?mibextid=ZbWKwL ​,19:51,public,5/20/2024,,45.91316092504415,40465,711,49,4,10,-,1
fmJ6AEpBFJc,ಮನುಷ್ಯನು ತನ್ನ ಮನಸ್ಸನ್ನು ಬಳಸುವ ರೀತಿ ಹೇಗಿರಬೇಕು?,ಪೂಜ್ಯರ ಪ್ರವಚನದ ಪುಸ್ತಕಗಳು ಈಗ Amazon & Website ನಲ್ಲಿ ಲಭ್ಯವಿರುತ್ತವೆ. ತಾವು ಕೆಳಗಡೆ ಕೊಟ್ಟಿರುವ ಲಿಂಕ್ ಮುಖಾಂತರ ಖರೀದಿಸಬಹದು? Amazon : https://amzn.in/d/98q8EXK Website : https://www.jnanayogashrama.org/books_kannada.php,22:07,public,5/18/2024,,51.94542214574166,163071,2.2K,104,2,21,-,1
zXdt1Y2Z1mI,ಮನುಷ್ಯನಿಗೆ ನಿಜವಾದ ಸಂಪತ್ತಿನ ಬೆಲೆ ಯಾವಾಗ ತಿಳಿಯುತ್ತದೆ?,#Siddheshwarswamiji  #Jnanayogi #kannadapravachan #motivationalvideo #SiritualTalks #https://amzn.eu/d/j5QXHyw #https://www.jnanayogashrama.org/mdsmall/mdsm_index.php #https://instagram.com/jnanayogashrama?igshid=ZDdkNTZiNTM= #https://www.facebook.com/jnanayogashrama?mibextid=ZbWKwL ​,15:05,public,5/13/2024,,46.89804860130803,50805,845,45,4,10,-,1
RXP1GaaV5p0,ಮನುಷ್ಯನ ಜೀವನದಲ್ಲಿ ನೀತಿಗೆ ಏಕಿಷ್ಟು ಬೆಲೆ?,ಪೂಜ್ಯರ ಪ್ರವಚನದ ಪುಸ್ತಕಗಳು ಈಗ Amazon & Website ನಲ್ಲಿ ಲಭ್ಯವಿರುತ್ತವೆ. ತಾವು ಕೆಳಗಡೆ ಕೊಟ್ಟಿರುವ ಲಿಂಕ್ ಮುಖಾಂತರ ಖರೀದಿಸಬಹದು? Amazon : https://amzn.in/d/98q8EXK Website : https://www.jnanayogashrama.org/books_kannada.php,24:46,public,5/10/2024,,47.825893778958424,62952,977,50,2,21,-,1
Iyq1YwfjMtw,ನಮ್ಮ ಮನಸ್ಸಿನ ಶಾಂತಿಗಾಗಿ ನಮ್ಮ ವಿವೇಕ ಎಂಬುದು ಹೇಗಿರಬೇಕು?,#Siddheshwarswamiji  #Jnanayogi #kannadapravachan #motivationalvideo #SiritualTalks #https://amzn.eu/d/j5QXHyw #https://www.jnanayogashrama.org/mdsmall/mdsm_index.php #https://instagram.com/jnanayogashrama?igshid=ZDdkNTZiNTM= #https://www.facebook.com/jnanayogashrama?mibextid=ZbWKwL ​,16:32,public,5/8/2024,,45.76829428019141,39133,675,29,4,10,-,1
xazOcVApV7k,ಮನುಷ್ಯನು ಏಕೆ ಯಾವುದನ್ನು ಸ್ಥಿರವಾಗಿ ನಿಲ್ಲಿಸಲು ಹೋಗಬಾರದು?,#Siddheshwarswamiji  #Jnanayogi #kannadapravachan #motivationalvideo #SiritualTalks #https://amzn.eu/d/j5QXHyw #https://www.jnanayogashrama.org/mdsmall/mdsm_index.php #https://instagram.com/jnanayogashrama?igshid=ZDdkNTZiNTM= #https://www.facebook.com/jnanayogashrama?mibextid=ZbWKwL ​,11:55,public,5/5/2024,,43.50905465653688,23219,474,30,4,10,-,2
tPidefssFeI,ಪ್ರಪಂಚದ ಎಲ್ಲ ಕಷ್ಟಗಳು ದೂರವಾಗುವುದು ಯಾವಾಗ?,ಪೂಜ್ಯರ ಪ್ರವಚನದ ಪುಸ್ತಕಗಳು ಈಗ Amazon & Website ನಲ್ಲಿ ಲಭ್ಯವಿರುತ್ತವೆ. ತಾವು ಕೆಳಗಡೆ ಕೊಟ್ಟಿರುವ ಲಿಂಕ್ ಮುಖಾಂತರ ಖರೀದಿಸಬಹದು? Amazon : https://amzn.in/d/98q8EXK Website : https://www.jnanayogashrama.org/books_kannada.php,15:21,public,5/3/2024,,55.6036951936869,379717,3.6K,116,2,21,-,0
-r3XNkMMHN4,ಮನಸ್ಸಿನಲ್ಲಿ ಏಳುವ ಹಳೆಯ ಅನುಭವದ ವಾಸನೆಯನ್ನು ನಿಯಂತ್ರಿಸುವುದು ಹೇಗೆ?,ಪೂಜ್ಯರ ಪ್ರವಚನದ ಪುಸ್ತಕಗಳು ಈಗ Amazon & Website ನಲ್ಲಿ ಲಭ್ಯವಿರುತ್ತವೆ. ತಾವು ಕೆಳಗಡೆ ಕೊಟ್ಟಿರುವ ಲಿಂಕ್ ಮುಖಾಂತರ ಖರೀದಿಸಬಹದು? Amazon : https://amzn.in/d/98q8EXK Website : https://www.jnanayogashrama.org/books_kannada.php,20:52,public,5/1/2024,,48.38065778230023,71561,1.1K,53,2,21,-,1
idgs7x3LI8E,ನಾವು ಯಾರ  ಉಪಕಾರವನ್ನು ಪ್ರತಿದಿನ ಸ್ಮರಿಸಬೇಕು?,ಪೂಜ್ಯರ ಪ್ರವಚನದ ಪುಸ್ತಕಗಳು ಈಗ Amazon & Website ನಲ್ಲಿ ಲಭ್ಯವಿರುತ್ತವೆ. ತಾವು ಕೆಳಗಡೆ ಕೊಟ್ಟಿರುವ ಲಿಂಕ್ ಮುಖಾಂತರ ಖರೀದಿಸಬಹದು? Amazon : https://amzn.in/d/98q8EXK Website : https://www.jnanayogashrama.org/books_kannada.php,31:18,public,4/29/2024,,53.53310590586503,235337,2.6K,120,2,21,-,0
pnbvphzhT8M,ಶ್ರೀ ಗುರುಕರುಣ ತ್ರಿವಿಧಿ -- ಶ್ರೀ ಗುರುವೇ ಸತ್ಕ್ರಿಯೆಯ - Divine Chanting,"ಸಂಗೀತ ಮತ್ತು ಧ್ವನಿ ಮುದ್ರಣ : ಶ್ರೀ ವಿರೇಶ ವಾಲಿ, ಸ್ಪಾಟ್ ಲೈಟ್ ರೆಕಾರ್ಡಿಂಗ್ ಸ್ಟುಡಿಯೋ, ವಿಜಯಪುರ  ಗಾಯಕಿಯರು : ಕವಿತಾ ಹೆಗಡೆ                          ದೀಪ್ತಿ ಭಟ್",05:35,public,4/27/2024,,57.61007268837355,603652,2.5K,186,0,19,-,0
c2UOjtkEcPI,ಪ್ರಪಂಚ ಮಾಡುವವರು ತಮ್ಮ ಇಂದ್ರೀಯಗಳನ್ನು ಹೇಗೆ ಬಳಸಬೇಕು?,ಪೂಜ್ಯರ ಪ್ರವಚನದ ಪುಸ್ತಕಗಳು ಈಗ Amazon & Website ನಲ್ಲಿ ಲಭ್ಯವಿರುತ್ತವೆ. ತಾವು ಕೆಳಗಡೆ ಕೊಟ್ಟಿರುವ ಲಿಂಕ್ ಮುಖಾಂತರ ಖರೀದಿಸಬಹದು? Amazon : https://amzn.in/d/98q8EXK Website : https://www.jnanayogashrama.org/books_kannada.php,28:09,public,4/26/2024,,51.323674025893915,141250,1.7K,89,2,21,-,0
h-4IUGFJxBQ,ಎಂತಹ ಅಮೃತ ಕುಡಿದರೆ ನಮ್ಮ ಜೀವನ ಸುಂದರವಾಗುತ್ತದೆ?,ಪೂಜ್ಯರ ಪ್ರವಚನದ ಪುಸ್ತಕಗಳು ಈಗ Amazon & Website ನಲ್ಲಿ ಲಭ್ಯವಿರುತ್ತವೆ. ತಾವು ಕೆಳಗಡೆ ಕೊಟ್ಟಿರುವ ಲಿಂಕ್ ಮುಖಾಂತರ ಖರೀದಿಸಬಹದು? Amazon : https://amzn.in/d/98q8EXK Website : https://www.jnanayogashrama.org/books_kannada.php,24:38,public,4/24/2024,,49.46714478617888,91981,1.3K,57,2,21,-,0
Y3FdtCT7B4U,ನಾವು ಹೇಗೆ ನೋಡಿದರೆ ಮಾತ್ರ ನಮಗೆ ದೇವರು ಕಾಣಿಸುತ್ತಾನೆ?,ಪೂಜ್ಯರ ಪ್ರವಚನದ ಪುಸ್ತಕಗಳು ಈಗ Amazon & Website ನಲ್ಲಿ ಲಭ್ಯವಿರುತ್ತವೆ. ತಾವು ಕೆಳಗಡೆ ಕೊಟ್ಟಿರುವ ಲಿಂಕ್ ಮುಖಾಂತರ ಖರೀದಿಸಬಹದು? Amazon : https://amzn.in/d/98q8EXK Website : https://www.jnanayogashrama.org/books_kannada.php,21:49,public,4/21/2024,,47.189817974313804,54348,936,40,2,21,-,1
KYzTGuTimdI,ಸುಖ-ದುಃಖ ಎಂಬ ತೆರೆಗಳ ಮಧ್ಯೆ ಸಂತೋಷದಿಂದ ಬದುಕುವುದು ಹೇಗೆ?,ಪೂಜ್ಯರ ಪ್ರವಚನದ ಪುಸ್ತಕಗಳು ಈಗ Amazon & Website ನಲ್ಲಿ ಲಭ್ಯವಿರುತ್ತವೆ. ತಾವು ಕೆಳಗಡೆ ಕೊಟ್ಟಿರುವ ಲಿಂಕ್ ಮುಖಾಂತರ ಖರೀದಿಸಬಹದು? Amazon : https://amzn.in/d/98q8EXK Website : https://www.jnanayogashrama.org/books_kannada.php,32:30,public,4/19/2024,,58.47591736498636,737341,6.6K,243,2,21,-,0
ZT_j3x532OM,ನಮಗೆ ಜಗತ್ತಿನ ಜ್ಞಾನ ಯಾವಾಗ ಆಗುತ್ತದೆ?,#Siddheshwarswamiji  #Jnanayogi #kannadapravachan #motivationalvideo #SiritualTalks #https://amzn.eu/d/j5QXHyw #https://www.jnanayogashrama.org/mdsmall/mdsm_index.php #https://instagram.com/jnanayogashrama?igshid=ZDdkNTZiNTM= #https://www.facebook.com/jnanayogashrama?mibextid=ZbWKwL ​,21:09,public,4/17/2024,,46.12379408201113,42483,814,29,4,10,-,1
Bg1bDEv2zYg,ದೇವರ ಹತ್ತಿರ ದಿನನಿತ್ಯ ಏನನ್ನು ಪ್ರಾರ್ಥಿಸಬೇಕು?,ಪೂಜ್ಯರ ಪ್ರವಚನದ ಪುಸ್ತಕಗಳು ಈಗ Amazon & Website ನಲ್ಲಿ ಲಭ್ಯವಿರುತ್ತವೆ. ತಾವು ಕೆಳಗಡೆ ಕೊಟ್ಟಿರುವ ಲಿಂಕ್ ಮುಖಾಂತರ ಖರೀದಿಸಬಹದು? Amazon : https://amzn.in/d/98q8EXK Website : https://www.jnanayogashrama.org/books_kannada.php,33:36,public,4/15/2024,,57.7145283833881,618398,5.9K,267,2,21,-,0
ojUQkknfqIE,ಮನುಷ್ಯನು ಬದುಕುವ ಕಲೆ ಹೇಗಿರಬೇಕು?,ಪೂಜ್ಯರ ಪ್ರವಚನದ ಪುಸ್ತಕಗಳು ಈಗ Amazon & Website ನಲ್ಲಿ ಲಭ್ಯವಿರುತ್ತವೆ. ತಾವು ಕೆಳಗಡೆ ಕೊಟ್ಟಿರುವ ಲಿಂಕ್ ಮುಖಾಂತರ ಖರೀದಿಸಬಹದು? Amazon : https://amzn.in/d/98q8EXK Website : https://www.jnanayogashrama.org/books_kannada.php,20:42,public,4/13/2024,,50.06192199290772,105531,1.5K,62,2,21,-,0
K4LEGR0I8uM,ಕಷ್ಟಪಟ್ಟು ಕೆಲಸ ಮಾಡಿದರೂ ಕೂಡ ನಾವೇಕೆ ಕತ್ತಲೆ ಕಡೆಗೆ ಹೋಗುತ್ತಿದ್ದೇವೆ?,ಪೂಜ್ಯರ ಪ್ರವಚನದ ಪುಸ್ತಕಗಳು ಈಗ Amazon & Website ನಲ್ಲಿ ಲಭ್ಯವಿರುತ್ತವೆ. ತಾವು ಕೆಳಗಡೆ ಕೊಟ್ಟಿರುವ ಲಿಂಕ್ ಮುಖಾಂತರ ಖರೀದಿಸಬಹದು? Amazon : https://amzn.in/d/98q8EXK Website : https://www.jnanayogashrama.org/books_kannada.php,28:31,public,4/11/2024,,50.5398868737892,117853,1.5K,56,2,21,-,1
WydA8RZuhmA,ಮನುಷ್ಯನಿಗೆ ಎಲ್ಲವೂ ಇದ್ದರು ಸಂತೋಷವೆಂಬುದು ಏಕಿಲ್ಲ?,ಪೂಜ್ಯರ ಪ್ರವಚನದ ಪುಸ್ತಕಗಳು ಈಗ Amazon & Website ನಲ್ಲಿ ಲಭ್ಯವಿರುತ್ತವೆ. ತಾವು ಕೆಳಗಡೆ ಕೊಟ್ಟಿರುವ ಲಿಂಕ್ ಮುಖಾಂತರ ಖರೀದಿಸಬಹದು? Amazon : https://amzn.in/d/98q8EXK Website : https://www.jnanayogashrama.org/books_kannada.php,12:11,public,4/9/2024,,53.475379475377764,232219,2.8K,104,2,21,-,1
QtmJwMnF2Rg,ಮನುಷ್ಯನು ಯಾವಾಗ ನಿರ್ಭಯದಿಂದ ಬದುಕಲು ಸಾಧ್ಯವಾಗುತ್ತದೆ?,#Siddheshwarswamiji  #Jnanayogi #kannadapravachan #motivationalvideo #SiritualTalks #https://amzn.eu/d/j5QXHyw #https://www.jnanayogashrama.org/mdsmall/mdsm_index.php #https://instagram.com/jnanayogashrama?igshid=ZDdkNTZiNTM= #https://www.facebook.com/jnanayogashrama?mibextid=ZbWKwL ​,09:23,public,4/7/2024,,48.16730890704341,68119,1.1K,61,4,10,-,1
OBsD_V0ggDI,ನಾವು ಸುಖವಾಗಿರಬೇಕಾದರೆ ದೇವರ ಬಗ್ಗೆ ನಮ್ಮ ಅಭಿಪ್ರಾಯ ಹೇಗಿರಬೇಕು?,ಪೂಜ್ಯರ ಪ್ರವಚನದ ಪುಸ್ತಕಗಳು ಈಗ Amazon & Website ನಲ್ಲಿ ಲಭ್ಯವಿರುತ್ತವೆ. ತಾವು ಕೆಳಗಡೆ ಕೊಟ್ಟಿರುವ ಲಿಂಕ್ ಮುಖಾಂತರ ಖರೀದಿಸಬಹದು? Amazon : https://amzn.in/d/98q8EXK Website : https://www.jnanayogashrama.org/books_kannada.php,21:47,public,4/5/2024,,49.93063860738427,102378,1.4K,78,2,21,-,1
aRnvBzgtCBQ,ಯಾವ ಮೂರು ಕೆಲಸಗಳನ್ನು ಮಾಡಿದರೆ ದುಃಖದಿಂದ ಪಾರಾಗುತ್ತೇವೆ?,#Siddheshwarswamiji  #Jnanayogi #kannadapravachan #motivationalvideo #SiritualTalks #https://amzn.eu/d/j5QXHyw #https://www.jnanayogashrama.org/mdsmall/mdsm_index.php #https://instagram.com/jnanayogashrama?igshid=ZDdkNTZiNTM= #https://www.facebook.com/jnanayogashrama?mibextid=ZbWKwL ​,14:10,public,4/3/2024,,45.88084600922306,40164,775,31,4,10,-,2
l7zt52wYWZI,ಪ್ರಾಣಲಿಂಗ ಎಂಬುದು ನಮಗೆ ಯಾವಾಗ ಕಾಣಿಸುತ್ತದೆ?,ಪೂಜ್ಯರ ಪ್ರವಚನದ ಪುಸ್ತಕಗಳು ಈಗ Amazon & Website ನಲ್ಲಿ ಲಭ್ಯವಿರುತ್ತವೆ. ತಾವು ಕೆಳಗಡೆ ಕೊಟ್ಟಿರುವ ಲಿಂಕ್ ಮುಖಾಂತರ ಖರೀದಿಸಬಹದು? Amazon : https://amzn.in/d/98q8EXK Website : https://www.jnanayogashrama.org/books_kannada.php,38:47,public,4/1/2024,,53.34036963041978,225087,2.1K,131,2,21,-,0
kNv6toeKxIs,ಏನನ್ನು ಕಡಿಮೆ ಮಾಡಿಕೊಂಡರೆ ಭಕ್ತಿ ಮಾರ್ಗದಲ್ಲಿ ಸಾಗಲು ಸಾಧ್ಯವಾಗುವುದು?,ಪೂಜ್ಯರ ಪ್ರವಚನದ ಪುಸ್ತಕಗಳು ಈಗ Amazon & Website ನಲ್ಲಿ ಲಭ್ಯವಿರುತ್ತವೆ. ತಾವು ಕೆಳಗಡೆ ಕೊಟ್ಟಿರುವ ಲಿಂಕ್ ಮುಖಾಂತರ ಖರೀದಿಸಬಹದು? Amazon : https://amzn.in/d/98q8EXK Website : https://www.jnanayogashrama.org/books_kannada.php,23:47,public,3/30/2024,,48.459646629201934,72879,1.1K,41,2,21,-,1
yurBgZzwMeI,ಕಾಮ ಪುರುಷಾರ್ಥದ ಸಾಧನೆ ಯಾವಾಗ ಆಗುತ್ತದೆ?,ಪೂಜ್ಯರ ಪ್ರವಚನದ ಪುಸ್ತಕಗಳು ಈಗ Amazon & Website ನಲ್ಲಿ ಲಭ್ಯವಿರುತ್ತವೆ. ತಾವು ಕೆಳಗಡೆ ಕೊಟ್ಟಿರುವ ಲಿಂಕ್ ಮುಖಾಂತರ ಖರೀದಿಸಬಹದು? Amazon : https://amzn.in/d/98q8EXK Website : https://www.jnanayogashrama.org/books_kannada.php,19:12,public,3/28/2024,,48.69371980327374,76929,1.3K,30,2,21,-,1
ZUB72W5ipNw,ಗೃಹಸ್ಥನಾದವನು ಮನೆಯಲ್ಲಿ ಸುಖದ ದೀಪ ಉರಿಯಬೇಕಾದರೆ ಏನು ಮಾಡಬೇಕು?,ಪೂಜ್ಯರ ಪ್ರವಚನದ ಪುಸ್ತಕಗಳು ಈಗ Amazon & Website ನಲ್ಲಿ ಲಭ್ಯವಿರುತ್ತವೆ. ತಾವು ಕೆಳಗಡೆ ಕೊಟ್ಟಿರುವ ಲಿಂಕ್ ಮುಖಾಂತರ ಖರೀದಿಸಬಹದು? Amazon : https://amzn.in/d/98q8EXK Website : https://www.jnanayogashrama.org/books_kannada.php,25:22,public,3/26/2024,,56.76748318217127,496865,4.6K,196,2,21,-,0
QPHSUthreNQ,ಕಾಲವನ್ನು ಗೆಲ್ಲಲು ನಮ್ಮಲ್ಲಿ  ಎಂತಹ ಪ್ರೇಮ ಇರಬೇಕು?,#Siddheshwarswamiji  #Jnanayogi #kannadapravachan #motivationalvideo #SiritualTalks #https://amzn.eu/d/j5QXHyw #https://www.jnanayogashrama.org/mdsmall/mdsm_index.php #https://instagram.com/jnanayogashrama?igshid=ZDdkNTZiNTM= #https://www.facebook.com/jnanayogashrama?mibextid=ZbWKwL ​,14:16,public,3/23/2024,,46.15182147855947,42759,752,29,4,10,-,1
la9drih7x0k,ವ್ಯವಹಾರಿಕ ಭಕ್ತಿ ಎಂದರೆ ಏನು?,#Siddheshwarswamiji  #Jnanayogi #kannadapravachan #motivationalvideo #SiritualTalks #https://amzn.eu/d/j5QXHyw #https://www.jnanayogashrama.org/mdsmall/mdsm_index.php #https://instagram.com/jnanayogashrama?igshid=ZDdkNTZiNTM= #https://www.facebook.com/jnanayogashrama?mibextid=ZbWKwL ​,17:26,public,3/20/2024,,45.165211674021975,34043,620,28,4,10,-,0
Ax7MA8njffw,ನಾವೆಲ್ಲರೂ ಈ ಜಗತ್ತಿನಲ್ಲಿ ಹೇಗೆ ಬದುಕಬೇಕು?,#Siddheshwarswamiji  #Jnanayogi #kannadapravachan #motivationalvideo #SiritualTalks #https://amzn.eu/d/j5QXHyw #https://www.jnanayogashrama.org/mdsmall/mdsm_index.php #https://instagram.com/jnanayogashrama?igshid=ZDdkNTZiNTM= #https://www.facebook.com/jnanayogashrama?mibextid=ZbWKwL ​,17:01,public,3/18/2024,,44.29756755845292,27859,564,28,4,10,-,2
p33ZM-do-FA,ಇದನ್ನು ತಿಳಿದುಕೊಂಡರೆ ನಮಗೆ ಶಾಂತಿ ಉಂಟಾಗುತ್ತದೆ?,ಪೂಜ್ಯರ ಪ್ರವಚನದ ಪುಸ್ತಕಗಳು ಈಗ Amazon & Website ನಲ್ಲಿ ಲಭ್ಯವಿರುತ್ತವೆ. ತಾವು ಕೆಳಗಡೆ ಕೊಟ್ಟಿರುವ ಲಿಂಕ್ ಮುಖಾಂತರ ಖರೀದಿಸಬಹದು? Amazon : https://amzn.in/d/98q8EXK Website : https://www.jnanayogashrama.org/books_kannada.php,17:05,public,3/16/2024,,51.49324783059083,146894,1.9K,81,2,21,-,1
Ybt23PgyRfc,ಗೃಹಸ್ತನಾದವನು ತನ್ನ ಮಕ್ಕಳಿಗಾಗಿ ಹೇಗೆ ಬಾಳಬೇಕು?,ಪೂಜ್ಯರ ಪ್ರವಚನದ ಪುಸ್ತಕಗಳು ಈಗ Amazon & Website ನಲ್ಲಿ ಲಭ್ಯವಿರುತ್ತವೆ. ತಾವು ಕೆಳಗಡೆ ಕೊಟ್ಟಿರುವ ಲಿಂಕ್ ಮುಖಾಂತರ ಖರೀದಿಸಬಹದು? Amazon : https://amzn.in/d/98q8EXK Website : https://www.jnanayogashrama.org/books_kannada.php,15:31,public,3/13/2024,,51.280221742787745,139839,2K,113,2,21,-,0
ImVMJ1JsP04,ಇಂತಹ ಕರ್ಮ ಮಾಡಿದರೆ ಮಾತ್ರ ಬದುಕು ಸುಂದರವಾಗುವುದು,#Siddheshwarswamiji  #Jnanayogi #kannadapravachan #motivationalvideo #SiritualTalks #https://amzn.eu/d/j5QXHyw #https://www.jnanayogashrama.org/mdsmall/mdsm_index.php #https://instagram.com/jnanayogashrama?igshid=ZDdkNTZiNTM= #https://www.facebook.com/jnanayogashrama?mibextid=ZbWKwL ​,16:42,public,3/11/2024,,47.26575816480987,55310,994,45,4,10,-,1
jcIIbt-bzvk,ಯಾವ ನಾಲ್ಕು ಯೋಗಗಳನ್ನು ದಿನನಿತ್ಯ ಮಾಡಬೇಕು?,ಪೂಜ್ಯರ ಪ್ರವಚನದ ಪುಸ್ತಕಗಳು ಈಗ Amazon & Website ನಲ್ಲಿ ಲಭ್ಯವಿರುತ್ತವೆ. ತಾವು ಕೆಳಗಡೆ ಕೊಟ್ಟಿರುವ ಲಿಂಕ್ ಮುಖಾಂತರ ಖರೀದಿಸಬಹದು Amazon : https://amzn.in/d/98q8EXK Website : https://www.jnanayogashrama.org/books_kannada.php,17:54,public,3/9/2024,,52.12099152851579,169822,2K,98,2,21,-,1
qGqfwgDq0iA,ಅವಸರ ಎಂಬ ಅಜ್ಞಾನದಿಂದ ಏನಾಗುವುದು?,ಪೂಜ್ಯರ ಪ್ರವಚನದ ಪುಸ್ತಕಗಳು ಈಗ Amazon & Website ನಲ್ಲಿ ಲಭ್ಯವಿರುತ್ತವೆ. ತಾವು ಕೆಳಗಡೆ ಕೊಟ್ಟಿರುವ ಲಿಂಕ್ ಮುಖಾಂತರ ಖರೀದಿಸಬಹದು Amazon : https://amzn.in/d/98q8EXK Website : https://www.jnanayogashrama.org/books_kannada.php,20:56,public,3/6/2024,,52.851024682955895,201024,2.4K,90,2,21,-,0
i7Hx6UQITa4,ಶರೀರವೆಂಬ ಮನೆಯನ್ನು ಹೇಗೆ ಇಟ್ಟುಕೊಳ್ಳಬೇಕು?,ಪೂಜ್ಯರ ಪ್ರವಚನದ ಪುಸ್ತಕಗಳು ಈಗ Amazon & Website ನಲ್ಲಿ ಲಭ್ಯವಿರುತ್ತವೆ. ತಾವು ಕೆಳಗಡೆ ಕೊಟ್ಟಿರುವ ಲಿಂಕ್ ಮುಖಾಂತರ ಖರೀದಿಸಬಹದು Amazon : https://amzn.in/d/98q8EXK Website : https://www.jnanayogashrama.org/books_kannada.php,19:00,public,3/4/2024,,53.03559410875097,209782,2.7K,123,2,21,-,0
MBWLf_YUZ48,ಜಗತ್ತಿನಲ್ಲಿರುವ ಜನರು ದುಃಖಿತರಾಗಲು ಏನು ಕಾರಣ?,#https://amzn.eu/d/j5QXHyw #https://www.jnanayogashrama.org/mdsmall/mdsm_index.php #https://instagram.com/jnanayogashrama?igshid=ZDdkNTZiNTM= #https://www.facebook.com/jnanayogashrama?mibextid=ZbWKwL,05:59,public,3/2/2024,,45.86724686770252,40038,606,23,4,4,-,1
1cwTvH5f5go,ಜೀವನದ ಏಳಿಗೆಗಾಗಿ ನಮ್ಮ ಪ್ರಯತ್ನ ಹೇಗಿರಬೇಕು?,ಪೂಜ್ಯರ ಪ್ರವಚನದ ಪುಸ್ತಕಗಳು ಈಗ Amazon & Website ನಲ್ಲಿ ಲಭ್ಯವಿರುತ್ತವೆ. ತಾವು ಕೆಳಗಡೆ ಕೊಟ್ಟಿರುವ ಲಿಂಕ್ ಮುಖಾಂತರ ಖರೀದಿಸಬಹದು Amazon : https://amzn.in/d/98q8EXK Website : https://www.jnanayogashrama.org/books_kannada.php,20:10,public,2/29/2024,,51.131388864140646,135112,1.7K,54,2,21,-,1
Za0DD4PtHO4,ತಪ್ಪು ತಿಳುವಳಿಕೆಯಿಂದ ನಮ್ಮ ಜೀವನ ಏನಾಗುತ್ತದೆ?,ಪೂಜ್ಯರ ಪ್ರವಚನದ ಪುಸ್ತಕಗಳು ಈಗ Amazon & Website ನಲ್ಲಿ ಲಭ್ಯವಿರುತ್ತವೆ. ತಾವು ಕೆಳಗಡೆ ಕೊಟ್ಟಿರುವ ಲಿಂಕ್ ಮುಖಾಂತರ ಖರೀದಿಸಬಹದು Amazon : https://amzn.in/d/98q8EXK Website : https://www.jnanayogashrama.org/books_kannada.php,18:00,public,2/27/2024,ತಪ್ಪು ತಿಳುವಳಿಕೆಯಿಂದ ನಮ್ಮ ಜೀವನ ಏನಾಗುತ್ತದೆ?,50.57711180928705,118871,1.7K,59,2,21,-,1
RAwkUITyuK4,ಗೃಹಸ್ತನಾದವನು ಹೇಗೆ ದೇವರ ಕೆಲಸ ಮಾಡಬೇಕು?,#https://amzn.eu/d/j5QXHyw #https://www.jnanayogashrama.org/mdsmall/mdsm_index.php #https://instagram.com/jnanayogashrama?igshid=ZDdkNTZiNTM= #https://www.facebook.com/jnanayogashrama?mibextid=ZbWKwL,16:43,public,2/24/2024,,46.908769270575235,50931,842,32,4,4,-,0
789lCPW-XCc,ಪ್ರಪಂಚ ಮಾಡಿದರೆ ಹೇಗೆ ಮಾಡಬೇಕು?,#https://amzn.eu/d/j5QXHyw #https://www.jnanayogashrama.org/mdsmall/mdsm_index.php #https://instagram.com/jnanayogashrama?igshid=ZDdkNTZiNTM= #https://www.facebook.com/jnanayogashrama?mibextid=ZbWKwL ​,18:33,public,2/21/2024,,47.26442768647447,55293,759,36,4,5,-,1
jSDqaxUCmhA,ಏನನ್ನು ತಿಳಿದುಕೊಂಡರೆ ಜೀವನ ಕೆಡುವುದಿಲ್ಲ?,#https://amzn.eu/d/j5QXHyw #https://www.jnanayogashrama.org/mdsmall/mdsm_index.php #https://instagram.com/jnanayogashrama?igshid=ZDdkNTZiNTM= #https://www.facebook.com/jnanayogashrama?mibextid=ZbWKwL ​,19:29,public,2/19/2024,"ಏನನ್ನು ತಿಳಿದುಕೊಂಡರೆ ಜೀವನ ಕೆಡುವುದಿಲ್ಲ?, If you know what life will not spoil?",50.192365592736365,108760,1.5K,63,4,5,-,1
-6zKVwNzdw0,ಜಗತ್ತನ್ನು ನಾವು ಯಾವ  ದೃಷ್ಟಿಯಿಂದ ನೋಡಬೇಕು?,,18:24,public,2/17/2024,"ಜಗತ್ತನ್ನು ನಾವು ಯಾವ ದೃಷ್ಟಿಯಿಂದ ನೋಡಬೇಕು?, How should we see the world?",45.778898817585535,39229,704,34,0,0,-,1
JDQKR8mdG1o,ನಮಗೆ  ಗೆಳೆಯ ಇದ್ದರೆ ಹೇಗಿರಬೇಕು?,#https://amzn.eu/d/j5QXHyw #https://www.jnanayogashrama.org/mdsmall/mdsm_index.php #https://instagram.com/jnanayogashrama?igshid=ZDdkNTZiNTM= #https://www.facebook.com/jnanayogashrama?mibextid=ZbWKwL ​,11:38,public,2/16/2024,"ನಮಗೆ ಗೆಳೆಯ ಇದ್ದರೆ ಹೇಗಿರಬೇಕು?, What should we do if we have a boyfriend?",50.09688703612734,106387,1.5K,58,4,5,-,0
R87eVWkTrOM,ಕಾಲ ಎಂಬ ಜಾಲದಿಂದ ಪಾರಾಗುವುದು ಹೇಗೆ?,#https://amzn.eu/d/j5QXHyw #https://www.jnanayogashrama.org/mdsmall/mdsm_index.php #https://instagram.com/jnanayogashrama?igshid=ZDdkNTZiNTM= #https://www.facebook.com/jnanayogashrama?mibextid=ZbWKwL ​,27:50,public,2/14/2024,"ಕಾಲ ಎಂಬ ಜಾಲದಿಂದ ಪಾರಾಗುವುದು ಹೇಗೆ?, How to escape from the web of time?",57.083167357169835,534460,4.8K,191,4,5,-,0
4U9OXw9h_wQ,ಜ್ಞಾನವನ್ನು ಪಡೆಯಲು ನಮ್ಮ ಹತ್ತಿರ ಎಂತಹ ಗುಣಗಳಿರಬೇಕು?,,30:37,public,2/12/2024,,60.748843907595614,1246641,10K,292,0,0,-,0
irrZOqCMnic,ಹೊಯ್ದಾಡುವ ಮನಸ್ಸನ್ನು ಗಟ್ಟಿಯಾಗಿ ನಿಲ್ಲಿಸುವುದು ಹೇಗೆ?,#https://amzn.eu/d/j5QXHyw #https://www.jnanayogashrama.org/mdsmall/mdsm_index.php #https://instagram.com/jnanayogashrama?igshid=ZDdkNTZiNTM= #https://www.facebook.com/jnanayogashrama?mibextid=ZbWKwL ​,19:22,public,2/10/2024,"ಹೊಯ್ದಾಡುವ ಮನಸ್ಸನ್ನು ಗಟ್ಟಿಯಾಗಿ ನಿಲ್ಲಿಸುವುದು ಹೇಗೆ?, How to stop the wandering mind?",55.375784557221905,360239,4.5K,131,4,5,-,1
vnr5wrC3ZqU,ನಾವು ಧ್ಯಾನಕ್ಕೆ ಕುಳಿತಾಗ ಏನನ್ನು ತೆಗೆದು ಇಡಬೇಕು?,#https://amzn.eu/d/j5QXHyw #https://www.jnanayogashrama.org/mdsmall/mdsm_index.php #https://instagram.com/jnanayogashrama?igshid=ZDdkNTZiNTM= #https://www.facebook.com/jnanayogashrama?mibextid=ZbWKwL ​,17:18,public,2/7/2024,"ನಾವು ಧ್ಯಾನಕ್ಕೆ ಕುಳಿತಾಗ ಏನನ್ನು ತೆಗೆದು ಇಡಬೇಕು?, What should we take off when we sit for meditation?",50.42413985355252,114743,2.1K,96,4,5,-,1
CX3lNvl587U,ಜೀವನದಲ್ಲಿ ಸಮಾಧಾನ ಎಂಬುದು ಎಷ್ಟು ಅವಶ್ಯಕ?,#https://amzn.eu/d/j5QXHyw #https://www.jnanayogashrama.org/mdsmall/mdsm_index.php #https://instagram.com/jnanayogashrama?igshid=ZDdkNTZiNTM= #https://www.facebook.com/jnanayogashrama?mibextid=ZbWKwL ​,17:46,public,2/5/2024,,54.573973004246426,299319,3.1K,90,4,5,-,1
90_IZqWGfJ8,ಒಳ್ಳೆಯ ವಸ್ತುಗಳು ನಮಗೆ ಕಾಣಿಸಬೇಕಾದರೆ ಏನು ಮಾಡಬೇಕು?,#https://amzn.eu/d/j5QXHyw #https://www.jnanayogashrama.org/mdsmall/mdsm_index.php #https://instagram.com/jnanayogashrama?igshid=ZDdkNTZiNTM= #https://www.facebook.com/jnanayogashrama?mibextid=ZbWKwL ​,16:21,public,2/3/2024,"ಒಳ್ಳೆಯ ವಸ್ತುಗಳು ನಮಗೆ ಕಾಣಿಸಬೇಕಾದರೆ ಏನು ಮಾಡಬೇಕು, What must we do if good things are to appear to us?",44.297412198863455,27858,548,23,4,5,-,0
syGc_P-h3Dk,ನಮ್ಮ ಬದುಕಿಗೆ ಬೆಲೆ ಬರಬೇಕಾದರೆ ನಮ್ಮ ಭಾವನೆಗಳು ಹೇಗಿರಬೇಕು?,What should our feelings be if our lives are to be valued? #https://amzn.eu/d/j5QXHyw #https://www.jnanayogashrama.org/mdsmall/mdsm_index.php #https://instagram.com/jnanayogashrama?igshid=ZDdkNTZiNTM= #https://www.facebook.com/jnanayogashrama?mibextid=ZbWKwL ​,21:42,public,1/31/2024,"ನಮ್ಮ ಬದುಕಿಗೆ ಬೆಲೆ ಬರಬೇಕಾದರೆ ನಮ್ಮ ಭಾವನೆಗಳು ಹೇಗಿರಬೇಕು?, What should our feelings be if our lives are to be valued?",53.68134434591765,243537,2.9K,107,4,17,-,1
ey7tvgH1V8Y,ಸಾಧನೆ ಮಾಡಲು ಹೊರಟಾಗ ನಮ್ಮ ಪರಿಶ್ರಮ ಹೇಗಿರಬೇಕು?,#https://amzn.eu/d/j5QXHyw #https://www.jnanayogashrama.org/mdsmall/mdsm_index.php #https://instagram.com/jnanayogashrama?igshid=ZDdkNTZiNTM= #https://www.facebook.com/jnanayogashrama?mibextid=ZbWKwL ​,16:04,public,1/29/2024,"ಸಾಧನೆ ಮಾಡಲು ಹೊರಟಾಗ ನಮ್ಮ ಪರಿಶ್ರಮ ಹೇಗಿರಬೇಕು, What should be our perseverance when going to achieve?",58.689711731235064,774678,15K,291,4,5,-,1
GziUEcYQHpk,ಸಮಾಜದ ಅಭ್ಯುದಯಕ್ಕಾಗಿ  ನಾವೇನು ಮಾಡಬೇಕು?,#https://amzn.eu/d/j5QXHyw #https://www.jnanayogashrama.org/mdsmall/mdsm_index.php #https://instagram.com/jnanayogashrama?igshid=ZDdkNTZiNTM= #https://www.facebook.com/jnanayogashrama?mibextid=ZbWKwL ​,22:11,public,1/27/2024,,46.671762811932304,48217,685,25,4,5,-,1
0WvZOr5zdXs,ನಾನು ನಾನಾಗಿ ಉಳಿಯಬೇಕಾದರೆ ಏನು ಮಾಡಬೇಕು?,#https://amzn.eu/d/j5QXHyw #https://www.jnanayogashrama.org/mdsmall/mdsm_index.php #https://instagram.com/jnanayogashrama?igshid=ZDdkNTZiNTM= #https://www.facebook.com/jnanayogashrama?mibextid=ZbWKwL ​,13:53,public,1/24/2024,,47.60690160832442,59846,950,49,4,5,-,0
IXqQV4c4Rtg,ನೆಮ್ಮದಿಯ ಜೀವನ ಸಾಗಿಸಬೇಕಾದರೆ ಯಾವ ಆಚಾರವನ್ನು ಪಾಲಿಸಬೇಕು?,#https://amzn.eu/d/j5QXHyw #https://www.jnanayogashrama.org/mdsmall/mdsm_index.php #https://instagram.com/jnanayogashrama?igshid=ZDdkNTZiNTM= #https://www.facebook.com/jnanayogashrama?mibextid=ZbWKwL ​,09:58,public,1/22/2024,,47.436231010287955,57532,787,34,4,5,-,0
Er1C1bzRFNY,ಕಂಡ ಕನಸು ನನಸಾಗಬೇಕಾದರೆ ನಮ್ಮ ಹತ್ತಿರ ಏನಿರಬೇಕು?,#https://amzn.eu/d/j5QXHyw #https://www.jnanayogashrama.org/mdsmall/mdsm_index.php #https://instagram.com/jnanayogashrama?igshid=ZDdkNTZiNTM= #https://www.facebook.com/jnanayogashrama?mibextid=ZbWKwL ​,15:50,public,1/20/2024,"ಕಂಡ ಕನಸು ನನಸಾಗಬೇಕಾದರೆ ನಮ್ಮ ಹತ್ತಿರ ಏನಿರಬೇಕು?, What should be close to us to make the dream come true?",55.20480111065477,346285,4.1K,107,4,5,-,1
Fewu_g-j2II,ನಾವು ಚಿಂತೆಯಿಂದ ಪಾರಾಗಲು  ಏನು ಮಾಡಬೇಕು?,#https://amzn.eu/d/j5QXHyw #https://www.jnanayogashrama.org/mdsmall/mdsm_index.php #https://instagram.com/jnanayogashrama?igshid=ZDdkNTZiNTM= #https://www.facebook.com/jnanayogashrama?mibextid=ZbWKwL ​,20:35,public,1/17/2024,"ಚಿಂತೆಯಿಂದ ಪಾರಾಗಲು ನಾವು ಏನು ಮಾಡಬೇಕು, What can we do to get rid of worry",52.38016762317325,180302,1.7K,49,4,5,-,0
7G4sDvSSVP8,ನಮ್ಮ ಜೀವನ ಸಾರ್ಥಕವಾಗಲು ನಾವು ಏನನ್ನು ಬಯಸಬೇಕು?,#https://amzn.eu/d/j5QXHyw #https://www.jnanayogashrama.org/mdsmall/mdsm_index.php #https://instagram.com/jnanayogashrama?igshid=ZDdkNTZiNTM= #https://www.facebook.com/jnanayogashrama?mibextid=ZbWKwL,18:46,public,1/15/2024,What should we desire for our lives to be meaningful?n​,48.584962927646494,75020,945,44,4,4,-,1
uV5xdAVZx-c,Live -ಮಕರ ಸಂಕ್ರಾಂತಿ ಹಬ್ಬದ ವಿಶೇಷ ಕಾರ್ಯಕ್ರಮಗಳು 14-01-2024,14-01-2024  ಸ್ಥಳ : ಜ್ಞಾನಯೋಗಾಶ್ರಮ ವಿಜಯಪುರ.,01:24:17,public,1/14/2024,,39.32753311006583,8836,184,13,0,5,-,2
nVxPc5f0l1c,ನಮ್ಮ ಬದುಕಿನ ಕೊನೆಯ ದಿನ ಯಾವಾಗ ಎಂದು ತಿಳಿಯುವುದು ಹೇಗೆ?,#https://amzn.eu/d/j5QXHyw #https://www.jnanayogashrama.org/mdsmall/mdsm_index.php #https://instagram.com/jnanayogashrama?igshid=ZDdkNTZiNTM= #https://www.facebook.com/jnanayogashrama?mibextid=ZbWKwL,23:38,public,1/13/2024,"ನಮ್ಮ ಬದುಕಿನ ಕೊನೆಯ ದಿನ ಯಾವಾಗ ಎಂದು ತಿಳಿಯುವುದು ಹೇಗೆ?, How to know when is the last day of our life, siddheshwar swamiji, jnanayogashram Vijaypur, Pravachan, Motivational Speech, devotional Speech",55.165578226021076,343161,3.4K,134,4,4,-,0
4cOm3JJkrJg,ಈ ಜಗತ್ತಿನಲ್ಲಿ ನಾವು ಯಾವುದಕ್ಕೆ ಹೆಚ್ಚು  ಮಹತ್ವ ಕೊಡಬೇಕು?,What should we give more importance to in this world? #https://amzn.eu/d/j5QXHyw #https://www.jnanayogashrama.org/mdsmall/mdsm_index.php #https://instagram.com/jnanayogashrama?igshid=ZDdkNTZiNTM= #https://www.facebook.com/jnanayogashrama?mibextid=ZbWKwL,25:49,public,1/10/2024,"ಈ ಜಗತ್ತಿನಲ್ಲಿ ನಾವು ಯಾವುದಕ್ಕೆ ಹೆಚ್ಚು ಮಹತ್ವ ಕೊಡಬೇಕು?, What should we give more importance to in this world?",49.69320774787798,96913,1.2K,53,4,14,-,0
MMs-zRCxIp4,ವೇದಮೂರ್ತಿ ಜ್ಞಾನಜ್ಯೋತಿ ಗುರುವೇ ಮಲ್ಲಿಕಾರ್ಜುನ,"ಸಾಹಿತ್ಯ : ಪೂಜ್ಯ ಶ್ರೀ ನಿತ್ಯಾನಂದ ಸ್ವಾಮಿಗಳು, ಜುಗೂಳ  ಸಂಗೀತ ಮತ್ತು ಧ್ವನಿ ಮುದ್ರಣ : ಶ್ರೀ ವಿರೇಶ ವಾಲಿ, ಸ್ಪಾಟ್ ಲೈಟ್ ರೆಕಾರ್ಡಿಂಗ್ ಸ್ಟುಡಿಯೋ, ವಿಜಯಪುರ  ಗಾಯಕಿಯರು : ಕವಿತಾ ಹೆಗಡೆ                          ದೀಪ್ತಿ ಭಟ್",08:45,public,1/9/2024,,59.40093191858932,913035,3.6K,320,0,26,-,0
Soupta8YqD0,ದೇವರ ಪೂಜೆ ಮಾಡುವಾಗ ನಾವು ಏನನ್ನು ಮೀಸಲಿಡಬೇಕು?- What should we dedicate while worshiping God?,#https://amzn.eu/d/j5QXHyw #https://www.jnanayogashrama.org/mdsmall/mdsm_index.php #https://instagram.com/jnanayogashrama?igshid=ZDdkNTZiNTM= #https://www.facebook.com/jnanayogashrama?mibextid=ZbWKwL,19:43,public,1/8/2024,,51.08504569769432,133673,1.4K,55,4,4,-,0
n2ywhx4-QgI,ನಮ್ಮೆಲ್ಲರನ್ನೂ ಯಾವುದು ಆಳುತ್ತಿದೆ? - What is ruling us all?,#https://amzn.eu/d/j5QXHyw #https://www.jnanayogashrama.org/mdsmall/mdsm_index.php #https://instagram.com/jnanayogashrama?igshid=ZDdkNTZiNTM= #https://www.facebook.com/jnanayogashrama?mibextid=ZbWKwL,16:13,public,1/6/2024,"ನಮ್ಮೆಲ್ಲರನ್ನೂ ಯಾವುದು ಆಳುತ್ತಿದೆ?, What is ruling us all?",50.872870636240904,127278,1.4K,56,4,4,-,1
0itU49kGAlw,LIVE - ಶ್ರೀ  ಸಿದ್ಧೇಶ್ವರ ಮಹಾಸ್ವಾಮಿಗಳವರ ಗುರುನಮನ ಮಹೋತ್ಸವ 02-01-2024,02-01-2024  ಸ್ಥಳ : ಜ್ಞಾನಯೋಗಾಶ್ರಮ ವಿಜಯಪುರ.,03:17:08,public,1/2/2024,,49.236766737610665,87213,1.1K,66,0,5,-,1
Qff3O06qbdU,LIVE - ಶ್ರೀ  ಸಿದ್ಧೇಶ್ವರ ಮಹಾಸ್ವಾಮಿಗಳವರ ಗುರುನಮನ ಮಹೋತ್ಸವದ ನಿಮಿತ್ಯವಾಗಿ ಪ್ರಣವ ಮಂಟಪದ ಗದ್ದುಗೆಯ ಮಹಾಪೂಜೆ,02-01-2024  ಸ್ಥಳ : ಜ್ಞಾನಯೋಗಾಶ್ರಮ ವಿಜಯಪುರ.,45:29,public,1/2/2024,,43.735118074082415,24464,311,28,0,5,-,0
63JV7rxuXR8,LIVE - ಶ್ರೀ  ಸಿದ್ಧೇಶ್ವರ ಮಹಾಸ್ವಾಮಿಗಳವರ ಗುರುನಮನ ಮಹೋತ್ಸವದ ನಿಮಿತ್ಯವಾಗಿ ಪೂಜ್ಯ ಅಪ್ಪಗಳವರ ಪ್ರವಚನ ಹಾಗೂ ಜಪಯೋಗ,02-01-2024  ಸ್ಥಳ : ಜ್ಞಾನಯೋಗಾಶ್ರಮ ವಿಜಯಪುರ.,01:46:16,public,1/2/2024,,42.322386899478715,17651,423,32,0,5,-,2
SUBOG-I99KQ,LIVE - ಶ್ರೀ  ಸಿದ್ಧೇಶ್ವರ ಮಹಾಸ್ವಾಮಿಗಳವರ ಗುರುನಮನ ಮಹೋತ್ಸವದ ನಿಮಿತ್ಯವಾಗಿ 'ಯೋಗ ನಮನ',01-01-2024  ಸ್ಥಳ : ಜ್ಞಾನಯೋಗಾಶ್ರಮ ವಿಜಯಪುರ.,01:55:18,public,1/1/2024,,39.783199499998176,9817,224,13,0,5,-,2
HRb-2sJxcgE,ಸಂತ ಸಿದ್ಧೇಶ್ವರ ಗೀತಾಂಜಲಿ | Santha Siddheshwara Geetanjali | K.C. Shivappa | N.S.Prasad,"""Santha Siddheshwara Geethanjali"" Audio Songs Jukebox. Sung By : Sangeetha Katti, Shivani Shivadas Swamy, Ravi Murooru, Ganesh Desai, Supriya Raghunandan, Music Composed By : N. S. Prasad, Ganesh Desai, Lyrics By : K. C. Shivappa.  BENKIYALI BELAKAADE 00:00 NAMBU NAMBELE MANAVE 18:18 BAALA HUNNIME NEENU 15:59 KANTHI SHANTHIYA BIMBA 21:44 IRULU SARIYITHU 28:41 NEENE ARIVINA KIRANA 34:55 KANDAKANDALLELLA 40:43 NONDEDEGE SAANTHVANADA 46:47",52:24,public,1/1/2024,,45.6669130905956,38227,785,48,0,62,-,2
CG6vb8pH-Zc,LIVE - ಶ್ರೀ  ಸಿದ್ಧೇಶ್ವರ ಮಹಾಸ್ವಾಮಿಗಳವರ ಗುರುನಮನ ಮಹೋತ್ಸವದ ನಿಮಿತ್ಯವಾಗಿ ದೀಪನಮನ ಹಾಗೂ ಗ್ರಂಥಗಳ ಬಿಡುಗಡೆ,01-01-2024  ಸ್ಥಳ : ಜ್ಞಾನಯೋಗಾಶ್ರಮ ವಿಜಯಪುರ.,03:47:14,public,1/1/2024,,45.202933291092066,34341,682,34,0,5,-,2
tcCIwUz_Gpc,LIVE - ಶ್ರೀ  ಸಿದ್ಧೇಶ್ವರ ಮಹಾಸ್ವಾಮಿಗಳವರ ಗುರುನಮನ ಮಹೋತ್ಸವದ ನಿಮಿತ್ಯವಾಗಿ ಕ್ರೀಡೆ-ಯೋಗ-ಆರೋಗ್ಯ ಗೋಷ್ಠಿ,31-12-2023  ಸ್ಥಳ : ಜ್ಞಾನಯೋಗಾಶ್ರಮ ವಿಜಯಪುರ.,03:14:39,public,12/31/2023,,42.21212390508895,17207,388,11,0,5,-,2
2el3lsvjSQU,LIVE - ಶ್ರೀ  ಸಿದ್ಧೇಶ್ವರ ಮಹಾಸ್ವಾಮಿಗಳವರ ಗುರುನಮನ ಮಹೋತ್ಸವದ ನಿಮಿತ್ಯವಾಗಿ ಶಿಕ್ಷಣ ಹಾಗೂ ವಿಜ್ಞಾನ ಗೋಷ್ಠಿ,30-12-2023  ಸ್ಥಳ : ಜ್ಞಾನಯೋಗಾಶ್ರಮ ವಿಜಯಪುರ.,02:40:38,public,12/30/2023,,43.29625534152429,22105,444,19,0,5,-,0
hvuhhnsP-yc,LIVE - ಶ್ರೀ  ಸಿದ್ಧೇಶ್ವರ ಮಹಾಸ್ವಾಮಿಗಳವರ ಗುರುನಮನ ಮಹೋತ್ಸವದ ನಿಮಿತ್ಯವಾಗಿ ಯುವಕರು ಮತ್ತು ದೇಶಪ್ರೇಮ ಗೋಷ್ಠಿ,29-12-2023  ಸ್ಥಳ : ಜ್ಞಾನಯೋಗಾಶ್ರಮ ವಿಜಯಪುರ.,02:55:17,public,12/29/2023,,44.38080992783822,28400,635,22,0,5,-,0
VjkGOHvhYys,LIVE - ಶ್ರೀ  ಸಿದ್ಧೇಶ್ವರ ಮಹಾಸ್ವಾಮಿಗಳವರ ಗುರುನಮನ ಮಹೋತ್ಸವದ ನಿಮಿತ್ಯವಾಗಿ ಗ್ರಾಮೀಣ ಜನರ ಬದುಕು ಗೋಷ್ಠಿ,28-12-2023  ಸ್ಥಳ : ಜ್ಞಾನಯೋಗಾಶ್ರಮ ವಿಜಯಪುರ.,02:29:34,public,12/28/2023,,42.17143685073209,17046,380,32,0,5,-,2
o36oHoD5Qio,LIVE - ಶ್ರೀ  ಸಿದ್ಧೇಶ್ವರ ಮಹಾಸ್ವಾಮಿಗಳವರ ಗುರುನಮನ ಮಹೋತ್ಸವದ ನಿಮಿತ್ಯವಾಗಿ ಮಹಿಳೆ ಮತ್ತು ಸಂಸ್ಕೃತಿ ಗೋಷ್ಠಿ,27-12-2023  ಸ್ಥಳ : ಜ್ಞಾನಯೋಗಾಶ್ರಮ ವಿಜಯಪುರ.,02:30:33,public,12/27/2023,,41.64047236980544,15078,337,19,0,5,-,2
5dG5MrM3y1Y,"ಶ್ರೀ  ಸಿದ್ಧೇಶ್ವರ ಮಹಾಸ್ವಾಮಿಗಳವರ ಗುರುನಮನ ಮಹೋತ್ಸವದ ನಿಮಿತ್ಯವಾಗಿ ಸ್ವಚ್ಛತೆ, ಸಮಯಪಾಲನೆ, ವ್ಯಸನಮುಕ್ತಿ  ಗೋಷ್ಠಿ",26-12-2023 ಸ್ಥಳ : ಜ್ಞಾನಯೋಗಾಶ್ರಮ ವಿಜಯಪುರ.,02:38:45,public,12/26/2023,,40.67992351357124,12077,301,15,0,5,-,2
bLnpdcJ2qzk,ಪೂಜ್ಯ ಶ್ರೀ ಸಿದ್ಧೇಶ್ವರ ಮಹಾಸ್ವಾಮಿಗಳವರ ಗುರುನಮನ ಮಹೋತ್ಸವದ ನಿಮಿತ್ಯವಾಗಿ ಜಾಗತಿಕ ಆಧ್ಯಾತ್ಮಿಕ ಚಿಂತನೆ ಎಂಬ ಗೋಷ್ಠಿ,25-12-2023 ಸ್ಥಳ : ಜ್ಞಾನಯೋಗಾಶ್ರಮ ವಿಜಯಪುರ.,21:01,public,12/26/2023,,35.73754543440719,3855,119,10,0,5,-,2
ZxQfgbj6uQA,ಪೂಜ್ಯ ಶ್ರೀ ಸಿದ್ಧೇಶ್ವರ ಮಹಾಸ್ವಾಮಿಗಳವರ ಗುರುನಮನ ಮಹೋತ್ಸವದ ನಿಮಿತ್ಯವಾಗಿ ಜಾಗತಿಕ ಆಧ್ಯಾತ್ಮಿಕ ಚಿಂತನೆ ಎಂಬ ಗೋಷ್ಠಿ,25-12-2023 ಸ್ಥಳ : ಜ್ಞಾನಯೋಗಾಶ್ರಮ ವಿಜಯಪುರ.,02:30:00,public,12/25/2023,,40.350540741494264,11192,260,9,0,5,-,2
Yx2ZqDBKE0I,ಜ್ಞಾನಯೋಗಿ ಪೂಜ್ಯ ಶ್ರೀ ಸಿದ್ಧೇಶ್ವರ ಮಹಾಸ್ವಾಮಿಗಳವರ ಗುರುನಮನ ಮಹೋತ್ಸವದ ನಿಮಿತ್ಯವಾಗಿ ಪರಿಸರ ಸಂರಕ್ಷಣೆ ಎಂಬ ಗೋಷ್ಠಿ,ಸ್ಥಳ : ಜ್ಞಾನಯೋಗಾಶ್ರಮ ವಿಜಯಪುರ.,43:34,public,12/25/2023,,37.2122314087237,5420,139,10,0,4,-,2
O9KKMcmhL34,ಜ್ಞಾನಯೋಗಿ ಪೂಜ್ಯ ಶ್ರೀ ಸಿದ್ಧೇಶ್ವರ ಮಹಾಸ್ವಾಮಿಗಳವರ ಗುರುನಮನ ಮಹೋತ್ಸವದ ನಿಮಿತ್ಯವಾಗಿ ಪರಿಸರ ಸಂರಕ್ಷಣೆ ಎಂಬ ಗೋಷ್ಠಿ,ಸ್ಥಳ : ಜ್ಞಾನಯೋಗಾಶ್ರಮ ವಿಜಯಪುರ.,01:55:48,public,12/25/2023,,39.59533512435709,9400,253,17,0,4,-,2
5JNwRBFL7oQ,Live-ಜ್ಞಾನಯೋಗಿ ಪೂಜ್ಯ ಶ್ರೀ ಸಿದ್ಧೇಶ್ವರ ಮಹಾಸ್ವಾಮಿಗಳವರ ಗುರುನಮನ ಮಹೋತ್ಸವದ ನಿಮಿತ್ಯವಾಗಿ ಜಾನಪದ ಕಲೆ ಎಂಬ ಗೋಷ್ಠಿ,ದಿನಾಂಕ : 23-12-2023 ಸ್ಥಳ : ಜ್ಞಾನಯೋಗಾಶ್ರಮ ವಿಜಯಪುರ.,02:57:57,public,12/23/2023,Live-ಜ್ಞಾನಯೋಗಿ ಪೂಜ್ಯ ಶ್ರೀ ಸಿದ್ಧೇಶ್ವರ ಮಹಾಸ್ವಾಮಿಗಳವರ ಗುರುನಮನ ಮಹೋತ್ಸವದ ನಿಮಿತ್ಯವಾಗಿ ಜಾನಪದ ಕಲೆ ಎಂಬ ಗೋಷ್ಠಿ,43.10203947575447,21135,424,27,0,7,-,2
WDZGz6oIABk,ನಾವು ಶಾಂತರಾಗಿ ಸಮೃದ್ಧ ಜೀವನ ಸಾಗಿಸಲು ಏನು ಮಾಡಬೇಕು?-,What should we do to lead a calm and prosperous life? #https://amzn.eu/d/j5QXHyw #https://www.jnanayogashrama.org/mdsmall/mdsm_index.php #https://instagram.com/jnanayogashrama?igshid=ZDdkNTZiNTM= #https://www.facebook.com/jnanayogashrama?mibextid=ZbWKwL,24:47,public,12/21/2023,"ನಾವು ಶಾಂತರಾಗಿ ಸಮೃದ್ಧ ಜೀವನ ಸಾಗಿಸಲು ಏನು ಮಾಡಬೇಕು?-, What should we do to lead a calm and prosperous life?",55.424338050062005,364303,3.5K,120,4,15,-,0
HgpOhlzRV7w,ಪ್ರಾಣಾಯಾಮದ ೩ ಅಂಗಗಳು ಯಾವವು? - What are the 3 limbs of Pranayama?,#https://amzn.eu/d/j5QXHyw #https://www.jnanayogashrama.org/mdsmall/mdsm_index.php #https://instagram.com/jnanayogashrama?igshid=ZDdkNTZiNTM= #https://www.facebook.com/jnanayogashrama?mibextid=ZbWKwL,13:38,public,12/19/2023,"ಪ್ರಾಣಾಯಾಮದ ೩ ಅಂಗಗಳು ಯಾವವು?, What are the 3 limbs of Pranayama?",44.05112225497844,26317,537,30,4,4,-,2
02v8PDxdfV8,ಇನ್ನೊಬ್ಬರ ಮುಖದಲ್ಲಿ ಪ್ರಸನ್ನತೆ ಮೂಡಬೇಕಾದರೆ ನಾವು ಎಂತಹ ಕೆಲಸ ಮಾಡಬೇಕು?,- What kind of work should we do to make someone happy?#https://amzn.eu/d/j5QXHyw #https://www.jnanayogashrama.org/mdsmall/mdsm_index.php #https://instagram.com/jnanayogashrama?igshid=ZDdkNTZiNTM= #https://www.facebook.com/jnanayogashrama?mibextid=ZbWKwL,15:14,public,12/17/2023,"ಇನ್ನೊಬ್ಬರ ಮುಖದಲ್ಲಿ ಪ್ರಸನ್ನತೆ ಮೂಡಬೇಕಾದರೆ ನಾವು ಎಂತಹ ಕೆಲಸ ಮಾಡಬೇಕು?, What kind of work should we do to make someone happy?",45.7384403239076,38864,568,20,4,15,-,1
1G3jZR4mK6M,ಯೋಗ ಗುರು ಭವರಲಾಲ್ ಆರ್ಯ ರಾಜ್ಯ ಪ್ರಭಾರಿಯವರಿಂದ ಸುದ್ಧಿಗೋಷ್ಠಿ.,,06:22,public,12/16/2023,,34.07595360267866,2626,96,7,0,0,-,0
MKRDXi7lWZ0,ನಾವು ನಮ್ಮ ಶರೀರವನ್ನು ಹೇಗೆ ಇಟ್ಟುಕೊಳ್ಳಬೇಕು? - How should we take care of our bodies?,#https://amzn.eu/d/j5QXHyw #https://www.jnanayogashrama.org/mdsmall/mdsm_index.php #https://instagram.com/jnanayogashrama?igshid=ZDdkNTZiNTM= #https://www.facebook.com/jnanayogashrama?mibextid=ZbWKwL,10:37,public,12/12/2023,ನಾವು ನಮ್ಮ ಶರೀರವನ್ನು ಹೇಗೆ ಇಟ್ಟುಕೊಳ್ಳಬೇಕು? - How should we take care of our bodies?,48.11379891240714,67282,1K,39,4,4,-,0
dHfmuap7gBk,ಭಕ್ತನಾದವನು ಏನನ್ನು ಪ್ರೀತಿಸಬೇಕು? - What should a devotee love?,#https://amzn.eu/d/j5QXHyw #https://www.jnanayogashrama.org/mdsmall/mdsm_index.php #https://instagram.com/jnanayogashrama?igshid=ZDdkNTZiNTM= #https://www.facebook.com/jnanayogashrama?mibextid=ZbWKwL,11:13,public,12/8/2023,"ಭಕ್ತನಾದವನು ಏನನ್ನು ಪ್ರೀತಿಸಬೇಕು?, What should a devotee love?",43.342024696112034,22340,436,27,4,4,-,2
ZsBC8tSLkv8,ಯಾವ ಎರಡು ಭಾವಗಳನ್ನು ಮನಸ್ಸಿನಿಂದ ತೆಗೆದು ಹಾಕಿದರೆ ಮನುಷ್ಯ ಮುಕ್ತನಾಗುತ್ತಾನೆ?,#https://amzn.eu/d/j5QXHyw #https://www.jnanayogashrama.org/mdsmall/mdsm_index.php #https://instagram.com/jnanayogashrama?igshid=ZDdkNTZiNTM= #https://www.facebook.com/jnanayogashrama?mibextid=ZbWKwL,26:46,public,12/5/2023,,57.87841398404046,642263,5.4K,180,4,4,-,0
rg0AqkhmX6U,ಎಂತಹ ಸತ್ಯ ಇಡೀ ಜಗತ್ತಿಗೆ ಹುಚ್ಚು ಹಿಡಿಸಿದೆ?-What truth has made the whole world mad?,#https://amzn.eu/d/j5QXHyw #https://www.jnanayogashrama.org/mdsmall/mdsm_index.php #https://instagram.com/jnanayogashrama?igshid=ZDdkNTZiNTM= #https://www.facebook.com/jnanayogashrama?mibextid=ZbWKwL,12:54,public,12/2/2023,"ಎಂತಹ ಸತ್ಯ ಇಡೀ ಜಗತ್ತಿಗೆ ಹುಚ್ಚು ಹಿಡಿಸಿದೆ, What truth has made the whole world mad?",46.92759369775103,51153,892,30,4,4,-,1
fZAv1fqE-tM,ನಾವು ಮಾಡುವ ಅತಿಯಾದ ಸಂಗ್ರಹದಿಂದ ಜೀವನ ಏನಾಗುತ್ತದೆ?-What will become of life from our over-accumulation?​,#https://amzn.eu/d/j5QXHyw #https://www.jnanayogashrama.org/mdsmall/mdsm_index.php #https://instagram.com/jnanayogashrama?igshid=ZDdkNTZiNTM= #https://www.facebook.com/jnanayogashrama?mibextid=ZbWKwL,15:00,public,11/30/2023,,47.303622236692846,55796,763,32,4,4,-,1
rDQgtQfuAXw,ಮಧುರವಾದ  ಜೀವನ ಸಾಗಿಸಲು ನಮ್ಮ ಹತ್ತಿರ ಎಂತಹ ಗುಣ ಇರಬೇಕು?-What quality should we have to lead a sweet life?,#https://amzn.eu/d/j5QXHyw #https://www.jnanayogashrama.org/mdsmall/mdsm_index.php #https://instagram.com/jnanayogashrama?igshid=ZDdkNTZiNTM= #https://www.facebook.com/jnanayogashrama?mibextid=ZbWKwL,13:45,public,11/28/2023,,47.25573037739493,55182,804,34,4,4,-,0
Q9U8XeAOrDE,ಜ್ಞಾನಯೋಗಿ ಪರಮ ಪೂಜ್ಯ ಶ್ರೀ ಸಿದ್ಧೇಶ್ವರ ಮಹಾಸ್ವಾಮಿಗಳವರ ಗುರುನಮನ ಕಾರ್ಯಕ್ರಮ ನಿಮಿತ್ಯವಾಗಿ ಪತ್ರಕಾರರ ಜೊತೆ ಸಂವಾದ,ಜ್ಞಾನಯೋಗಿ ಪರಮ ಪೂಜ್ಯ ಶ್ರೀ ಸಿದ್ಧೇಶ್ವರ ಮಹಾಸ್ವಾಮಿಗಳವರ ಗುರುನಮನ ಕಾರ್ಯಕ್ರಮ ನಿಮಿತ್ಯವಾಗಿ ಪತ್ರಕಾರರ ಜೊತೆ ಸಂವಾದ (26-11-2023),07:46,public,11/27/2023,,38.67535110965493,7600,173,18,0,13,-,2
vSB7Xn6Rxt0,ಜ್ಞಾನಯೋಗಿ ಪರಮ ಪೂಜ್ಯ ಶ್ರೀ ಸಿದ್ಧೇಶ್ವರ ಮಹಾಸ್ವಾಮಿಗಳವರ ಗುರುನಮನ ಕಾರ್ಯಕ್ರಮ ನಿಮಿತ್ಯವಾಗಿ ಪತ್ರಕಾರರ ಜೊತೆ ಸಂವಾದ,,18:38,public,11/26/2023,,41.86122528228748,15867,373,29,0,0,-,2
6w1LniRH2yg,ನಿಜವಾಗಲೂ ಈ ಜಗತ್ತಿನಲ್ಲಿ ಯಾರು ದೊಡ್ಡವರು? ಯಾರು ಸಣ್ಣವರು?,#https://amzn.eu/d/j5QXHyw #https://www.jnanayogashrama.org/mdsmall/mdsm_index.php #https://instagram.com/jnanayogashrama?igshid=ZDdkNTZiNTM= #https://www.facebook.com/jnanayogashrama?mibextid=ZbWKwL,09:41,public,11/25/2023,,47.007070328013576,52101,629,30,4,4,-,1
rD3_nCLymJE,ಏಕಾಗ್ರತೆಯಿಂದ ಮನಸ್ಸಿನ ಮೇಲೆ ಎಂತಹ ಪರಿಣಾಮ ಉಂಟಾಗುತ್ತದೆ?,#https://amzn.eu/d/j5QXHyw #https://www.jnanayogashrama.org/mdsmall/mdsm_index.php #https://instagram.com/jnanayogashrama?igshid=ZDdkNTZiNTM= #https://www.facebook.com/jnanayogashrama?mibextid=ZbWKwL,14:49,public,11/23/2023,,45.59395360012681,37588,708,29,4,4,-,0
C_xXAF6BgY4,H K ಪಾಟೀಲರವರು  ವಿಜಯಪುರದ ಜ್ಞಾನಯೋಗಾಶ್ರಮಕ್ಕೆ ಭೇಟಿ ನೀಡಿ ಪೂಜ್ಯ ಅಪ್ಪಗಳವರ ಬಗ್ಗೆ  ಅನಿಸಿಕೆಗಳನ್ನು ಹಂಚಿಕೊಂಡರು.,,15:37,public,11/22/2023,,36.29705697305769,4387,84,1,0,0,-,0
nytPumlLNh0,ಆಕರ್ಷಣೆಗಳು ನಮ್ಮ ಜೀವನವನ್ನು ಹೇಗೆ ಹಾಳು ಮಾಡುತ್ತಿವೆ? - How are attractions ruining our lives?,# https://amzn.eu/d/j5QXHyw #https://www.jnanayogashrama.org/mdsmall/mdsm_index.php #https://instagram.com/jnanayogashrama?igshid=ZDdkNTZiNTM= #https://www.facebook.com/jnanayogashrama?mibextid=ZbWKwL,26:59,public,11/21/2023,,53.86752855981352,254242,2.8K,93,4,5,-,1
iNe-Bn1_MxY,ಸುಂದರವಾದ ಬದುಕನ್ನು ಕಟ್ಟಿಕೊಳ್ಳಲು ಹೇಗೆ ಕೆಲಸ ಮಾಡಬೇಕು? - How to work to build a beautiful life?,# https://amzn.eu/d/j5QXHyw #https://www.jnanayogashrama.org/mdsmall/mdsm_index.php #https://instagram.com/jnanayogashrama?igshid=ZDdkNTZiNTM= #https://www.facebook.com/jnanayogashrama?mibextid=ZbWKwL,17:52,public,11/15/2023,,52.65553025352383,192146,1.9K,68,4,5,-,1
2mLEk5aqXco,ನಾವು ಕಂಡ ಕನಸನ್ನು ಪೂರೈಸಲು ಸಾಧ್ಯವಾಗುತ್ತಿಲ್ಲ ಏಕೆ? - Why are we unable to fulfill our dreams?,# https://amzn.eu/d/j5QXHyw #https://www.jnanayogashrama.org/mdsmall/mdsm_index.php #https://instagram.com/jnanayogashrama?igshid=ZDdkNTZiNTM= #https://www.facebook.com/jnanayogashrama?mibextid=ZbWKwL,18:45,public,11/13/2023,,50.902556951436964,128154,1.6K,58,4,5,-,1
7DkXtCwZ7TI,ಸಿದ್ಧಿಗಳಲ್ಲಿ ಶ್ರೇಷ್ಠವಾದ ಸಿದ್ಧಿ ಯಾವುದು? - Which siddhi is the greatest of siddhis?,#https://instagram.com/jnanayogashrama?igshid=ZDdkNTZiNTM= #https://www.facebook.com/jnanayogashrama?mibextid=ZbWKwL # https://amzn.eu/d/j5QXHyw #https://www.jnanayogashrama.org/mdsmall/mdsm_index.php,16:09,public,11/11/2023,"ಸಿದ್ಧಿಗಳಲ್ಲಿ ಶ್ರೇಷ್ಠವಾದ ಸಿದ್ಧಿ ಯಾವುದು? -, Which siddhi is the greatest of siddhis?",48.698274528551806,77010,1K,55,4,5,-,1
FRHZH1-RkIs,ಜಗತ್ತಿನ ಎಲ್ಲ ಸಮಸ್ಯೆಗಳನ್ನು ಯಾವುದರಿಂದ ಪರಿಹರಿಸಬಹುದು? - What can solve all the world's problems?,# https://amzn.eu/d/j5QXHyw #https://www.jnanayogashrama.org/mdsmall/mdsm_index.php #https://instagram.com/jnanayogashrama?igshid=ZDdkNTZiNTM= #https://www.facebook.com/jnanayogashrama?mibextid=ZbWKwL,09:22,public,11/9/2023,"What can solve all the world's problems?, ಜಗತ್ತಿನ ಎಲ್ಲ ಸಮಸ್ಯೆಗಳನ್ನು ಯಾವುದರಿಂದ ಪರಿಹರಿಸಬಹುದು",46.6571967812762,48055,663,27,4,5,-,1
b2ME6Y5PgLU,Live- ವೇದಾಂತಕೇಸರಿ ಪೂಜ್ಯ ಶ್ರೀ ಮಲ್ಲಿಕಾರ್ಜುನ ಮಹಾಶಿವಯೋಗಿಗಳವರ 121 ನೆಯ ಜಯಂತ್ಯೋತ್ಸವ - ಪೂಜ್ಯರಿಂದ ಆಶೀರ್ವಚನ,ಸ್ಥಳ : ಜ್ಞಾನಯೋಗಾಶ್ರಮ ವಿಜಯಪುರ.,01:54:07,public,11/9/2023,,36.32949196283638,4420,82,3,0,4,-,1
9wC3-a7ZHFY,Live- ವೇದಾಂತಕೇಸರಿ ಪೂಜ್ಯ ಶ್ರೀ ಮಲ್ಲಿಕಾರ್ಜುನ ಮಹಾಶಿವಯೋಗಿಗಳವರ 121 ನೆಯ ಜಯಂತ್ಯೋತ್ಸವ - ಪಲ್ಲಕ್ಕಿ ಉತ್ಸವ,ಸ್ಥಳ : ಜ್ಞಾನಯೋಗಾಶ್ರಮ ವಿಜಯಪುರ.,28:45,public,11/8/2023,,36.60269581511533,4708,97,6,0,4,-,2
owqcPtkm-1E,Live- ವೇದಾಂತಕೇಸರಿ ಪೂಜ್ಯ ಶ್ರೀ ಮಲ್ಲಿಕಾರ್ಜುನ ಮಹಾಶಿವಯೋಗಿಗಳವರ 121 ನೆಯ ಜಯಂತ್ಯೋತ್ಸವ - ಗದ್ದುಗೆಯ ಮಹಾಪೂಜೆ,ಸ್ಥಳ : ಜ್ಞಾನಯೋಗಾಶ್ರಮ ವಿಜಯಪುರ.,34:09,public,11/8/2023,,35.814327978657715,3924,91,11,0,4,-,2
wyr7ek0NXl0,Live- ವೇದಾಂತಕೇಸರಿ ಪೂಜ್ಯ ಶ್ರೀ ಮಲ್ಲಿಕಾರ್ಜುನ ಮಹಾಶಿವಯೋಗಿಗಳವರ 121 ನೆಯ ಜಯಂತ್ಯೋತ್ಸವ - ಧರ್ಮ ಧ್ವಜಾರೋಹಣ,ಸ್ಥಳ : ಜ್ಞಾನಯೋಗಾಶ್ರಮ ವಿಜಯಪುರ.,17:41,public,11/8/2023,,36.86140555826012,4998,120,12,0,4,-,2
4CfUCDOKaa8,ನಮ್ಮ ಜೀವನದ ನೌಕೆಯು ಯಾವುದರ ಮೇಲೆ ಸಾಗುತ್ತಿದೆ?,#https://instagram.com/jnanayogashrama?igshid=ZDdkNTZiNTM= #https://www.facebook.com/jnanayogashrama?mibextid=ZbWKwL # https://amzn.eu/d/j5QXHyw #https://www.jnanayogashrama.org/mdsmall/mdsm_index.php,10:57,public,11/6/2023,,45.26400429249962,34829,534,20,4,5,-,1
3bnyPghLZhs,ಇರುವುದರಷ್ಟರಲ್ಲಿಯೇ ನಮ್ಮ ಜೀವನವನ್ನು ಸಾಗಿಸುವುದು ಹೇಗೆ? - How can we live our lives as long as there is?,# https://amzn.eu/d/j5QXHyw #https://www.jnanayogashrama.org/mdsmall/mdsm_index.php #https://instagram.com/jnanayogashrama?igshid=ZDdkNTZiNTM= #https://www.facebook.com/jnanayogashrama?mibextid=ZbWKwL,14:37,public,11/4/2023,"ಇರುವುದರಷ್ಟರಲ್ಲಿಯೇ ನಮ್ಮ ಜೀವನವನ್ನು ಸಾಗಿಸುವುದು ಹೇಗೆ?, How can we live our lives as long as there is?",47.84386946071366,63214,915,46,4,5,-,1
9Clz0HSV8uE,ಜಗತ್ತಿನಲ್ಲಿ  ಪವಿತ್ರವಾಗಿ ಇರುವುದು  ಎಂದರೆ ಯಾವುದು ? - What does it mean to be holy in the world?,# https://amzn.eu/d/j5QXHyw #https://www.jnanayogashrama.org/mdsmall/mdsm_index.php #https://instagram.com/jnanayogashrama?igshid=ZDdkNTZiNTM= #https://www.facebook.com/jnanayogashrama?mibextid=ZbWKwL,10:24,public,11/1/2023,"ಜಗತ್ತಿನಲ್ಲಿ ಪವಿತ್ರವಾಗಿ ಇರುವುದು ಎಂದರೆ ಯಾವುದು, What does it mean to be holy in the world?",46.67418572484765,48244,666,31,4,5,-,1
BaYgKiI362s,ಜೀವನದಲ್ಲಿ ಆಗುವ ಕೆಲವು ಬದಲಾವಣೆಗಳಿಂದ ತಾಪ ಮಾಡಿಕೊಳ್ಳಬಾರದು ಏಕೆ?,#https://amzn.eu/d/j5QXHyw #https://www.jnanayogashrama.org/mdsmall/mdsm_index.php #https://instagram.com/jnanayogashrama?igshid=ZDdkNTZiNTM= #https://www.facebook.com/jnanayogashrama?mibextid=ZbWKwL,18:53,public,10/30/2023,"ಜೀವನದಲ್ಲಿ ಆಗುವ ಕೆಲವು ಬದಲಾವಣೆಗಳಿಂದ ತಾಪ ಮಾಡಿಕೊಳ್ಳಬಾರದು ಏಕೆ?, Why not embrace some changes in life?",49.340426070463025,89327,1.2K,58,4,4,-,1
F2B50lEA3r8,ಭಕ್ತಿ ಮಾರ್ಗದಲ್ಲಿ ಸಾಗಲು ಏನು ಮಾಡಬೇಕು?- What should be done to move on the path of devotion?,# https://amzn.eu/d/j5QXHyw #https://www.jnanayogashrama.org/mdsmall/mdsm_index.php #https://instagram.com/jnanayogashrama?igshid=ZDdkNTZiNTM= #https://www.facebook.com/jnanayogashrama?mibextid=ZbWKwL,17:34,public,10/28/2023,"ಭಕ್ತಿ ಮಾರ್ಗದಲ್ಲಿ ಸಾಗಲು ಏನು ಮಾಡಬೇಕು?, What should be done to move on the path of devotion?",48.39653514274663,71824,947,37,4,5,-,1
m94REGKB9OA,ನಿಶ್ಚಿಂತನಾಗಿ ಬದುಕಬೇಕಾದರೆ ಆತನ ದೃಷ್ಟಿಕೋನ ಹೇಗಿರಬೇಕು? -,# https://amzn.eu/d/j5QXHyw #https://www.jnanayogashrama.org/mdsmall/mdsm_index.php #https://instagram.com/jnanayogashrama?igshid=ZDdkNTZiNTM= #https://www.facebook.com/jnanayogashrama?mibextid=ZbWKwL,14:46,public,10/25/2023,"ನಿಶ್ಚಿಂತನಾಗಿ ಬದುಕಬೇಕಾದರೆ ಆತನ ದೃಷ್ಟಿಕೋನ ಹೇಗಿರಬೇಕು? -, What should be his perspective if he wants to live with peace of mind? -",53.50259829819037,233684,2.6K,119,4,5,-,1
MEwkfBNcF70,ನಾಡಹಬ್ಬ  ದಸರಾ ಉತ್ಸವದಲ್ಲಿ ಜ್ಞಾನಯೋಗಿ ಪರಮ ಪೂಜ್ಯ ಶ್ರೀ ಸಿದ್ಧೇಶ್ವರ ಮಹಾಸ್ವಾಮೀಜಿಯವರ ಸ್ತಬ್ದ ಚಿತ್ರದ ಪ್ರದರ್ಶನ.,,00:38,public,10/24/2023,,37.47104851721786,5754,181,15,0,0,-,2
pZRmoOnFTzw,ನಾವು ಪೂರ್ವ ಜನ್ಮದ ಜ್ಞಾನವನ್ನು ಏಕೆ ಮಾಡಿಕೊಳ್ಳಬೇಕು? - Why do we need knowledge of pre-birth?,#https://instagram.com/jnanayogashrama?igshid=ZDdkNTZiNTM= #https://www.facebook.com/jnanayogashrama?mibextid=ZbWKwL # https://amzn.eu/d/j5QXHyw #https://www.jnanayogashrama.org/mdsmall/mdsm_index.php,17:54,public,10/21/2023,"ನಾವು ಪೂರ್ವ ಜನ್ಮದ ಜ್ಞಾನವನ್ನು ಏಕೆ ಮಾಡಿಕೊಳ್ಳಬೇಕು?, Why do we need knowledge of pre-birth?",47.96751816231706,65046,886,42,4,5,-,1
yap4YABxDqs,ತಲೆಯಲ್ಲಿರುವ ಭಾರವನ್ನು ಇಳಿಸಿಕೊಳ್ಳಲು ಯಾವ ಯೋಗ ಮಾಡಬೇಕು?,#https://instagram.com/jnanayogashrama?igshid=ZDdkNTZiNTM= #https://www.facebook.com/jnanayogashrama?mibextid=ZbWKwL # https://amzn.eu/d/j5QXHyw #https://www.jnanayogashrama.org/mdsmall/mdsm_index.php,11:29,public,10/18/2023,"ತಲೆಯಲ್ಲಿರುವ ಭಾರವನ್ನು ಇಳಿಸಿಕೊಳ್ಳಲು ಯಾವ ಯೋಗ ಮಾಡಬೇಕು?, -What yoga should be done to reduce the burden in the head?",50.164739593570495,108068,1.4K,72,4,5,-,1
qWRu24vOHwk,ಧರ್ಮ ಎಂದರೆ ಏನು? - What is religion?,#https://instagram.com/jnanayogashrama?igshid=ZDdkNTZiNTM= #https://www.facebook.com/jnanayogashrama?mibextid=ZbWKwL # https://amzn.eu/d/j5QXHyw #https://www.jnanayogashrama.org/mdsmall/mdsm_index.php,13:05,public,10/16/2023,"ಧರ್ಮ ಎಂದರೆ ಏನು, What is religion",49.479361599361354,92241,1.2K,51,4,5,-,1
Zyv3vHYaM4s,ನಮ್ಮ ಕೈಯಲ್ಲಿ ಏನು ಆಗುವುದಿಲ್ಲ ಅನ್ನುವವರಿಗೆ ಒಂದು ಮಾತು,#https://instagram.com/jnanayogashrama?igshid=ZDdkNTZiNTM= #https://www.facebook.com/jnanayogashrama?mibextid=ZbWKwL # https://amzn.eu/d/j5QXHyw #https://www.jnanayogashrama.org/mdsmall/mdsm_index.php,22:48,public,10/14/2023,"A word for those who don't know what to do with our hands?, ನಮ್ಮ ಕೈಯಲ್ಲಿ ಏನು ಆಗುವುದಿಲ್ಲ ಅನ್ನುವವರಿಗೆ ಒಂದು ಮಾತು?",61.4629137296076,1470258,16K,386,4,5,-,1
WcV-1n11M-w,ಯಾವುದನ್ನು ಬಿಟ್ಟರೆ ಜೀವನದಲ್ಲಿ ಶಾಂತಿ ಉಂಟಾಗುತ್ತದೆ?,#https://instagram.com/jnanayogashrama?igshid=ZDdkNTZiNTM= #https://www.facebook.com/jnanayogashrama?mibextid=ZbWKwL # https://amzn.eu/d/j5QXHyw #https://www.jnanayogashrama.org/mdsmall/mdsm_index.php,14:55,public,10/11/2023,"ಯಾವುದನ್ನು ಬಿಟ್ಟರೆ ಜೀವನದಲ್ಲಿ ಶಾಂತಿ ಉಂಟಾಗುತ್ತದೆ?, What is peace in life?",53.50839152410997,233997,2.4K,97,4,5,-,1
EjKCicD9jaI,"ನಾವು ಕಟ್ಟಿದರೆ ಮನೆಯನ್ನು ಯಾವುದರಿಂದ ಕಟ್ಟಬೇಕು? - If we build a house, what should we build it with?",#https://instagram.com/jnanayogashrama?igshid=ZDdkNTZiNTM= #https://www.facebook.com/jnanayogashrama?mibextid=ZbWKwL # https://amzn.eu/d/j5QXHyw #https://www.jnanayogashrama.org/mdsmall/mdsm_index.php,14:09,public,10/9/2023,,47.038770170481946,52484,724,43,4,5,-,1
ggUW09ttgCE,"ಜ್ಞಾನಯೋಗಿ ಪ. ಪೂ. ಶ್ರೀ ಸಿದ್ಧೇಶ್ವರ ಮಹಾಸ್ವಾಮಿಗಳವರ ""ಗುರುನಮನ"" ಕಾರ್ಯಕ್ರಮದ ಪೂರ್ವಭಾವಿ ಸಭೆ (ಭಾಗ-2) 06-10-2023","02-01-2024 ಕ್ಕೆ ಜರಗಲಿರುವ ಜ್ಞಾನಯೋಗಿ ಪ. ಪೂ. ಶ್ರೀ ಸಿದ್ಧೇಶ್ವರ ಮಹಾಸ್ವಾಮಿಗಳವರ ""ಗುರುನಮನ"" ಕಾರ್ಯಕ್ರಮದ ಪೂರ್ವಭಾವಿ ಸಭೆ (ಭಾಗ-2) 06-10-2023",21:56,public,10/8/2023,,41.138548135163425,13427,302,27,0,15,-,2
bNePNqnExzU,ಇನ್ನೊಬ್ಬರ ಮನಸ್ಸಿನಲ್ಲಿ  ಏನಿದೆ ಎಂದು ತಿಳಿದುಕೊಳ್ಳುವುದು ಹೇಗೆ? - How to know what is on another's mind? -,#https://instagram.com/jnanayogashrama?igshid=ZDdkNTZiNTM= #https://www.facebook.com/jnanayogashrama?mibextid=ZbWKwL # https://amzn.eu/d/j5QXHyw #https://www.jnanayogashrama.org/mdsmall/mdsm_index.php,23:18,public,10/7/2023,,57.06452604361208,532163,5K,183,4,5,-,0
ZhFKHGertdc,"ಜ್ಞಾನಯೋಗಿ ಪ. ಪೂ. ಶ್ರೀ ಸಿದ್ಧೇಶ್ವರ ಮಹಾಸ್ವಾಮಿಗಳವರ ""ಗುರುನಮನ"" ಕಾರ್ಯಕ್ರಮದ ಪೂರ್ವಭಾವಿ ಸಭೆ (ಭಾಗ - 1)06-10-23","02-01-2024 ಕ್ಕೆ ಜರಗಲಿರುವ ಜ್ಞಾನಯೋಗಿ ಪ. ಪೂ. ಶ್ರೀ ಸಿದ್ಧೇಶ್ವರ ಮಹಾಸ್ವಾಮಿಗಳವರ ""ಗುರುನಮನ"" ಕಾರ್ಯಕ್ರಮದ ಪೂರ್ವಭಾವಿ ಸಭೆ (ಭಾಗ - 1)",18:40,public,10/7/2023,,38.322508005954546,7005,162,12,0,16,-,2
tObugVRiOqw,ನಮ್ಮ ಹತ್ತಿರ ಇರುವ ಸಂಪತ್ತನ್ನು ಉಳಿಸಿಕೊಳ್ಳಲು  ಏನು ಮಾಡಬೇಕು?,#https://instagram.com/jnanayogashrama?igshid=ZDdkNTZiNTM= #https://www.facebook.com/jnanayogashrama?mibextid=ZbWKwL # https://amzn.eu/d/j5QXHyw #https://www.jnanayogashrama.org/mdsmall/mdsm_index.php,13:47,public,10/4/2023,"ನಮ್ಮ ಹತ್ತಿರ ಇರುವ ಸಂಪತ್ತನ್ನು ಉಳಿಸಿಕೊಳ್ಳಲು ಏನು ಮಾಡಬೇಕು?, What should be done to preserve the wealth that is close to us? -",48.40400088973888,71948,1K,43,4,5,-,1
XcfO1DTnhOM,ದೊಡ್ಡವನು ಎಂದು ಅನಿಸಿಕೊಳ್ಳಲು ಮೊದಲು ಏನು ಮಾಡಬೇಕು? - What to do first to feel like a grown up?,#https://instagram.com/jnanayogashrama?igshid=ZDdkNTZiNTM= #https://www.facebook.com/jnanayogashrama?mibextid=ZbWKwL # https://amzn.eu/d/j5QXHyw #https://www.jnanayogashrama.org/mdsmall/mdsm_index.php,19:22,public,10/2/2023,,55.21355378804931,346986,3.1K,95,4,5,-,0
4SwXYTbvVn8,ಜಗತ್ತಿನಲ್ಲಿರುವ ಪ್ರತಿಯೊಂದು ವಸ್ತುವನ್ನು ಹೇಗೆ ನೋಡಿದರೆ  ಒಳ್ಳೆಯದು? -,#https://instagram.com/jnanayogashrama?igshid=ZDdkNTZiNTM= #https://www.facebook.com/jnanayogashrama?mibextid=ZbWKwL # https://amzn.eu/d/j5QXHyw #https://www.jnanayogashrama.org/mdsmall/mdsm_index.php,17:58,public,9/30/2023,"How can every thing in the world be seen as good?, ಜಗತ್ತಿನಲ್ಲಿರುವ ಪ್ರತಿಯೊಂದು ವಸ್ತುವನ್ನು ಹೇಗೆ ನೋಡಿದರೆ ಒಳ್ಳೆಯದು? -",49.013179263382796,82822,979,45,4,5,-,1
TrQhSm3BfbU,ಜೀವನದಲ್ಲಿ ಏನೇ ನಿರ್ಧಾರ  ತೆಗೆದುಕೊಳ್ಳುವಾಗ ನಮ್ಮ ಆಯ್ಕೆ ಹೇಗಿರಬೇಕು?,What should be our choice while making any decision in life?,10:33,public,9/28/2023,"ಜೀವನದಲ್ಲಿ ಏನೇ ನಿರ್ಧಾರ ತೆಗೆದುಕೊಳ್ಳುವಾಗ ನಮ್ಮ ಆಯ್ಕೆ ಹೇಗಿರಬೇಕು?, What should be our choice while making any decision in life?",48.21375854454112,68854,966,30,0,11,-,1
foL8vogl0l8,ಸುಖ ಜೀವನಕ್ಕಾಗಿ ಎಂತಹ ವಿದ್ಯೆ ಅವಶ್ಯ? - What education is necessary for a happy life?,#https://instagram.com/jnanayogashrama?igshid=ZDdkNTZiNTM= #https://www.facebook.com/jnanayogashrama?mibextid=ZbWKwL # https://amzn.eu/d/j5QXHyw #https://www.jnanayogashrama.org/mdsmall/mdsm_index.php,30:16,public,9/26/2023,"ಸುಖ ಜೀವನಕ್ಕಾಗಿ ಎಂತಹ ವಿದ್ಯೆ ಅವಶ್ಯ?, What education is necessary for a happy life?, #Siddheshwar Swamiji, #jnanayogashram vijyapur",59.19371840532882,870352,6.8K,251,4,5,-,0
3w4q3N2gV1M,ನಮ್ಮ ಮನಸ್ಸನ್ನು ಸ್ಥಿರವಾಗಿ ನಿಲ್ಲಿಸಲು ಏನು ಮಾಡಬೇಕು? - What must be done to make our mind steady?,#https://instagram.com/jnanayogashrama?igshid=ZDdkNTZiNTM= #https://www.facebook.com/jnanayogashrama?mibextid=ZbWKwL # https://amzn.eu/d/j5QXHyw #https://www.jnanayogashrama.org/mdsmall/mdsm_index.php,23:17,public,9/24/2023,"ನಮ್ಮ ಮನಸ್ಸನ್ನು ಸ್ಥಿರವಾಗಿ ನಿಲ್ಲಿಸಲು ಏನು ಮಾಡಬೇಕು?, What must be done to make our mind steady?",55.2939786066574,353494,4.1K,154,4,5,-,1
ZciuM2D4Tq0,ಜಗತ್ತಿನಲ್ಲಿ ನಮಗೆ ಕಾಣಿಸುವ 8 ತರಹದ ಜನ ಯಾರು? - Who are the 8 types of people we see in the world?,#https://instagram.com/jnanayogashrama?igshid=ZDdkNTZiNTM= #https://www.facebook.com/jnanayogashrama?mibextid=ZbWKwL # https://amzn.eu/d/j5QXHyw #https://www.jnanayogashrama.org/mdsmall/mdsm_index.php,31:48,public,9/20/2023,"ಜಗತ್ತಿನಲ್ಲಿ ನಮಗೆ ಕಾಣಿಸುವ 8 ತರಹದ ಜನ ಯಾರು?, Who are the 8 types of people we see in the world?",49.54636036616573,93680,1.2K,55,4,5,-,1
ROfIuS11gkQ,ಇನ್ನೊಬ್ಬರ  ಶಾಂತಿಗಾಗಿ ಮನುಷ್ಯನ ಮಾತು ಹೇಗಿರಬೇಕು? - How should a man speak for the peace of another?,#https://instagram.com/jnanayogashrama?igshid=ZDdkNTZiNTM= #https://www.facebook.com/jnanayogashrama?mibextid=ZbWKwL # https://amzn.eu/d/j5QXHyw #https://www.jnanayogashrama.org/mdsmall/mdsm_index.php,11:21,public,9/18/2023,"ಇನ್ನೊಬ್ಬರ ಶಾಂತಿಗಾಗಿ ಮನುಷ್ಯನ ಮಾತು ಹೇಗಿರಬೇಕು?, How should a man speak for the peace of another?",49.031118673626395,83166,1K,51,4,5,-,1
Tp_N4Gzx_74,ನಾವು ಮಾಡಿದ ಪಾಪವನ್ನು ಕಳೆದುಕೊಳ್ಳುವುದು ಹೇಗೆ? - How can we lose the sin we have committed?,#https://instagram.com/jnanayogashrama?igshid=ZDdkNTZiNTM= #https://www.facebook.com/jnanayogashrama?mibextid=ZbWKwL # https://amzn.eu/d/j5QXHyw #https://www.jnanayogashrama.org/mdsmall/mdsm_index.php,18:11,public,9/16/2023,"ನಾವು ಮಾಡಿದ ಪಾಪವನ್ನು ಕಳೆದುಕೊಳ್ಳುವುದು ಹೇಗೆ?, How can we lose the sin we have committed?",58.55268524354861,750536,6.7K,256,4,5,-,0
4Po1p0c3lVY,ನಾವು ಯೋಗಿ ಆಗಬೇಕಾದರೆ ಏನು ಮಾಡಬೇಕು? - What should we do to become a Yogi?,#https://instagram.com/jnanayogashrama?igshid=ZDdkNTZiNTM= #https://www.facebook.com/jnanayogashrama?mibextid=ZbWKwL # https://amzn.eu/d/j5QXHyw #https://www.jnanayogashrama.org/mdsmall/mdsm_index.php,31:51,public,9/14/2023,"ನಾವು ಯೋಗಿ ಆಗಬೇಕಾದರೆ ಏನು ಮಾಡಬೇಕು?, What should we do to become a Yogi?",56.38254310077861,454582,4K,140,4,5,-,0
eWNF-CQxO4g,ಈ ಜಗತ್ತಿನಲ್ಲಿ ನಾಶ ಮಾಡಲು ಬಾರದ ವಸ್ತು ಯಾವುದು? - What is indestructible in this world?,#https://instagram.com/jnanayogashrama?igshid=ZDdkNTZiNTM= #https://www.facebook.com/jnanayogashrama?mibextid=ZbWKwL # https://amzn.eu/d/j5QXHyw #https://www.jnanayogashrama.org/mdsmall/mdsm_index.php,12:07,public,9/13/2023,ಈ ಜಗತ್ತಿನಲ್ಲಿ ನಾಶ ಮಾಡಲು ಬಾರದ ವಸ್ತು ಯಾವುದು? - What is indestructible in this world?,48.542466435416145,74287,870,36,4,5,-,1
KlBPJHivoRs,ಮಾಟ-ಮಂತ್ರಗಳನ್ನು ದೂರ ಮಾಡುವುದು ಹೇಗೆ?,,00:45,public,9/12/2023,,54.73690878571331,310802,11K,70,0,0,-,2
pMPrgmzblaQ,ಮನುಷ್ಯನ ಆಸೆ ಎಂಬುದು ಎಷ್ಟರ ಮಟ್ಟಿಗೆ ಇರಬೇಕು? - To what extent should the desire of man be?,#https://instagram.com/jnanayogashrama?igshid=ZDdkNTZiNTM= #https://www.facebook.com/jnanayogashrama?mibextid=ZbWKwL # https://amzn.eu/d/j5QXHyw #https://www.jnanayogashrama.org/mdsmall/mdsm_index.php,15:49,public,9/11/2023,"ಮನುಷ್ಯನ ಆಸೆ ಎಂಬುದು ಎಷ್ಟರ ಮಟ್ಟಿಗೆ ಇರಬೇಕು?, To what extent should the desire of man be?",48.17276965305917,68205,867,32,4,5,-,1
eAk7NgpiMnA,ನಾವು ಅತ್ಮ ಜ್ಞಾನಿ ಆಗುವುದು ಯಾವಾಗ? - ನಾವು ಆತ್ಮ ಜ್ಞಾನಿ ಆಗುವುದು ಯಾವಾಗ?,#https://instagram.com/jnanayogashrama?igshid=ZDdkNTZiNTM= #https://www.facebook.com/jnanayogashrama?mibextid=ZbWKwL # https://amzn.eu/d/j5QXHyw #https://www.jnanayogashrama.org/mdsmall/mdsm_index.php,11:02,public,9/9/2023,,47.99953768594381,65529,788,34,4,5,-,1
eH3JDJyt99A,ನಮ್ಮ ಉತ್ಸಾಹ ಏಕೆ ಕಡಿಮೆಯಾಗಿದೆ?,,00:44,public,9/7/2023,,48.26189124275746,69624,3.1K,25,0,0,-,2
vCCurOA-_k8,ನಮ್ಮ ಜೀವನದ ಚಕ್ರವು ಹೇಗೆ ತಿರುಗುತ್ತಿದೆ? - How is our cycle of life turning?,#https://instagram.com/jnanayogashrama?igshid=ZDdkNTZiNTM= #https://www.facebook.com/jnanayogashrama?mibextid=ZbWKwL # https://amzn.eu/d/j5QXHyw #https://www.jnanayogashrama.org/mdsmall/mdsm_index.php,13:29,public,9/6/2023,"ನಮ್ಮ ಜೀವನದ ಚಕ್ರವು ಹೇಗೆ ತಿರುಗುತ್ತಿದೆ?, How is our cycle of life turning?",50.05276653929373,105308,1.4K,53,4,5,-,1
LWcGhY9o3FQ,ಜೀವನದಲ್ಲಿ ಶಾಶ್ವತವಾಗಿ ಉಳಿಯುವ ಸಂಬಂಧ ಯಾವುದು? - What is the relationship that lasts forever in life?,#https://instagram.com/jnanayogashrama?igshid=ZDdkNTZiNTM= #https://www.facebook.com/jnanayogashrama?mibextid=ZbWKwL # https://amzn.eu/d/j5QXHyw #https://www.jnanayogashrama.org/mdsmall/mdsm_index.php,15:28,public,9/4/2023,ಜೀವನದಲ್ಲಿ ಶಾಶ್ವತವಾಗಿ ಉಳಿಯುವ ಸಂಬಂಧ ಯಾವುದು? - What is the relationship that lasts forever in life?,53.187587577396286,217280,2K,97,4,5,-,0
uz4rCqc02mQ,ಅಂದುಕೊಂಡ ಕೆಲಸವನ್ನು ಯಾವಾಗ ಮಾಡಿದರೆ ಒಳ್ಳೆಯದು? - When is it good to do what you think?,#https://instagram.com/jnanayogashrama?igshid=ZDdkNTZiNTM= #https://www.facebook.com/jnanayogashrama?mibextid=ZbWKwL # https://amzn.eu/d/j5QXHyw #https://www.jnanayogashrama.org/mdsmall/mdsm_index.php,29:45,public,9/2/2023,"ಅಂದುಕೊಂಡ ಕೆಲಸವನ್ನು ಯಾವಾಗ ಮಾಡಿದರೆ ಒಳ್ಳೆಯದು?, When is it good to do what you think?",58.18545381130504,689481,6.1K,208,4,5,-,0
E-zMwzPjrnY,"ರಾಗ, ಕ್ರೋದ, ಭಯ ಎಂದರೆ ಏನು? - What is raga, anger, fear?",#https://instagram.com/jnanayogashrama?igshid=ZDdkNTZiNTM= #https://www.facebook.com/jnanayogashrama?mibextid=ZbWKwL # https://amzn.eu/d/j5QXHyw #https://www.jnanayogashrama.org/mdsmall/mdsm_index.php,16:41,public,8/30/2023,,49.75774834776216,98369,1.2K,53,4,5,-,1
2k51oUi8qWc,ಎಂತಹ ಮಾತುಗಳನ್ನು ನಮ್ಮ ತಲೆಯಲ್ಲಿ ಹಾಕಿಕೊಳ್ಳಬಾರದು? - What words should not be put in our head? -,#https://instagram.com/jnanayogashrama?igshid=ZDdkNTZiNTM= #https://www.facebook.com/jnanayogashrama?mibextid=ZbWKwL # https://amzn.eu/d/j5QXHyw #https://www.jnanayogashrama.org/mdsmall/mdsm_index.php,12:14,public,8/28/2023,"ಎಂತಹ ಮಾತುಗಳನ್ನು ನಮ್ಮ ತಲೆಯಲ್ಲಿ ಹಾಕಿಕೊಳ್ಳಬಾರದು, What words should not be put in our head? -, #home",54.59926142548546,301073,3.4K,79,4,5,-,1
9lfrug5jgUc,"ಶ್ರಾವಣ ಮಾಸದ 10ನೇ ದಿನದ ಪ್ರವಚನ 26-08-2023 ಪ್ರವಚನ : ಪೂಜ್ಯ ಶ್ರೀ ಶ್ರದ್ಧಾನಂದ ಸ್ವಾಮಿಗಳು ಗೀತಾಶ್ರಮ, ಸದಲಗಾ",,01:31:54,public,8/28/2023,,40.40243456372279,11327,159,10,0,0,-,1
_k4MGp1jtpA,ಮನುಷ್ಯ ಯಾವಾಗಲು ಬದಲಾವಣೆಯಾಗಬೇಕು?,#https://instagram.com/jnanayogashrama?igshid=ZDdkNTZiNTM= #https://www.facebook.com/jnanayogashrama?mibextid=ZbWKwL # https://amzn.eu/d/j5QXHyw #https://www.jnanayogashrama.org/mdsmall/mdsm_index.php,00:51,public,8/27/2023,,49.241528271556916,87309,3.2K,17,4,5,-,2
4ftOS8wLpgo,ಶ್ರಾವಣ ಮಾಸದ 9ನೇ ದಿನದ ಪ್ರವಚನ 25-08-2023,"ಪ್ರವಚನ : ಪೂಜ್ಯ ಶ್ರೀ ನಿರ್ಭಯಾನಂದ ಸ್ವಾಮಿಗಳು, ರಾಮಕೃಷ್ಣ ಆಶ್ರಮ, ವಿಜಯಪುರ-ಗದಗ.",01:34:37,public,8/27/2023,,42.64318505449393,19009,387,29,0,9,-,2
PGTTGW2cA3M,ನಾವು ಸಿಲುಕಿಕೊಂಡಿರುವ ವಸ್ತುಗಳಿಂದ ಬಿಡಿಸಿಕೊಳ್ಳುವುದು ಹೇಗೆ?,How do we break free from the things we are stuck with? #https://instagram.com/jnanayogashrama?igshid=ZDdkNTZiNTM= #https://www.facebook.com/jnanayogashrama?mibextid=ZbWKwL # https://amzn.eu/d/j5QXHyw #https://www.jnanayogashrama.org/mdsmall/mdsm_index.php,11:21,public,8/26/2023,"ನಾವು ಸಿಲುಕಿಕೊಂಡಿರುವ ವಸ್ತುಗಳಿಂದ ಬಿಡಿಸಿಕೊಳ್ಳುವುದು ಹೇಗೆ?, How do we break free from the things we are stuck with?, #Smoke",47.41140957117829,57203,833,40,4,17,-,1
-kXKquBvwwU,ಸಂತೋಷ ಯಾರ ಕೈಯಲ್ಲಿದೆ?,#https://instagram.com/jnanayogashrama?igshid=ZDdkNTZiNTM= #https://www.facebook.com/jnanayogashrama?mibextid=ZbWKwL # https://amzn.eu/d/j5QXHyw #https://www.jnanayogashrama.org/mdsmall/mdsm_index.php,00:55,public,8/26/2023,,51.680732227880334,153397,5.2K,35,4,5,-,2
-ggcf3hJanM,ಮುಕ್ತಿಯನ್ನು ಪಡೆಯುವುದು ಹೇಗೆ?,#https://instagram.com/jnanayogashrama?igshid=ZDdkNTZiNTM= #https://www.facebook.com/jnanayogashrama?mibextid=ZbWKwL # https://amzn.eu/d/j5QXHyw #https://www.jnanayogashrama.org/mdsmall/mdsm_index.php,00:50,public,8/26/2023,,48.29865985340062,70218,2.4K,19,4,5,-,2
-cd2jQNPgyQ,"ಶ್ರಾವಣ ಮಾಸದ 8ನೇ ದಿನದ ಪ್ರವಚನ 24-08-2023   ಪ್ರವಚನ : ಮಾತೋಶ್ರೀ ಯೋಗೆಶ್ವರಿ ಮಾತಾಜಿ, ಬುರಣಾಪೂರ.",,01:24:20,public,8/26/2023,,47.53632313657527,58878,362,27,0,0,-,0
K_5thThgbrE,ಶ್ರಾವಣ ಮಾಸದ 7ನೇ ದಿನದ ಪ್ರವಚನ 23-08-2023,"ಪ್ರವಚನ : ಪೂಜ್ಯ ಶ್ರೀ ಪ್ರಜ್ಞಾನಂದ ಸ್ವಾಮಿಗಳು, ಕಲ್ಲಯ್ಯಾರೂಢ ಗುರುದೇವಾಶ್ರಮ, ನಾಗಠಾಣ",01:27:44,public,8/25/2023,,37.270923585227564,5494,98,8,0,9,-,1
HgoGHc3PjWs,"ಶ್ರಾವಣ ಮಾಸದ 6ನೇ ದಿನದ ಪ್ರವಚನ 22-08-2023 ಪ್ರವಚನ : ಶ್ರೀಕೃಷ್ಣ ಮಹಾರಾಜರು, ಶಾಂತಿ ಕುಟೀರ, ಕನ್ನೂರ",,01:33:48,public,8/24/2023,,39.812199975820285,9883,156,20,0,0,-,1
feN57RmPZIY,ಡಾಂಬಿಕ ಜೀವನ ನಡೆಸುವುದರಿಂದ ಏನಾಗುತ್ತದೆ? - What happens to living a hypocritical life?,#https://instagram.com/jnanayogashrama?igshid=ZDdkNTZiNTM= #https://www.facebook.com/jnanayogashrama?mibextid=ZbWKwL # https://amzn.eu/d/j5QXHyw #https://www.jnanayogashrama.org/mdsmall/mdsm_index.php,17:29,public,8/23/2023,"ಡಾಂಬಿಕ ಜೀವನ ನಡೆಸುವುದರಿಂದ ಏನಾಗುತ್ತದೆ?, What happens to living a hypocritical life?",50.99236549600384,130841,1.6K,62,4,5,-,1
j2Lf1SrqiLU,ಶ್ರಾವಣ ಮಾಸದ 5ನೇ ದಿನದ ಪ್ರವಚನ 21-08-2023,"ಪ್ರವಚನ : ಪೂಜ್ಯ ಶ್ರೀ ಚಿನ್ಮಯಾನಂದ ಸ್ವಾಮಿಗಳು ಗುರುದೇವಾಶ್ರಮ, ಕಾಜಿಬೀಳಗಿ                   ಪೂಜ್ಯ ಶ್ರೀ ವಚನಾನಂದ ಸ್ವಾಮಿಗಳು. ಹರಿಹರ.",01:35:12,public,8/23/2023,,36.02528586621174,4120,82,9,0,13,-,2
k1iDG4sWSZY,"ಶ್ರಾವಣ ಮಾಸದ4ನೇ ದಿನದ ಪ್ರವಚನ 20-08-2023ಪ್ರವಚನ : ಪೂಜ್ಯ ಶ್ರೀ ಯತೀಶ್ವರಾನಂದ ಸ್ವಾಮಿಗಳು, ಗುರುದೇವಾಶ್ರಮ, ಕಾಗವಾಡ",,01:22:27,public,8/22/2023,,38.72236211495587,7683,120,7,0,0,-,1
IXmXLfWqVf4,ದೇವರನ್ನು ನಾವು ಎಲ್ಲೆಲ್ಲಿ ನೋಡಬಹುದು? - Where can we see God?,#https://instagram.com/jnanayogashrama?igshid=ZDdkNTZiNTM= #https://www.facebook.com/jnanayogashrama?mibextid=ZbWKwL # https://amzn.eu/d/j5QXHyw #https://www.jnanayogashrama.org/mdsmall/mdsm_index.php,20:44,public,8/21/2023,"#God, ದೇವರನ್ನು ನಾವು ಎಲ್ಲೆಲ್ಲಿ ನೋಡಬಹುದು, Where can we see God?",50.51613455493994,117208,1.3K,55,4,5,-,1
j-mSg_gm-G8,"ಶ್ರಾವಣ ಮಾಸದ 3ನೇ ದಿನದ ಪ್ರವಚನ 19-08-2023 ಪ್ರವಚನಕಾರರು : ಪೂಜ್ಯ ಶ್ರೀ ಸಹಜಾನಂದ ಸ್ವಾಮಿಗಳು, ಜಮಖಂಡಿ.",ಸ್ಥಳ : ಜ್ಞಾನಯೋಗಾಶ್ರಮ ವಿಜಯಪುರ.,01:28:52,public,8/20/2023,,39.11006630638699,8403,191,18,0,4,-,2
DfaFx-vpBAc,ಸುಮಧುರ ಜೀವನ ನಡೆಸಲು ಭಾವನೆ ಎಂಬುದು ಎಷ್ಟು ಮುಖ್ಯ - How important is emotion to lead a harmonious life,,11:26,public,8/20/2023,,45.24732043873413,34695,385,18,0,0,-,1
geFfuN3lag4,ಪ್ರೀತಿಸಿದರೆ ಏನನ್ನು ಪ್ರೀತಿಸಬೇಕು? - If you love what you should love,#https://instagram.com/jnanayogashrama?igshid=ZDdkNTZiNTM= #https://www.facebook.com/jnanayogashrama?mibextid=ZbWKwL # https://amzn.eu/d/j5QXHyw #https://www.jnanayogashrama.org/mdsmall/mdsm_index.php,10:48,public,8/16/2023,If you love what you should love,49.72688362878463,97670,1.1K,36,4,5,-,1
EUOOWnzWoU4,ಮನಸ್ಸೆಂಬ ಹಂಡೆ ತುಂಬುವುದು ಯಾವಾಗ? - When will the vessel of mind be filled?,#https://instagram.com/jnanayogashrama?igshid=ZDdkNTZiNTM= #https://www.facebook.com/jnanayogashrama?mibextid=ZbWKwL #Kathamrutha (Tales told by Siddheshwar Swamiji in Kannada) https://amzn.eu/d/j5QXHyw #https://www.jnanayogashrama.org/mdsmall/mdsm_index.php,21:06,public,8/14/2023,,55.106964259676595,338545,3.1K,91,4,12,-,0
t1zgz4DlXCc,ಏನು ಮಾಡಿದರೆ ಜಗತ್ತು ಸುಂದರವಾಗುತ್ತದೆ? - What makes the world beautiful?,#https://instagram.com/jnanayogashrama?igshid=ZDdkNTZiNTM= #https://www.facebook.com/jnanayogashrama?mibextid=ZbWKwL # https://amzn.eu/d/j5QXHyw #https://www.jnanayogashrama.org/mdsmall/mdsm_index.php,14:15,public,8/13/2023,"#jagattusundar, #sahaaya, #help",44.703024836166364,30595,451,25,4,5,-,1
4ctrF68-vuk,ಅವರೆಲ್ಲರೂ ಭಾರತೀಯರು,#https://instagram.com/jnanayogashrama?igshid=ZDdkNTZiNTM= #https://www.facebook.com/jnanayogashrama?mibextid=ZbWKwL #Kathamrutha (Tales told by Siddheshwar Swamiji in Kannada) https://amzn.eu/d/j5QXHyw #https://www.jnanayogashrama.org/mdsmall/mdsm_index.php,00:15,public,8/13/2023,"#Bharatiyaru, #bharat",46.88508029066055,50653,2K,17,4,12,-,2
m0gxJJGjNZI,ನಮ್ಮ ಜೀವನವನ್ನು ಸರಿಯಾಗಿ ನಡೆಸುವುದು ಹೇಗೆ? - How to live our life properly?,#siddheshwarswamiji  #Jnanayogashramavijayapur #https://instagram.com/jnanayogashrama?igshid=ZDdkNTZiNTM= #https://www.facebook.com/jnanayogashrama?mibextid=ZbWKwL #Kathamrutha (Tales told by Siddheshwar Swamiji in Kannada) https://amzn.eu/d/j5QXHyw #https://www.jnanayogashrama.org/mdsmall/mdsm_index.php,12:38,public,8/11/2023,,46.24920512518871,43732,599,30,4,14,-,1
MaDhppizNYs,ನಮ್ಮ ಜೀವನದ ಉದ್ದೇಶಗಳನ್ನು ಈಡೇರಿಸುವುದು ಹೇಗೆ?-How to fulfill our life goals?,#siddheshwarswamiji  #Jnanayogashramavijayapur #https://instagram.com/jnanayogashrama?igshid=ZDdkNTZiNTM= #https://www.facebook.com/jnanayogashrama?mibextid=ZbWKwL #Kathamrutha (Tales told by Siddheshwar Swamiji in Kannada) https://amzn.eu/d/j5QXHyw #https://www.jnanayogashrama.org/mdsmall/mdsm_index.php,14:00,public,8/9/2023,#goal,47.6847374248409,60932,754,26,4,14,-,1
Cv46QZ3_bi8,ಕೆಲಸಗಳನ್ನು ನಿಧಾನವಾಗಿ ಏಕೆ ಮಾಡಬೇಕು? - Why do things slowly?,#siddheshwarswamiji  #Jnanayogashramavijayapur #https://instagram.com/jnanayogashrama?igshid=ZDdkNTZiNTM= #https://www.facebook.com/jnanayogashrama?mibextid=ZbWKwL #Kathamrutha (Tales told by Siddheshwar Swamiji in Kannada) https://amzn.eu/d/j5QXHyw #https://www.jnanayogashrama.org/mdsmall/mdsm_index.php,10:09,public,8/7/2023,,50.48820200699037,116454,1.2K,42,4,14,-,1
xxyRDJ2V8o4,ನಾವು ತ್ಯಾಗಿ ಆಗಬೇಕಾದರೆ ಏನು ಮಾಡಬೇಕು?-What should we do if we are to become a sacrifice?,#siddheshwarswamiji  #Jnanayogashramavijayapur #https://instagram.com/jnanayogashrama?igshid=ZDdkNTZiNTM= #https://www.facebook.com/jnanayogashrama?mibextid=ZbWKwL #Kathamrutha (Tales told by Siddheshwar Swamiji in Kannada) https://amzn.eu/d/j5QXHyw #https://www.jnanayogashrama.org/mdsmall/mdsm_index.php,19:42,public,8/5/2023,,47.64312673458872,60349,815,38,4,14,-,1
wupymb7OdOU,ಶ್ರದ್ಧಾ ಎಂದರೇನು?,,00:57,public,8/5/2023,,46.83558154741903,50077,2.2K,20,0,0,-,2
vzQrYbviYJM,ಶಂಕರಾಚಾರ್ಯರಿಂದ ಮನುಷ್ಯ ಜ್ಞಾನಿಯಾಗಿದ್ದು ಹೇಗೆ? - By Shankaracharya how does a man become wise?,#siddheshwarswamiji  #Jnanayogashramavijayapur #https://instagram.com/jnanayogashrama?igshid=ZDdkNTZiNTM= #https://www.facebook.com/jnanayogashrama?mibextid=ZbWKwL #Kathamrutha (Tales told by Siddheshwar Swamiji in Kannada) https://amzn.eu/d/j5QXHyw #https://www.jnanayogashrama.org/mdsmall/mdsm_index.php,12:15,public,8/2/2023,,56.53872989938445,471286,6.4K,269,4,14,-,1
NzHmxDJWL2Q,Live- ವಿಶೇಷ ಕಾರ್ಯಕ್ರಮ (01-08-2023),ಜ್ಞಾನಯೋಗಾಶ್ರಮ ವಿಜಯಪುರ,01:25:29,public,8/1/2023,,40.51892274330092,11636,273,22,0,2,-,2
xfDnsOgP2kc,ಪ್ರೇಮ ಎಂದರೆ ಹೇಗಿರಬೇಕು? - What should love be?,#siddheshwarswamiji  #Jnanayogashramavijayapur #https://instagram.com/jnanayogashrama?igshid=ZDdkNTZiNTM= #https://www.facebook.com/jnanayogashrama?mibextid=ZbWKwL #Kathamrutha (Tales told by Siddheshwar Swamiji in Kannada) https://amzn.eu/d/j5QXHyw #https://www.jnanayogashrama.org/mdsmall/mdsm_index.php,14:03,public,7/31/2023,"ಪ್ರೇಮ ಎಂದರೆ ಹೇಗಿರಬೇಕು, What should love be, #love",46.7941575004848,49600,727,33,4,14,-,1
l88jXFOtm9E,Live- ಪರಮ ಪೂಜ್ಯ ಶ್ರೀ ಸಿದ್ಧೇಶ್ವರ ಸ್ವಾಮಿಗಳವರ ಸಂಗ್ರಹಿಸಿರುವ ಆಧ್ಯಾತ್ಮಿಕ ಪ್ರವಚನದ ಧ್ವನಿ ಸುರುಳಿ (31-07-2023),ಜ್ಞಾನಯೋಗಾಶ್ರಮ ವಿಜಯಪುರ,01:01:59,public,7/31/2023,,40.751011341810816,12277,227,18,0,2,-,1
YgaG8N0LnY0,Live- ಪರಮ ಪೂಜ್ಯ ಶ್ರೀ ಸಿದ್ಧೇಶ್ವರ ಸ್ವಾಮಿಗಳವರ ಸಂಗ್ರಹಿಸಿರುವ ಆಧ್ಯಾತ್ಮಿಕ ಪ್ರವಚನದ ಧ್ವನಿ ಸುರುಳಿ (30-07-2023),ಜ್ಞಾನಯೋಗಾಶ್ರಮ ವಿಜಯಪುರ,01:00:54,public,7/30/2023,,39.21840760363262,8616,174,10,0,2,-,2
VUpLwy1TfNo,Live- ಪರಮ ಪೂಜ್ಯ ಶ್ರೀ ಸಿದ್ಧೇಶ್ವರ ಸ್ವಾಮಿಗಳವರ ಸಂಗ್ರಹಿಸಿರುವ ಆಧ್ಯಾತ್ಮಿಕ ಪ್ರವಚನದ ಧ್ವನಿ ಸುರುಳಿ (29-07-2023),ಜ್ಞಾನಯೋಗಾಶ್ರಮ ವಿಜಯಪುರ,01:08:08,public,7/29/2023,,38.9076198688927,8019,187,20,0,2,-,2
xbL04XLwUrw,ಇವೆರಡನ್ನೂ ನೆನಪಿನಲ್ಲಿಟ್ಟರೆ ಬದುಕು ಸುಂದರವಾಗುತ್ತದೆ? - Remembering these two makes life beautiful?,#siddheshwarswamiji  #Jnanayogashramavijayapur #https://instagram.com/jnanayogashrama?igshid=ZDdkNTZiNTM= #https://www.facebook.com/jnanayogashrama?mibextid=ZbWKwL #Kathamrutha (Tales told by Siddheshwar Swamiji in Kannada) https://amzn.eu/d/j5QXHyw #https://www.jnanayogashrama.org/mdsmall/mdsm_index.php,12:52,public,7/28/2023,,49.37411422189502,90025,1K,48,4,14,-,1
tfYEkfZK5wM,Live- ಪರಮ ಪೂಜ್ಯ ಶ್ರೀ ಸಿದ್ಧೇಶ್ವರ ಸ್ವಾಮಿಗಳವರ ಸಂಗ್ರಹಿಸಿರುವ ಆಧ್ಯಾತ್ಮಿಕ ಪ್ರವಚನದ ಧ್ವನಿ ಸುರುಳಿ (28-07-2023),ಜ್ಞಾನಯೋಗಾಶ್ರಮ ವಿಜಯಪುರ,01:01:05,public,7/28/2023,,38.727991779020506,7693,180,13,0,2,-,2
SZZQmQvY8xM,Live- ಪರಮ ಪೂಜ್ಯ ಶ್ರೀ ಸಿದ್ಧೇಶ್ವರ ಸ್ವಾಮಿಗಳವರ ಸಂಗ್ರಹಿಸಿರುವ ಆಧ್ಯಾತ್ಮಿಕ ಪ್ರವಚನದ ಧ್ವನಿ ಸುರುಳಿ (27-07-2023),ಜ್ಞಾನಯೋಗಾಶ್ರಮ ವಿಜಯಪುರ,57:26,public,7/27/2023,,38.17737681448247,6774,188,13,0,2,-,2
bDxzq-6jtp4,ಎಲ್ಲಾ ದೇವರುಗಳು ಒಂದೇ ಅದು ಹೇಗೆ? - How is it that all gods are the same?,#siddheshwarswamiji  #Jnanayogashramavijayapur #https://instagram.com/jnanayogashrama?igshid=ZDdkNTZiNTM= #https://www.facebook.com/jnanayogashrama?mibextid=ZbWKwL #Kathamrutha (Tales told by Siddheshwar Swamiji in Kannada) https://amzn.eu/d/j5QXHyw #https://www.jnanayogashrama.org/mdsmall/mdsm_index.php,16:42,public,7/26/2023,,50.18898171015843,108675,1.3K,68,4,14,-,1
Hf3a6ZhBpjI,Live- ಪರಮ ಪೂಜ್ಯ ಶ್ರೀ ಸಿದ್ಧೇಶ್ವರ ಸ್ವಾಮಿಗಳವರ ಸಂಗ್ರಹಿಸಿರುವ ಆಧ್ಯಾತ್ಮಿಕ ಪ್ರವಚನದ ಧ್ವನಿ ಸುರುಳಿ (26-07-2023),ಜ್ಞಾನಯೋಗಾಶ್ರಮ ವಿಜಯಪುರ,58:05,public,7/26/2023,,38.85440058579839,7921,178,14,0,2,-,2
fb47Efp9fKU,Live- ಪರಮ ಪೂಜ್ಯ ಶ್ರೀ ಸಿದ್ಧೇಶ್ವರ ಸ್ವಾಮಿಗಳವರ ಸಂಗ್ರಹಿಸಿರುವ ಆಧ್ಯಾತ್ಮಿಕ ಪ್ರವಚನದ ಧ್ವನಿ ಸುರುಳಿ (25-07-2023),ಜ್ಞಾನಯೋಗಾಶ್ರಮ ವಿಜಯಪುರ,59:16,public,7/25/2023,,39.51399958750537,9225,191,7,0,2,-,2
GvsZToBmF0Y,Live- ಪರಮ ಪೂಜ್ಯ ಶ್ರೀ ಸಿದ್ಧೇಶ್ವರ ಸ್ವಾಮಿಗಳವರ ಸಂಗ್ರಹಿಸಿರುವ ಆಧ್ಯಾತ್ಮಿಕ ಪ್ರವಚನದ ಧ್ವನಿ ಸುರುಳಿ (24-07-2023),ಜ್ಞಾನಯೋಗಾಶ್ರಮ ವಿಜಯಪುರ,59:26,public,7/24/2023,,39.626074820355235,9467,204,17,0,2,-,2
xu1mQt1bFik,ಜೀವನದಲ್ಲಿ ಜ್ಞಾನಸೂರ್ಯ ಇರದಿದ್ದರೆ ಏನಾಗುತ್ತದೆ? - What happens if there is no enlightenment in life?,#Jnanayogashramavijayapur #https://instagram.com/jnanayogashrama?igshid=ZDdkNTZiNTM= #https://www.facebook.com/jnanayogashrama?mibextid=ZbWKwL #Kathamrutha (Tales told by Siddheshwar Swamiji in Kannada) https://amzn.eu/d/j5QXHyw #https://www.jnanayogashrama.org/mdsmall/mdsm_index.php,25:07,public,7/23/2023,,53.39363039881954,227874,2.1K,92,4,13,-,0
fW01puOj264,Live- ಪರಮ ಪೂಜ್ಯ ಶ್ರೀ ಸಿದ್ಧೇಶ್ವರ ಸ್ವಾಮಿಗಳವರ ಸಂಗ್ರಹಿಸಿರುವ ಆಧ್ಯಾತ್ಮಿಕ ಪ್ರವಚನದ ಧ್ವನಿ ಸುರುಳಿ (23-07-2023),ಜ್ಞಾನಯೋಗಾಶ್ರಮ ವಿಜಯಪುರ,57:40,public,7/23/2023,,39.862271435050566,9998,220,17,0,2,-,2
M8FuAbZ3mOM,Live- ಪರಮ ಪೂಜ್ಯ ಶ್ರೀ ಸಿದ್ಧೇಶ್ವರ ಸ್ವಾಮಿಗಳವರ ಸಂಗ್ರಹಿಸಿರುವ ಆಧ್ಯಾತ್ಮಿಕ ಪ್ರವಚನದ ಧ್ವನಿ ಸುರುಳಿ (22-07-2023),ಜ್ಞಾನಯೋಗಾಶ್ರಮ ವಿಜಯಪುರ,01:02:48,public,7/22/2023,,38.50044931697876,7299,189,12,0,2,-,2
LmoAFP1u4TY,Live- ಪರಮ ಪೂಜ್ಯ ಶ್ರೀ ಸಿದ್ಧೇಶ್ವರ ಸ್ವಾಮಿಗಳವರ ಸಂಗ್ರಹಿಸಿರುವ ಆಧ್ಯಾತ್ಮಿಕ ಪ್ರವಚನದ ಧ್ವನಿ ಸುರುಳಿ (21-07-2023),ಜ್ಞಾನಯೋಗಾಶ್ರಮ ವಿಜಯಪುರ,58:44,public,7/21/2023,,39.56947367664005,9344,186,13,0,2,-,2
BiFqs2UcPK0,Live- ಪರಮ ಪೂಜ್ಯ ಶ್ರೀ ಸಿದ್ಧೇಶ್ವರ ಸ್ವಾಮಿಗಳವರ ಸಂಗ್ರಹಿಸಿರುವ ಆಧ್ಯಾತ್ಮಿಕ ಪ್ರವಚನದ ಧ್ವನಿ ಸುರುಳಿ (20-07-2023),ಜ್ಞಾನಯೋಗಾಶ್ರಮ ವಿಜಯಪುರ,49:56,public,7/20/2023,,40.99734008498845,12996,239,14,0,2,-,1
e-4hLAvLN8Q,ಕೇವಲ ಒಂದು ಮಾತು ಮನುಷ್ಯನನ್ನು ಹೇಗೆ ಬದಲಾಯಿಸುತ್ತದೆ? - How can just one word change a man?,#https://instagram.com/jnanayogashrama?igshid=ZDdkNTZiNTM= #https://www.facebook.com/jnanayogashrama?mibextid=ZbWKwL #Kathamrutha (Tales told by Siddheshwar Swamiji in Kannada) https://amzn.eu/d/j5QXHyw #https://www.jnanayogashrama.org/mdsmall/mdsm_index.php,14:27,public,7/19/2023,,52.350105668183346,179054,1.8K,60,4,12,-,1
fZ2BVIrNqCY,Live- ಪರಮ ಪೂಜ್ಯ ಶ್ರೀ ಸಿದ್ಧೇಶ್ವರ ಸ್ವಾಮಿಗಳವರ ಸಂಗ್ರಹಿಸಿರುವ ಆಧ್ಯಾತ್ಮಿಕ ಪ್ರವಚನದ ಧ್ವನಿ ಸುರುಳಿ (19-07-2023),ಜ್ಞಾನಯೋಗಾಶ್ರಮ ವಿಜಯಪುರ,01:02:10,public,7/19/2023,,38.31075278218459,6986,191,16,0,2,-,2
A1lEB_ohwq8,ಜೀವನದಲ್ಲಿ ಇರುವುದಾದರೂ ಏನು?,https://youtube.com/@JnanayogashramaVijayapura https://instagram.com/jnanayogashrama?igshid=ZDdkNTZiNTM= https://www.facebook.com/jnanayogashrama?mibextid=ZbWKwL https://amzn.eu/d/j5QXHyw https://www.jnanayogashrama.org/mdsmall/mdsm_index.php,00:43,public,7/18/2023,"#jeevanadalli enu ide, #trupti",49.29933804079174,88483,3.2K,25,5,5,-,2
qhH7OizqQE4,ಬದುಕಿದರೆ ನಾವು ಯಾರ ಹಾಗೆ ಬದುಕಬೇಕು?,,08:01,public,7/17/2023,"#buddha, #Aseyedukhakkemula, #kaaran, #Mahaveera, #Nirlipt, #buduku, #mulugutiddeve, #koodalasangamadeva, #Ginnisaward",49.40181360116709,90603,1K,36,0,0,-,1
Znnbd1L2RMA,Live- ಪರಮ ಪೂಜ್ಯ ಶ್ರೀ ಸಿದ್ಧೇಶ್ವರ ಸ್ವಾಮಿಗಳವರ ಸಂಗ್ರಹಿಸಿರುವ ಆಧ್ಯಾತ್ಮಿಕ ಪ್ರವಚನದ ಧ್ವನಿ ಸುರುಳಿ (17-07-2023),ಜ್ಞಾನಯೋಗಾಶ್ರಮ ವಿಜಯಪುರ,01:00:21,public,7/17/2023,,38.70599455700549,7654,205,12,0,2,-,2
domStLw1EgI,Live- ಪರಮ ಪೂಜ್ಯ ಶ್ರೀ ಸಿದ್ಧೇಶ್ವರ ಸ್ವಾಮಿಗಳವರ ಸಂಗ್ರಹಿಸಿರುವ ಆಧ್ಯಾತ್ಮಿಕ ಪ್ರವಚನದ ಧ್ವನಿ ಸುರುಳಿ (16-07-2023),ಜ್ಞಾನಯೋಗಾಶ್ರಮ ವಿಜಯಪುರ,01:01:23,public,7/16/2023,,39.330471056862194,8842,217,13,0,2,-,2
SlVNnlgJnwY,ಈ ಎರಡು ವಿದ್ಯೆಗಳಲ್ಲಿ ಶ್ರೇಷ್ಠ ವಿದ್ಯೆ ಯಾವುದು?,Which of these two vidyas is the superior vidya? #siddheshwarswamiji  #Jnanayogashramavijayapur #https://instagram.com/jnanayogashrama?igshid=ZDdkNTZiNTM= #https://www.facebook.com/jnanayogashrama?mibextid=ZbWKwL #Kathamrutha (Tales told by Siddheshwar Swamiji in Kannada) https://amzn.eu/d/j5QXHyw #https://www.jnanayogashrama.org/mdsmall/mdsm_index.php,18:16,public,7/15/2023,"#shrestavidya, #brahmavidya, #ashwalayan",49.80204731495991,99381,1.2K,61,4,23,-,1
AqqwH6jIZok,Live-ವಿಶೇಷ ಕಾರ್ಯಕ್ರಮ (15-07-2023),ಜ್ಞಾನಯೋಗಾಶ್ರಮ ವಿಜಯಪುರ,01:40:09,public,7/15/2023,,40.684937846449,12091,273,19,0,2,-,2
IwPv4DOWxsE,Live- ಪರಮ ಪೂಜ್ಯ ಶ್ರೀ ಸಿದ್ಧೇಶ್ವರ ಸ್ವಾಮಿಗಳವರ ಸಂಗ್ರಹಿಸಿರುವ ಆಧ್ಯಾತ್ಮಿಕ ಪ್ರವಚನದ ಧ್ವನಿ ಸುರುಳಿ (14-07-2023),ಜ್ಞಾನಯೋಗಾಶ್ರಮ ವಿಜಯಪುರ,01:03:35,public,7/14/2023,,38.34960867019317,7049,185,6,0,2,-,2
gio4X5Fpohs,ಆಧ್ಯಾತ್ಮಿಕ ಜೀವನವನ್ನು ಸಾಗಿಸುವುದು ಹೇಗೆ?,How to lead a spiritual life? #siddheshwarswamiji  #Jnanayogashramavijayapur #https://instagram.com/jnanayogashrama?igshid=ZDdkNTZiNTM= #https://www.facebook.com/jnanayogashrama?mibextid=ZbWKwL #Kathamrutha (Tales told by Siddheshwar Swamiji in Kannada) https://amzn.eu/d/j5QXHyw #https://www.jnanayogashrama.org/mdsmall/mdsm_index.php,23:52,public,7/13/2023,"#hege balabeku, badatan, shreemantbaduku, adyatmikjeevan, nemmadiyajeevan, sharanjeevan, ballavarmatu, ballavarsangh, channabasavanna, neeru, matendareenu, satsang",51.97765543040441,164290,1.8K,68,4,20,-,1
-jPoHYU_8b4,Live- ಪರಮ ಪೂಜ್ಯ ಶ್ರೀ ಸಿದ್ಧೇಶ್ವರ ಸ್ವಾಮಿಗಳವರ ಸಂಗ್ರಹಿಸಿರುವ ಆಧ್ಯಾತ್ಮಿಕ ಪ್ರವಚನದ ಧ್ವನಿ ಸುರುಳಿ (13-07-2023),ಜ್ಞಾನಯೋಗಾಶ್ರಮ ವಿಜಯಪುರ,54:11,public,7/13/2023,,38.04635029485022,6572,184,13,0,2,-,2
1uWGBcjNIL8,Live- ಪರಮ ಪೂಜ್ಯ ಶ್ರೀ ಸಿದ್ಧೇಶ್ವರ ಸ್ವಾಮಿಗಳವರ ಸಂಗ್ರಹಿಸಿರುವ ಆಧ್ಯಾತ್ಮಿಕ ಪ್ರವಚನದ ಧ್ವನಿ ಸುರುಳಿ (12-07-2023),ಜ್ಞಾನಯೋಗಾಶ್ರಮ ವಿಜಯಪುರ,50:48,public,7/12/2023,,39.32704325831694,8835,245,17,0,2,-,2
Azwj-Tp3IIA,"ನಾವು ಕಾಮ, ಕ್ರೋದಗಳನ್ನು  ಹೇಗೆ ಬಳಸಬೇಕು?",How should we use all these? #siddheshwarswamiji  #Jnanayogashramavijayapur #https://instagram.com/jnanayogashrama?igshid=ZDdkNTZiNTM= #https://www.facebook.com/jnanayogashrama?mibextid=ZbWKwL #Kathamrutha (Tales told by Siddheshwar Swamiji in Kannada) https://amzn.eu/d/j5QXHyw #https://www.jnanayogashrama.org/mdsmall/mdsm_index.php,16:31,public,7/11/2023,"#manasuu, #kaam, #kroda, #moha, #balasabeku, #shrimantjeevan, #gante",52.3050328100607,177199,2.4K,73,4,20,-,1
jlarG3O2KR0,Live- ಪರಮ ಪೂಜ್ಯ ಶ್ರೀ ಸಿದ್ಧೇಶ್ವರ ಸ್ವಾಮಿಗಳವರ ಸಂಗ್ರಹಿಸಿರುವ ಆಧ್ಯಾತ್ಮಿಕ ಪ್ರವಚನದ ಧ್ವನಿ ಸುರುಳಿ (11-07-2023),ಜ್ಞಾನಯೋಗಾಶ್ರಮ ವಿಜಯಪುರ,01:03:42,public,7/11/2023,,39,8192,249,24,0,2,-,2
eXeTrb-NqQw,Live- ಪರಮ ಪೂಜ್ಯ ಶ್ರೀ ಸಿದ್ಧೇಶ್ವರ ಸ್ವಾಮಿಗಳವರ ಸಂಗ್ರಹಿಸಿರುವ ಆಧ್ಯಾತ್ಮಿಕ ಪ್ರವಚನದ ಧ್ವನಿ ಸುರುಳಿ (10-07-2023),ಜ್ಞಾನಯೋಗಾಶ್ರಮ ವಿಜಯಪುರ,56:59,public,7/10/2023,,39.07749500499608,8340,251,24,0,2,-,2
2uyjG-YOqVs,ದೇಹವೆಂಬ ವೀಣೆಯನ್ನು ಹೇಗೆ ಬಾರಿಸಬೇಕು?,How to play the body harp? Spiritual discourse by Sri Siddheshwar Swamiji #siddheshwar swamiji  #Jnanayogashramavijayapur #https://instagram.com/jnanayogashrama?igshid=ZDdkNTZiNTM= #https://www.facebook.com/jnanayogashrama?mibextid=ZbWKwL #Kathamrutha (Tales told by Siddheshwar Swamiji in Kannada) https://amzn.eu/d/j5QXHyw #https://www.jnanayogashrama.org/mdsmall/mdsm_index.php,15:37,public,7/9/2023,"#basavanna, #basavannan vachanagalu, #vine, #bhakti, #paramatma, #manassu, #ravan, #buddha, #allamaprabhu, #shankaracharya, #vyasamaharsi, #pooja",49.02455646973573,83040,913,48,4,27,-,1
6KT83P78b9o,Live- ಪರಮ ಪೂಜ್ಯ ಶ್ರೀ ಸಿದ್ಧೇಶ್ವರ ಸ್ವಾಮಿಗಳವರ ಸಂಗ್ರಹಿಸಿರುವ ಪ್ರವಚನದ ಧ್ವನಿ ಸುರುಳಿ,ಜ್ಞಾನಯೋಗಾಶ್ರಮ ವಿಜಯಪುರ,01:46:00,public,7/9/2023,,41.820940791437906,15720,367,24,0,2,-,2
vBDzPUKG7D0,ನಮ್ಮೆಲ್ಲರ ಹಿಂದೆ ಇರುವ ಅದ್ಭುತ ಶಕ್ತಿ ಯಾವುದು?,#siddheshwar swamiji  #Jnanayogashramavijayapur #https://instagram.com/jnanayogashrama?igshid=ZDdkNTZiNTM= #https://www.facebook.com/jnanayogashrama?mibextid=ZbWKwL #Kathamrutha (Tales told by Siddheshwar Swamiji in Kannada) https://amzn.eu/d/j5QXHyw #https://www.jnanayogashrama.org/mdsmall/mdsm_index.php,20:38,public,7/7/2023,"#Power, #siddheshwar swamiji, What is the power behind us all?, Who is God?, ದೇವರು ಎಂದರೆ ಯಾರು?, ಸಿದ್ದೇಶ್ವರ ಸ್ವಾಮೀಜಿ, ನಮ್ಮೆಲ್ಲರ ಹಿಂದೆ ಇರುವ ಅದ್ಭುತ ಶಕ್ತಿ ಯಾವುದು?",54.637845368957116,303769,3.1K,128,4,15,-,1
fQOUiQnGG30,ಗುರುಪೂರ್ಣಿಮಾ ಮಹೋತ್ಸವ 03-07-2023,,01:49,public,7/3/2023,,45.5768784434123,37440,428,24,0,0,-,1
Q8IsyedCWps,Live-ಗುರುಪೂರ್ಣಿಮಾ ಮಹೋತ್ಸವ - (03-07-2023) | Guru Poornima-2023,Live-ಗುರುಪೂರ್ಣಿಮಾ ಮಹೋತ್ಸವ - (03-07-2023) | Guru Poornima-2023,05:30:44,public,7/3/2023,"#gurupoornima, #jnanayogashram",42.50154871390923,18397,406,14,0,7,-,2
_jr_R5XfwcM,Live- ವೇದಾಂತ ಕೇಸರಿ ಪೂಜ್ಯ ಶ್ರೀ ಮಲ್ಲಿಕಾರ್ಜುನ ಮಹಾಶಿವಯೋಗಿಗಳವರ  ಪ್ರವಚನದ ಧ್ವನಿ ಸುರಳಿ (02-07-2023),Live- ವೇದಾಂತ ಕೇಸರಿ ಪೂಜ್ಯ ಶ್ರೀ ಮಲ್ಲಿಕಾರ್ಜುನ ಮಹಾಶಿವಯೋಗಿಗಳವರ  ಪ್ರವಚನದ ಧ್ವನಿ ಸುರಳಿ (02-07-2023),01:30:39,public,7/3/2023,,35.68445328992383,3808,90,9,0,11,-,2
FuC10TdOa8Q,Live- ವೇದಾಂತ ಕೇಸರಿ ಪೂಜ್ಯ ಶ್ರೀ ಮಲ್ಲಿಕಾರ್ಜುನ ಮಹಾಶಿವಯೋಗಿಗಳವರ  ಪ್ರವಚನದ ಧ್ವನಿ ಸುರಳಿ (02-07-2023),ಸ್ಥಳ : ಜ್ಞಾನಯೋಗಾಶ್ರಮ ವಿಜಯಪುರ.,01:13:35,public,7/2/2023,,35.81653337239851,3926,107,9,0,4,-,2
eF0wcL1COZc,Live- ವೇದಾಂತ ಕೇಸರಿ ಪೂಜ್ಯ ಶ್ರೀ ಮಲ್ಲಿಕಾರ್ಜುನ ಮಹಾಶಿವಯೋಗಿಗಳವರ  ಪ್ರವಚನದ ಧ್ವನಿ ಸುರಳಿ (01-07-2023),ಸ್ಥಳ : ಜ್ಞಾನಯೋಗಾಶ್ರಮ ವಿಜಯಪುರ.,01:36:39,public,7/2/2023,,34.228172808413106,2720,75,1,0,4,-,2
h3P3jpqWS_Q,Live- ವೇದಾಂತ ಕೇಸರಿ ಪೂಜ್ಯ ಶ್ರೀ ಮಲ್ಲಿಕಾರ್ಜುನ ಮಹಾಶಿವಯೋಗಿಗಳವರ  ಪ್ರವಚನದ ಧ್ವನಿ ಸುರಳಿ (01-07-2023),ಸ್ಥಳ : ಜ್ಞಾನಯೋಗಾಶ್ರಮ ವಿಜಯಪುರ.,01:22:34,public,7/1/2023,,34.98666991595353,3241,86,4,0,4,-,2
ApBiAR6Y2Ag,Live- ವೇದಾಂತ ಕೇಸರಿ ಪೂಜ್ಯ ಶ್ರೀ ಮಲ್ಲಿಕಾರ್ಜುನ ಮಹಾಶಿವಯೋಗಿಗಳವರ  ಪ್ರವಚನದ ಧ್ವನಿ ಸುರಳಿ (30-06-2023),ಸ್ಥಳ : ಜ್ಞಾನಯೋಗಾಶ್ರಮ ವಿಜಯಪುರ.,01:30:26,public,7/1/2023,,33.33731852034465,2214,57,1,0,4,-,2
M8N7FZBt_Rk,Live- ವೇದಾಂತ ಕೇಸರಿ ಪೂಜ್ಯ ಶ್ರೀ ಮಲ್ಲಿಕಾರ್ಜುನ ಮಹಾಶಿವಯೋಗಿಗಳವರ  ಪ್ರವಚನದ ಧ್ವನಿ ಸುರಳಿ (30-06-2023),ಸ್ಥಳ : ಜ್ಞಾನಯೋಗಾಶ್ರಮ ವಿಜಯಪುರ.,01:22:13,public,6/30/2023,,35.23954296341539,3436,83,4,0,4,-,2
Iuo9oxAli2o,Live- ವೇದಾಂತ ಕೇಸರಿ ಪೂಜ್ಯ ಶ್ರೀ ಮಲ್ಲಿಕಾರ್ಜುನ ಮಹಾಶಿವಯೋಗಿಗಳವರ  ಪ್ರವಚನದ ಧ್ವನಿ ಸುರಳಿ (29-06-2023),ಸ್ಥಳ : ಜ್ಞಾನಯೋಗಾಶ್ರಮ ವಿಜಯಪುರ.,01:21:32,public,6/30/2023,,33.230446791152495,2160,70,0,0,4,-,2
cgEOrENDDm4,ಗುರು ಶಿಷ್ಯರು ಎಂದರೆ ಹೇಗಿರಬೇಕು?,,12:52,public,6/29/2023,,49.20938567574089,86663,1.4K,59,0,0,-,1
lUDT-_I9_d8,Live- ವೇದಾಂತ ಕೇಸರಿ ಪೂಜ್ಯ ಶ್ರೀ ಮಲ್ಲಿಕಾರ್ಜುನ ಮಹಾಶಿವಯೋಗಿಗಳವರ  ಪ್ರವಚನದ ಧ್ವನಿ ಸುರಳಿ (29-06-2023),ಸ್ಥಳ : ಜ್ಞಾನಯೋಗಾಶ್ರಮ ವಿಜಯಪುರ.,01:10:12,public,6/29/2023,,33.292121306970664,2191,50,1,0,4,-,2
qCPK5Af1tU8,Live- ವೇದಾಂತ ಕೇಸರಿ ಪೂಜ್ಯ ಶ್ರೀ ಮಲ್ಲಿಕಾರ್ಜುನ ಮಹಾಶಿವಯೋಗಿಗಳವರ  ಪ್ರವಚನದ ಧ್ವನಿ ಸುರಳಿ (28-06-2023),ಸ್ಥಳ : ಜ್ಞಾನಯೋಗಾಶ್ರಮ ವಿಜಯಪುರ.,48:05,public,6/29/2023,,33.31968882133465,2205,63,1,0,4,-,2
lJamHcHFYys,Live- ವೇದಾಂತ ಕೇಸರಿ ಪೂಜ್ಯ ಶ್ರೀ ಮಲ್ಲಿಕಾರ್ಜುನ ಮಹಾಶಿವಯೋಗಿಗಳವರ  ಪ್ರವಚನದ ಧ್ವನಿ ಸುರಳಿ (28-06-2023),ಸ್ಥಳ : ಜ್ಞಾನಯೋಗಾಶ್ರಮ ವಿಜಯಪುರ.,33:40,public,6/29/2023,,33.198267571373314,2144,63,1,0,4,-,2
undjnB7aQ04,Live- ವೇದಾಂತ ಕೇಸರಿ ಪೂಜ್ಯ ಶ್ರೀ ಮಲ್ಲಿಕಾರ್ಜುನ ಮಹಾಶಿವಯೋಗಿಗಳವರ  ಪ್ರವಚನದ ಧ್ವನಿ ಸುರಳಿ (28-06-2023),ಸ್ಥಳ : ಜ್ಞಾನಯೋಗಾಶ್ರಮ ವಿಜಯಪುರ.,01:20:28,public,6/28/2023,,35.8330381024135,3941,102,4,0,4,-,2
3l7mj8UQaO0,Live- ವೇದಾಂತ ಕೇಸರಿ ಪೂಜ್ಯ ಶ್ರೀ ಮಲ್ಲಿಕಾರ್ಜುನ ಮಹಾಶಿವಯೋಗಿಗಳವರ  ಪ್ರವಚನದ ಧ್ವನಿ ಸುರಳಿ (27-06-2023),ಸ್ಥಳ : ಜ್ಞಾನಯೋಗಾಶ್ರಮ ವಿಜಯಪುರ.,01:23:56,public,6/28/2023,,33.5639117759526,2333,72,0,0,4,-,2
gGejTk2QJsc,ಆನಂದದ ಜೀವನ ಸಾಗಿಸಬೇಕಾದರೆ ನಾವೇನು  ಮಾಡಬೇಕು?,,15:05,public,6/27/2023,,51.64344119377984,152081,1.5K,52,0,0,-,1
Cboi4hESvAM,Live- ವೇದಾಂತ ಕೇಸರಿ ಪೂಜ್ಯ ಶ್ರೀ ಮಲ್ಲಿಕಾರ್ಜುನ ಮಹಾಶಿವಯೋಗಿಗಳವರ  ಕಪ್ರವಚನದ ಧ್ವನಿ ಸುರಳಿ (27-06-2023),ಸ್ಥಳ : ಜ್ಞಾನಯೋಗಾಶ್ರಮ ವಿಜಯಪುರ.,01:21:11,public,6/27/2023,,34.8025263431619,3106,103,2,0,4,-,2
Rj2QoyPM1-A,Live- ವೇದಾಂತ ಕೇಸರಿ ಪೂಜ್ಯ ಶ್ರೀ ಮಲ್ಲಿಕಾರ್ಜುನ ಮಹಾಶಿವಯೋಗಿಗಳವರ  ಪ್ರವಚನದ ಧ್ವನಿ ಸುರಳಿ (27-06-2023),ಸ್ಥಳ : ಜ್ಞಾನಯೋಗಾಶ್ರಮ ವಿಜಯಪುರ.,00:06,public,6/27/2023,,31.085831321205724,1316,27,2,0,4,-,2
D2QrOxuuWIc,Live- ವೇದಾಂತ ಕೇಸರಿ ಪೂಜ್ಯ ಶ್ರೀ ಮಲ್ಲಿಕಾರ್ಜುನ ಮಹಾಶಿವಯೋಗಿಗಳವರ  ಪ್ರವಚನದ ಧ್ವನಿ ಸುರಳಿ (26-06-2023),ಸ್ಥಳ : ಜ್ಞಾನಯೋಗಾಶ್ರಮ ವಿಜಯಪುರ.,59:21,public,6/27/2023,,32.88217798451717,1993,50,1,0,4,-,2
BmaLOn6nFxw,Live- ವೇದಾಂತ ಕೇಸರಿ ಪೂಜ್ಯ ಶ್ರೀ ಮಲ್ಲಿಕಾರ್ಜುನ ಮಹಾಶಿವಯೋಗಿಗಳವರ ಪ್ರವಚನದ ಧ್ವನಿ ಸುರಳಿ (26-06-2023),ಸ್ಥಳ : ಜ್ಞಾನಯೋಗಾಶ್ರಮ ವಿಜಯಪುರ.,01:16:55,public,6/26/2023,,38.54117203827401,7368,171,9,0,4,-,2
YweiJPwAESw,Copy of Live- ವೇದಾಂತ ಕೇಸರಿ ಪೂಜ್ಯ ಶ್ರೀ ಮಲ್ಲಿಕಾರ್ಜುನ ಮಹಾಶಿವಯೋಗಿಗಳವರ  ಕಪ್ರವಚನದ ಧ್ವನಿ ಸುರಳಿ (26-06-2023),ಸ್ಥಳ : ಜ್ಞಾನಯೋಗಾಶ್ರಮ ವಿಜಯಪುರ.,53:40,public,6/26/2023,,30.250437981995525,1085,19,2,0,4,-,1
HwfhodTAgP0,Copy of Live- ವೇದಾಂತ ಕೇಸರಿ ಪೂಜ್ಯ ಶ್ರೀ ಮಲ್ಲಿಕಾರ್ಜುನ ಮಹಾಶಿವಯೋಗಿಗಳವರ  ಕಪ್ರವಚನದ ಧ್ವನಿ ಸುರಳಿ (26-06-2023),ಸ್ಥಳ : ಜ್ಞಾನಯೋಗಾಶ್ರಮ ವಿಜಯಪುರ.,53:40,public,6/26/2023,,29.264662506490403,864,19,0,0,4,-,2
9JT_NLUMH_Y,Live- ವೇದಾಂತ ಕೇಸರಿ ಪೂಜ್ಯ ಶ್ರೀ ಮಲ್ಲಿಕಾರ್ಜುನ ಮಹಾಶಿವಯೋಗಿಗಳವರ  ಕಪ್ರವಚನದ ಧ್ವನಿ ಸುರಳಿ (26-06-2023),ಸ್ಥಳ : ಜ್ಞಾನಯೋಗಾಶ್ರಮ ವಿಜಯಪುರ.,08:09,public,6/26/2023,,29.417231616454856,895,20,1,0,4,-,2
L-EtLlNu8Sw,ನಮ್ಮ ಬದುಕು ಸುಂದರವಾಗಲು ಮಾಡಬೇಕಾದ ಎರಡು ಕೆಲಸಗಳು,,22:52,public,6/25/2023,,51.03030568631006,131993,1.4K,58,0,0,-,1
ERvy_evVaFA,ಮನುಷ್ಯನ ಅತಿಯಾದ ವಿದ್ಯೆಯಿಂದ ಜಗತ್ತು ಏನಾಗುತ್ತದೆ?,,15:05,public,6/22/2023,,50.89782621241024,128014,1.4K,62,0,0,-,1
VpWs5Z-7KS4,Live-ಅಂತರಾಷ್ಟ್ರೀಯ ಯೋಗ ದಿನಾಚರಣೆ (21-06-2023),ಸ್ಥಳ : ಜ್ಞಾನಯೋಗಾಶ್ರಮ ವಿಜಯಪುರ.,02:25:43,public,6/21/2023,,38.5069670725194,7310,251,4,0,4,-,2
dYDb-iDJvqg,ಜೀವನದಲ್ಲಿ ನೀತಿಮಾರ್ಗ ಎಷ್ಟು ಅವಶ್ಯ.,,12:14,public,6/19/2023,,49.583301459284854,94483,1.1K,38,0,0,-,1
4qp3gFXV8h4,ಗುರುಪೂರ್ಣಿಮಾ ಮಹೋತ್ಸವ (03-07-2023) ಸರ್ವರಿಗೂ ಹಾರ್ದಿಕ ಸ್ವಾಗತ.,,00:29,public,6/18/2023,,49.20093731248696,86494,2.5K,15,0,0,-,2
13KmaPc3Lo8,ಏಕೆ ಬಲ್ಲವರ ಮಾತಿನ ಮೇಲೆ ವಿಶ್ವಾಸ ಇಡಬೇಕು?,,13:42,public,6/17/2023,,49.40496525868417,90669,1.1K,53,0,0,-,1
WkYeXIcZ2mk,ಮಲಿನವಾದ ಮನಸ್ಸನ್ನು ಸ್ವಚ್ಚ ಮಾಡುವುದು ಹೇಗೆ?,How to clean a dirty mind? #Jnanayogashramavijayapur #https://instagram.com/jnanayogashrama?igshid=ZDdkNTZiNTM= #https://www.facebook.com/jnanayogashrama?mibextid=ZbWKwL #Kathamrutha (Tales told by Siddheshwar Swamiji in Kannada) https://amzn.eu/d/j5QXHyw #https://www.jnanayogashrama.org/mdsmall/mdsm_index.php,21:45,public,6/14/2023,,61.45039644595175,1466012,15K,462,4,19,-,1
sdq9d1uOEms,ದೇವರು ಎಂದರೆ ಏನು?,,15:26,public,6/12/2023,,52.20153774048181,173012,1.7K,65,0,0,-,1
DiWr4_yQijw,ಜೀವನದಲ್ಲಿ ಮಾಡಬಾರದ ಮತ್ತು ಮಾಡಬೇಕಾದ 5 ಕೆಲಸಗಳು,,28:52,public,6/10/2023,,55.429716552523075,364756,3.6K,103,0,0,-,1
MoVlGMF5qlw,ಎಲ್ಲವೂ ಬರುವದೇ ಜೀವನದಲ್ಲಿ!,,00:39,public,6/10/2023,,53.93452252340451,258208,9.2K,49,0,0,-,2
_gYEkbMGloI,ಎಲ್ಲ ಸಂಪತ್ತಿಗಿಂತ ಶ್ರೇಷ್ಠ ಸಂಪತ್ತು  ಯಾವುದು?,,15:37,public,6/7/2023,,51.72935455527573,155130,1.4K,43,0,0,-,0
ZC3ITf4qXAU,ನಮ್ಮ ಮುಖದ ಮೇಲಿನ ಪ್ರಸನ್ನತೆ ಕಾಪಾಡಿಕೊಳ್ಳುವುದು ಹೇಗೆ?,,14:41,public,6/5/2023,,54.98028904684362,328780,3.4K,114,0,0,-,1
WBB5b1SwXmk,ಮನುಷ್ಯನಿಗೆ ದೂರದೃಷ್ಟಿ ಏಕಿರಬೇಕು?,,01:00,public,6/4/2023,,45.62035634434608,37818,1.7K,17,0,0,-,2
yw4hDXu1fw4,ಮನಸ್ಸಿನ ದೌರ್ಬಲ್ಯತೆ ಹೋಗಿಸುವ ೩ ಜ್ಞಾನದ ಮಾತುಗಳು,,17:48,public,6/3/2023,,58.80082228581087,794823,8.7K,247,0,0,-,1
v1_-cRsILP4,ಈ ಪ್ರಪಂಚದಲ್ಲಿ ನಾವು ಹೇಗೆ ಸಿಲುಕಿದ್ದೇವೆ?,#Jnanayogashramavijayapur #https://instagram.com/jnanayogashrama?igshid=ZDdkNTZiNTM= #https://www.facebook.com/jnanayogashrama?mibextid=ZbWKwL #Kathamrutha (Tales told by Siddheshwar Swamiji in Kannada) https://amzn.eu/d/j5QXHyw #https://www.jnanayogashrama.org/mdsmall/mdsm_index.php,15:17,public,5/31/2023,,48.203437392088205,68690,999,32,4,13,-,1
FCJrprCQS9s,ಮಾತು ಏಕೆ ಬಹಳ ಮಹತ್ವದ್ದು?,,00:50,public,5/30/2023,,44.956325177097106,32439,1.8K,10,0,0,-,3
pOpSOdV4Bbg,ಸಂಪತ್ತು ಎಂಬುದು ಎಲ್ಲಿದೆ?,,23:35,public,5/29/2023,,54.23782929405512,276952,2.5K,74,0,0,-,0
5GWX58A39qw,ನಮಗೆ ಸಹಾಯ ಮಾಡಿದವರನ್ನು ಯಾವತ್ತಿಗೂ ಮರೆಬಾರದು ಏಕೆ?,,08:25,public,5/27/2023,,46.583988525995025,47249,684,21,0,0,-,1
o7pfZFSjQIk,ಮನುಷ್ಯನೇ ಏಕೆ ಹೋಲಿಕೆ ಮಾಡಿಕೊಳ್ಳುವೆ?,,00:46,public,5/26/2023,,46.520224395084426,46558,1.9K,11,0,0,-,2
WKD5ZD9OAbM,ಭೂತ ಮತ್ತು ಭವಿಷ್ಯದ ಕಾಲದ ಜ್ಞಾನವಾಗಬೇಕಾದರೆ ಏನು ಮಾಡಬೇಕು?,,22:51,public,5/24/2023,,48.772881721992164,78349,1K,45,0,0,-,0
QxbrZaf0ffI,ಜಗತ್ತಿನಲ್ಲಿ ನಮಗೆ ಕಾಣುವ ಆ ಮೂರು ಜನಗಳು ಯಾರು?,,10:34,public,5/22/2023,,47.52859776138022,58773,804,30,0,0,-,1
C0N3d7raBg0,ಜೀವನದಲ್ಲಿ ಪ್ರತಿಯೊಬ್ಬ ಮನುಷ್ಯನ ಮನಸ್ಸು ಯಾವ ೨ ಸಂಗತಿಗಳನ್ನು ಎದುರಿಸಬೇಕಾಗುತ್ತದೆ?,,20:56,public,5/20/2023,,52.0297653825352,166280,1.7K,59,0,0,-,0
M2406KvfRPU,ಎಲ್ಲವೂ ಹೋದ ಬಳಿಕ ಕೊನೆಗೆ ಉಳಿಯುದಾದರೂ ಏನು?,,24:00,public,5/18/2023,,56.9849743091458,522471,4.2K,178,0,0,-,0
AY9ElJRqpU4,ಪೂಜ್ಯ ಶ್ರೀ ಸಿದ್ಧೇಶ್ವರ ಸ್ವಾಮಿಗಳವರ ದಿವ್ಯ ಸನ್ನಿಧಿಯಲ್ಲಿ  ಚಿಕ್ಕಬಳ್ಳಾಪುರದ ತಂಡದವರು  ನಾದ ಸ್ವರ ಸೇವೆ ಮಾಡಿದರು.,,29:22,public,5/17/2023,,36.58703935648794,4691,136,20,0,0,-,2
riBu5HU9TM0,ದೇವರ ಬಗ್ಗೆ ನಮ್ಮ ಕಲ್ಪನೆ ಹೇಗಿರಬೇಕು?,,13:20,public,5/15/2023,,51.5641436645713,149320,1.7K,69,0,0,-,0
3O1k-ts_k7c,ನಾವೆಲ್ಲರೂ ಎಂತಹ ಭ್ರಮೆಯಲ್ಲಿ ಬದುಕುತ್ತಿದ್ದೇವೆ?,,12:44,public,5/13/2023,,48.29878312730435,70220,1K,30,0,0,-,0
rjPz5GTc9Kc,"ಈ ಜಗತ್ತಿನಲ್ಲಿ ಯಾರು ದೊಡ್ಡವರು, ಯಾರು ಸಣ್ಣವರು?",,00:54,public,5/12/2023,,45.66362844618392,38198,1.6K,15,0,0,-,0
V6Z6i8iaoqA,ಯಾವುದನ್ನು ತಿಳಿದುಕೊಂಡರೆ ಜೀವನ ಸುಂದರವಾಗಿ ನಡೆಯುತ್ತದೆ?,,23:51,public,5/11/2023,,57.286901890072684,560220,5.2K,191,0,0,-,0
9IcNxP3yeqg,ಸುಂದರ ಬದುಕು ಕಟ್ಟಲು ನಮ್ಮ ಕೆಲಸ ಹೇಗಿರಬೇಕು?,,08:10,public,5/9/2023,,48.53692803412358,74192,921,26,0,0,-,0
hGLxRga4WQk,ಮನುಷ್ಯನು ಹೇಗೆ ಮಹಾತ್ಮ ಆಗುತ್ತಾನೆ?,#Jnanayogashramavijayapur #https://instagram.com/jnanayogashrama?igshid=ZDdkNTZiNTM= #https://www.facebook.com/jnanayogashrama?mibextid=ZbWKwL #Kathamrutha (Tales told by Siddheshwar Swamiji in Kannada) https://amzn.eu/d/j5QXHyw #https://www.jnanayogashrama.org/mdsmall/mdsm_index.php,17:46,public,5/6/2023,,49.56194811193534,94018,1.2K,42,4,13,-,0
GojYUbE2-t4,ನಿಸರ್ಗ ಕೊಟ್ಟಿದ್ದನ್ನು ಹೇಗೆ ಬಳಸಬೇಕು?,,01:00,public,5/4/2023,,44.38416137190765,28422,1.3K,16,0,0,-,0
A8Q0StX0f7A,ಮನುಷ್ಯನಲ್ಲಿ ಪ್ರೇಮ ಎಂಬುದು ಹೇಗಿರಬೇಕು?,,14:16,public,5/3/2023,,47.728132426843175,61546,857,39,0,0,-,0
BmnGkLppb5o,ಜೀವನದಲ್ಲಿ ಗುರು ಎಂಬುವನು ಏಕೆ ಬೇಕು?,,13:58,public,5/1/2023,,52.47036679388515,184099,1.8K,62,0,0,-,0
ruf1wT4CSAA,ಆಂತರಿಕ ಸಂತೋಷವನ್ನು ಯಾವುದರಿಂದ ಹೆಚ್ಚಿಸಬಹುದು?,,17:02,public,4/29/2023,,54.77442819653658,313508,3.4K,115,0,0,-,0
psgwWXXZDUU,ನಿವೃತ್ತಿ ಎಂದರೆ ಏನು?,,00:51,public,4/29/2023,,48.41157388365076,72074,2.1K,19,0,0,-,0
YWenzRJnJM0,ಮನುಷ್ಯನಿಗೆ ದೊರೆತರೆ ಎಂತಹ ಫಲ ದೊರೆಯಬೇಕು?,,17:08,public,4/26/2023,,46.382423471615674,45099,675,28,0,0,-,0
u5lk-ZQ1xI4,ಪ್ರಪಂಚ ಎಂದರೆ ಏನು?,,12:35,public,4/24/2023,,47.05703875730156,52706,886,34,0,0,-,0
hKyTYDEqEdE,ಬಸವ ಜಯಂತಿಯ ವಿಶೇಷ,,15:29,public,4/23/2023,,44.43156428616831,28735,600,39,0,0,-,0
bM5eSmhlEDc,ದೇವರು ಕೊಟ್ಟ ವಸ್ತುವನ್ನು ಹೇಗೆ ಬಳಸಬೇಕು?,,12:43,public,4/22/2023,,48.39508867079333,71800,990,27,0,0,-,0
Csscv7eQmiU,ಜೀವನದಲ್ಲಿ ನಾವು ಯಾವಾಗ ದೊಡ್ಡವರಾಗುತ್ತೇವೆ?,,19:45,public,4/19/2023,,57.117070339002446,538663,4.8K,120,0,0,-,0
OXKfeQbEnS8,ಸುಂದರ ಜೀವನಕ್ಕಾಗಿ ಇವೇ 2 ಸಾಧನಗಳು,,18:59,public,4/17/2023,,52.23971851383024,174545,2K,68,0,0,-,0
0EzWIS4M2to,ನೋಡಿ ನಮ್ಮ ಬದುಕು ಎಷ್ಟು ಅಮೂಲ್ಯವಾಗಿದೆ ?,,26:54,public,4/15/2023,,53.62965875270613,240646,2.2K,77,0,0,-,0
h3BVikTww70,ಇನ್ನೊಬ್ಬರ ನೋಡಿ ಹೊಟ್ಟೆಕಿಚ್ಚು ಪಡಬಾರದು ಏಕೆ?,#Jnanayogashramavijayapur #https://instagram.com/jnanayogashrama?igshid=ZDdkNTZiNTM= #https://www.facebook.com/jnanayogashrama?mibextid=ZbWKwL #Kathamrutha (Tales told by Siddheshwar Swamiji in Kannada) https://amzn.eu/d/j5QXHyw #https://www.jnanayogashrama.org/mdsmall/mdsm_index.php,10:54,public,4/12/2023,,57.14633060889287,542317,5.4K,120,4,13,-,0
kTqTCkmfQvY,ಜಗತ್ತು ಒಂದು ಧರ್ಮ ಶಾಲೆ,,00:59,public,4/11/2023,,45.61944068662379,37810,1.9K,16,0,0,-,0
yISpxBTYvOI,ಜೀವನದಲ್ಲಿ ಆತ್ಮವಿಶ್ವಾಸ ಎಂಬುದು ಎಷ್ಟು ಅವಶ್ಯ.,#Jnanayogashramavijayapur #https://instagram.com/jnanayogashrama?igshid=ZDdkNTZiNTM= #https://www.facebook.com/jnanayogashrama?mibextid=ZbWKwL #Kathamrutha (Tales told by Siddheshwar Swamiji in Kannada) https://amzn.eu/d/j5QXHyw #https://www.jnanayogashrama.org/mdsmall/mdsm_index.php,09:41,public,4/10/2023,,47.776315612440506,62235,900,40,4,13,-,0
8DjbWqx9nzI,ಈ ಜಗತ್ತಿನಲ್ಲಿ ಒಬ್ಬನೇ ಬದುಕಲು ಎಂದಿಗೂ ಸಾಧ್ಯವಿಲ್ಲ.,,00:37,public,4/10/2023,,44.631852400569585,30096,1.3K,15,0,0,-,0
bJoWNwpk1v8,ಮನುಷ್ಯನ ಸರ್ವ ರೋಗಕ್ಕೂ ಔಷಧಿ  ಯಾವುದು? - What is the medicine for all human diseases?,#Jnanayogashramavijayapur #https://instagram.com/jnanayogashrama?igshid=ZDdkNTZiNTM= #https://www.facebook.com/jnanayogashrama?mibextid=ZbWKwL #Kathamrutha (Tales told by Siddheshwar Swamiji in Kannada) https://amzn.eu/d/j5QXHyw #https://www.jnanayogashrama.org/mdsmall/mdsm_index.php,10:19,public,4/8/2023,,55.1946027282591,345470,4.1K,132,4,13,-,0
TK2x6mdM_Mo,ನಾವೆಲ್ಲರೂ ಹೇಗೆ ಬದುಕಬೇಕು?,,16:35,public,4/5/2023,,51.398402787160705,143710,1.7K,68,0,0,-,0
CWmbdx-kcpA,ನಮ್ಮ ಮೇಲೆ ಕಾಲವು ಹೇಗೆ  ಪ್ರಭಾವ ಬಿರುತ್ತದೆ?,,10:47,public,4/3/2023,,49.36935203140569,89926,1.2K,55,0,0,-,0
lJYDVWWnKIo,ನಮ್ಮ ಜೀವನಕ್ಕೆ ಎಲ್ಲದರ ಆಧಾರ  ಬೇಕು.,,00:48,public,4/3/2023,,43.55153175806862,23448,1.2K,10,0,0,-,0
9XyXIdlprmQ,Live -ಜ್ಞಾನಯೋಗಾಶ್ರಮದ ಆಧ್ಯಾತ್ಮಿಕ ಸಾಹಿತ್ಯದ ಸಮಗ್ರ ಸಂಪುಟದ ವಿಚಾರ ಗೋಷ್ಠಿ,"ಸ್ಥಳ :ಜ್ಞಾನಯೋಗಾಶ್ರಮ, ವಿಜಯಪುರ",02:41:06,public,3/30/2023,,40.59377881838113,11839,313,25,0,3,-,0
LOD614ISpIA,ನಮ್ಮ ಸ್ವಭಾವವೇ ಹೇಗೆ ನಮ್ಮ ಕೆಲಸಗಳಿಗೆ ಕಾರಣವಾಗುತ್ತದೆ?,,09:56,public,3/29/2023,,47.74399626396034,61772,956,31,0,0,-,0
ZFqOh1Vv0x8,ನಾವು ಜೀವನದಲ್ಲಿ ಯಾವುದಕ್ಕೆ ಹೆಚ್ಚು ಮಹತ್ವ ಕೊಡಬೇಕು?,,17:44,public,3/27/2023,,57.651494730267736,609457,5.5K,155,0,0,-,0
xBRHTD5RGUI,ಈ ಜಗತ್ತಿನಲ್ಲಿ ನಮಗೆ ಯಾವಾಗ ಸಂತೋಷ ಸಿಗುತ್ತದೆ?,,00:57,public,3/27/2023,,44.567233452962185,29650,1.4K,9,0,0,-,0
3sDfVxp_r_8,ಪೂಜ್ಯರ ಅತ್ಯಮೂಲ್ಯವಾದ ಸಮಗ್ರ ಸಾಹಿತ್ಯ ಸಂಪುಟಗಳು.,,11:53,public,3/24/2023,,34.24564079629586,2731,109,7,0,0,-,0
HX_nf2srxRg,ಯುಗಾದಿ ಹಬ್ಬದ ವಿಶೇಷ,,07:05,public,3/22/2023,,48.27393422916815,69818,1.3K,59,0,0,-,0
rFbLbQ75cv8,ಮನುಷ್ಯನು ಸಣ್ಣವನು ಮತ್ತು ದೊಡ್ಡವನು ಎಂದು ಹೇಗೆ ಗುರುತಿಸಬೇಕು?,,06:58,public,3/20/2023,,47.616942484255944,59985,759,23,0,0,-,0
ceKaEafiL4E,ನಮ್ಮ ಜೀವನವನ್ನು ಯಾವುದಕ್ಕಾಗಿ ಕಳೆಯಬೇಕು?,,01:00,public,3/20/2023,,43.72644047257448,24415,1.4K,11,0,0,-,0
AlNgPVys66o,ಎಂತಹ ಕೆಲಸ ಮಾಡಿ ನಮ್ಮ ಜೀವನವನ್ನು ಕಟ್ಟಬೇಕು?,BOOKS ARE  AVAILABLE IN ONLINE (AMAZON & WEBSITE) LINKS ARE  GIVEN BELOW WEBSITE  - https://www.jnanayogashrama.org AMAZON - https://amzn.eu/d/cJtQoa3,11:41,public,3/18/2023,,48.17429235332473,68229,940,40,2,18,-,0
kikiycjR9M4,ಇರುವದರಲ್ಲಿಯೇ ನಮ್ಮ ಜೀವನವನ್ನು ಸಾಗಿಸುವುದು ಹೇಗೆ?,BOOKS ARE  AVAILABLE IN ONLINE (AMAZON & WEBSITE) LINKS ARE  GIVEN BELOW WEBSITE  - https://www.jnanayogashrama.org AMAZON - https://amzn.eu/d/cJtQoa3,12:01,public,3/15/2023,,50.02212152368011,104565,1.2K,42,2,18,-,0
Z2IUCQKohj0,ಯಾವುದನ್ನು ಬಿಟ್ಟರೆ ಜೀವನದಲ್ಲಿ ಸಂತೋಷ ಕಾಣಬಹುದು?,BOOKS ARE  AVAILABLE IN ONLINE (AMAZON & WEBSITE) LINKS ARE  GIVEN BELOW WEBSITE  - https://www.jnanayogashrama.org AMAZON - https://amzn.eu/d/cJtQoa3,18:18,public,3/13/2023,,54.77109982968734,313267,3.1K,81,2,18,-,0
KW4Z2bnuzS4,ನಾವು ಯಾರ ಅವಲಂಬಿತರಾಗಿದ್ದೇವೆ?,,00:53,public,3/12/2023,,47.888416960109225,63868,3.2K,21,0,0,-,0
EmU6hkmqX4E,ನಮ್ಮ ಮನಸ್ಸನ್ನು ನಾವು ಹೇಗೆ ಬಳಸಬೇಕು?,BOOKS ARE  AVAILABLE IN ONLINE (AMAZON & WEBSITE) LINKS ARE  GIVEN BELOW WEBSITE  - https://www.jnanayogashrama.org AMAZON - https://amzn.eu/d/cJtQoa3,14:50,public,3/11/2023,,45.99012459210506,41191,751,31,2,18,-,0
y0m23NwYgsA,ಮನುಷ್ಯನಿಗೆ ಎಂತಹವರ ಸಂಘವು  ಅವಶ್ಯವಿದೆ.,,01:00,public,3/11/2023,,43.766670833085854,24643,1.2K,5,0,0,-,0
gQ4-47sjETw,ಆತ್ಮ ಎಂಬುದು ಹೇಗಿದೆ?,BOOKS ARE  AVAILABLE IN ONLINE (AMAZON & WEBSITE) LINKS ARE  GIVEN BELOW WEBSITE  - https://www.jnanayogashrama.org AMAZON - https://amzn.eu/d/cJtQoa3,16:39,public,3/9/2023,,47.78985553603156,62430,1K,45,2,18,-,0
kI0HrBPkK-4,ಮನುಷ್ಯನಿಗೆ ಅಹಂಕಾರ ಯಾಕಿರಬಾರದು?,,01:00,public,3/8/2023,,44.12838243516969,26791,1.5K,10,0,0,-,0
rGmEFSVWhQE,ಹೋಳಿ ಹುಣ್ಣಿಮೆಯ ವಿಶೇಷ.,BOOKS ARE  AVAILABLE IN ONLINE (AMAZON & WEBSITE) LINKS ARE  GIVEN BELOW WEBSITE  - https://www.jnanayogashrama.org AMAZON - https://amzn.eu/d/cJtQoa3,02:24,public,3/7/2023,,46.81496250327376,49839,884,40,2,18,-,0
X-4YnjjsB7I,"ನೋಡಿ,ಪ್ರತಿಯೊಂದು ವಸ್ತುವಿನಲ್ಲಿ ಎಂತಹ  ಶಕ್ತಿ ಇದೆಯೆಂದು.",,17:12,public,3/6/2023,,46.34667188888778,44728,725,21,0,0,-,0
nSIprKx9rrU,ದೇವರನ್ನು ನಾವು ಹೇಗೆ ಕಾಣಬಹುದು?,BOOKS ARE  AVAILABLE IN ONLINE (AMAZON & WEBSITE) LINKS ARE  GIVEN BELOW WEBSITE  - https://www.jnanayogashrama.org AMAZON - https://amzn.eu/d/cJtQoa3,10:50,public,3/4/2023,,49.338729912929594,89292,1K,31,2,18,-,0
zUVIepwCl9c,ಮನುಷ್ಯನಿಗೆ ಯಾವುದರ ಜ್ಞಾನವಾಗಬೇಕು?,,00:52,public,3/4/2023,,44.279976539943,27746,1.4K,12,0,0,-,0
5BWDjt0Ve2c,ನಮ್ಮ ಮೇಲೆ ಕಾಲದ ಪ್ರಭಾವ ಹೇಗಿರುತ್ತದೆ?,,01:00,public,3/3/2023,,45.29360259788331,35068,1.5K,11,0,0,-,0
03hF-7d4fGI,ಸುಖದ ಸೂತ್ರ ಎಂದರೆ ಯಾವುದು?,,00:52,public,3/2/2023,,44.415720149660146,28630,1.4K,15,0,0,-,0
YFEGO5i6eho,ನಮ್ಮ ಜೀವನವನ್ನು ಯಾವುದಕ್ಕಾಗಿ ಬಳಸಬೇಕು?,BOOKS ARE  AVAILABLE IN ONLINE (AMEZON & WEBSITE) LINKS ARE  GIVEN BELOW WEBSITE  - https://www.jnanayogashrama.org AMAZON - https://amzn.eu/d/cJtQoa3,12:46,public,3/1/2023,,46.00868276845017,41368,608,25,2,18,-,0
AqrPPnPlY3c,ಮುಕ್ತಾವಸ್ತೆ ಪಡೆಯುವುದು ಹೇಗೆ?,,00:59,public,3/1/2023,,42.041276508094356,16541,872,11,0,0,-,0
225tIQrZ2Jk,ನಮ್ಮ ನಿಜವಾದ ಸಂಪತ್ತು ಎಂದರೆ ಯಾವುದು?,BOOKS ARE  AVAILABLE IN ONLINE (AMEZON & WEBSITE) LINKS ARE  GIVEN BELOW WEBSITE  - https://www.jnanayogashrama.org AMEZON - https://amzn.eu/d/cJtQoa3,14:37,public,2/26/2023,,50.5508902062142,118153,1.4K,44,2,18,-,0
V_EeZtW4mwo,ನಾವೆಲ್ಲರೂ ಜೀವನವನ್ನು ಹೇಗೆ ಸಾಗಿಸಬೇಕು?,BOOKS ARE  AVAILABLE IN ONLINE (AMEZON & WEBSITE) LINKS ARE  GIVEN BELOW WEBSITE  - https://www.jnanayogashrama.org AMEZON - https://amzn.eu/d/cJtQoa3,17:05,public,2/22/2023,,47.75414385396871,61917,900,42,2,18,-,0
2wFIJDqCTdY,ರೈತನೇ ನಿಜವಾದ ರಾಜ.,,01:00,public,2/22/2023,,44.72165789179373,30727,1.6K,14,0,0,-,0
AWTq3cOsYak,ಭೂಮಿಯ ಮೇಲಿರುವ ಪ್ರತಿಯೊಂದು  ಜೀವಿಯನ್ನು ಏಕೆ ಗೌರವಿಸಬೇಕು?,,15:16,public,2/20/2023,,46.74192400513975,49005,829,33,0,0,-,0
eqlmOBomuyU,ನಮಗಷ್ಟು ಸಂತೋಷ ಕೊಟ್ಟರೆ ಸಾಕು ನಾವು ಮಾಡುವ ಕೆಲಸ,,00:56,public,2/20/2023,,43.40835311771432,22685,1.3K,12,0,0,-,0
5pWHdDtyu0Y,ಶಿವರಾತ್ರಿಯ ವಿಶೇಷ,BOOKS ARE  AVAILABLE IN ONLINE (AMEZON & WEBSITE) LINKS ARE  GIVEN BELOW WEBSITE  - https://www.jnanayogashrama.org AMEZON - https://amzn.eu/d/cJtQoa3,07:30,public,2/18/2023,,52.82861844674755,199986,3.1K,155,2,18,-,0
RFUqsfNZeIo,ನಾವು ಶ್ರೀಮಂತರಾಗುವುದು ಯಾವಾಗ?,,11:51,public,2/16/2023,,44.31353980092677,27962,528,23,0,0,-,0
QPe1U4b5rP0,Live-ಅಭಿವಂದನಾ ಕಾರ್ಯಕ್ರಮ @ಜ್ಞಾನಯೋಗಾಶ್ರಮ ವಿಜಯಪುರ.,ಸ್ಥಳ : ಜ್ಞಾನಯೋಗಾಶ್ರಮ ವಿಜಯಪುರ.,02:23:44,public,2/12/2023,,45.26884798268431,34868,485,21,0,4,-,0
Mj2KykSiyuo,ಈ 3 ಮನಸ್ಸುಗಳಲ್ಲಿ  ಶ್ರೀಮಂತ ಮನಸ್ಸು ಯಾವುದು?,BOOKS ARE  AVAILABLE IN ONLINE (AMEZON & WEBSITE) LINKS ARE  GIVEN BELOW WEBSITE  - https://www.jnanayogashrama.org AMEZON - https://amzn.eu/d/cJtQoa3,10:43,public,2/11/2023,,52.966193855952866,206445,2.2K,51,2,18,-,0
6TsuMMGBRWw,ಜೀವನದಲ್ಲಿ ಸಹನೆ ಎಂಬುದು ಎಷ್ಟು ಮುಖ್ಯ.,,01:00,public,2/9/2023,,44.6416204030012,30164,1.7K,18,0,0,-,0
4t5jZSh8kKM,ಇಂತಹ ತಾಪದ ಜಗತ್ತಿನಲ್ಲಿ  ಶಾಂತಿಯಿಂದ ಬದುಕುವುದು ಹೇಗೆ?,BOOKS ARE  AVAILABLE IN ONLINE (AMEZON & WEBSITE) LINKS ARE  GIVEN BELOW WEBSITE  - https://www.jnanayogashrama.org AMAZON - https://amzn.eu/d/cJtQoa3,15:17,public,2/8/2023,,54.03857731838569,264491,3.2K,108,2,18,-,1
VJsL5jY396M,ಯಾವುದೇ ಕೆಲಸ ಮಾಡುವ ಮೊದಲು ಏಕೆ ಯೋಚಿಸಬೇಕು.,,00:59,public,2/8/2023,,45.03761174485874,33054,1.6K,14,0,0,-,0
Nng1VZiMc10,ನಾವು  ಏತಕ್ಕಾಗಿ ಜಗತ್ತಿಗೆ ಬಂದಿದ್ದೇವೆ?,,12:19,public,2/6/2023,,47.6717903648036,60750,1K,35,0,0,-,0
IpSalWcEDoU,ಧ್ಯಾನ ಮಾಡುವುದರಿಂದ ಏನೆಲ್ಲಾ ಆಗುತ್ತದೆ?,BOOKS ARE  AVAILABLE IN ONLINE (AMEZON & WEBSITE) LINKS ARE  GIVEN BELOW WEBSITE  - https://www.jnanayogashrama.org AMAZON - https://amzn.eu/d/cJtQoa3,18:18,public,2/4/2023,,54.86559803731013,320182,4.2K,133,2,18,-,1
PGycX0z1h8Q,ನಮ್ಮ ಪಾಲಿಗೆ ಬಂದಿರುವುದು ದೇವರ ಕೊಟ್ಟ ಪ್ರಸಾದ,,01:00,public,2/3/2023,,45.8794448984197,40151,2K,23,0,0,-,0
3PvmEOMZKDE,ಈ ಜಗತ್ತಿನಲ್ಲಿ ಯಾವುದು ಪರಿಪೂರ್ಣವಾಗಿ ಇರುವುದು?,,14:16,public,2/2/2023,,49.687532273153344,96786,1.2K,43,0,0,-,1
3zvL8lTgY1U,Live- ಜ್ಞಾನಯೋಗಿ ಪರಮ ಪೂಜ್ಯ ಶ್ರೀ ಸಿದ್ಧೇಶ್ವರ ಸ್ವಾಮೀಜಿಯವರ ನುಡಿ ನಮನ ಕಾರ್ಯಕ್ರಮ @ ಜಮಖಂಡಿ,ಸ್ಥಳ : ಜಮಖಂಡಿ,02:23:28,public,1/31/2023,,48.063004904125094,66497,850,38,0,3,-,0
byAqPlYGtVA,ನೀತಿಯ 4 ಉದ್ದೇಶಗಳು,,18:53,public,1/30/2023,,48.9822368918112,82232,1K,48,0,0,-,1
LUFqsmt_wQU,ಭಗವಂತನ ಅನುಗ್ರಹ ಪ್ರತಿಯೊಬ್ಬರ ಮೇಲೆ ಹೇಗೆ ಇರುತ್ತದೆ?,BOOKS ARE  AVAILABLE IN ONLINE (AMEZON & WEBSITE) LINKS ARE  GIVEN BELOW WEBSITE  - https://www.jnanayogashrama.org AMAZON - https://amzn.eu/d/cJtQoa3,11:57,public,1/29/2023,,52.35993248938558,179461,2.1K,75,2,18,-,0
hq33VU43U64,ನಾವೆಲ್ಲರೂ ಭಾರತೀಯರು,,00:53,public,1/26/2023,,45.47642068063772,36581,1.8K,21,0,0,-,2
NHp8iR9Azkk,ಪ್ರತಿಯೊಬ್ಬರಲ್ಲಿ ಕೆಲಸ ಎಂಬುದು ಎಷ್ಟು ಅವಶ್ಯಕವಾಗಿದೆ?,,13:07,public,1/25/2023,,50.1364120928487,107363,1.3K,38,0,0,-,0
BhU4Fxz7xK8,ಸಂಸಾರ ಎಂದರೇನು?,,01:00,public,1/25/2023,,46.42235355931358,45517,2.2K,28,0,0,-,0
pIv2vtqf8wY,ಈ ಜಗತ್ತಿನಲ್ಲಿ ನಮ್ಮ ಬದುಕನ್ನು ಹೇಗೆ ಅರಳಿಸಬೇಕು?,,26:00,public,1/23/2023,,55.22775012321108,348126,3.4K,131,0,0,-,1
Q9rvtpu95-4,ಬಂದ ಕಷ್ಟಗಳನ್ನು ಎದುರಿಸಿ ಬದುಕುವುದು ಹೇಗೆ?,BOOKS ARE  AVAILABLE IN ONLINE (AMEZON & WEBSITE) LINKS ARE  GIVEN BELOW WEBSITE  - https://www.jnanayogashrama.org AMAZON - https://amzn.eu/d/cJtQoa3,19:52,public,1/19/2023,,58.89552410727275,812406,7.4K,220,2,18,-,0
SCkxEdgqn94,ಎಲ್ಲ ಆಕರ್ಷಣಗಳ ಮಧ್ಯದಲ್ಲಿ ನಮ್ಮ ಮನಸ್ಸು ಎಷ್ಟು ಗಟ್ಟಿಯಾಗಿರಬೇಕು?,,00:58,public,1/19/2023,,49.02549453681074,83058,3.6K,30,0,0,-,0
0f5VNXvGzVA,ಕಷ್ಟಗಳು ಬಂದಾಗ ಯಾವುದು ನಮ್ಮನ್ನು  ಕಾಪಾಡುತ್ತದೆ?,,00:48,public,1/17/2023,,49.58449230560534,94509,4.6K,21,0,0,-,2
ym4M9YDLcCU,ಮತ್ತೊಬ್ಬರ ದೋಷವನ್ನು ಕಂಡುಹಿಡಿಯಲು ಹೋಗಬಾರದು ಏಕೆ?,BOOKS ARE  AVAILABLE IN ONLINE (AMEZON & WEBSITE) LINKS ARE  GIVEN BELOW WEBSITE  - https://www.jnanayogashrama.org AMAZON - https://amzn.eu/d/cJtQoa3,16:52,public,1/16/2023,,55.42434993049995,364304,4.4K,124,2,18,-,1
k_S_wowty3c,ಯಾವುದನ್ನು ಮೊದಲು ತಿಳಿದುಕೊಳ್ಳಬೇಕು?,,01:00,public,1/15/2023,,45.950541550807415,40816,2.1K,22,0,0,-,3
DDn9TEtw9J8,ಮನಸ್ಸೆಂಬುದು ಬಡವಾದರೆ ನಮ್ಮ ಜೀವನ ಏನಾಗುತ್ತದೆ?,BOOKS ARE  AVAILABLE IN ONLINE (AMEZON & WEBSITE) LINKS ARE  GIVEN BELOW WEBSITE  - https://www.jnanayogashrama.org AMAZON - https://amzn.eu/d/cJtQoa3,13:32,public,1/14/2023,,58.32615764504797,712264,5.9K,141,2,18,-,0
YReN9d7nK1Y,ವಧು ಮತ್ತು ವರ ಎಂದರೆ ಹೇಗಿರಬೇಕು?,,00:57,public,1/13/2023,,47.011885769467824,52159,3.2K,30,0,0,-,3
ywj_kSLh5Nw,ನಮ್ಮ ಹತ್ತಿರ ಏನಿದ್ದರೆ ನಮ್ಮ ಜೀವನ ಸಾರ್ಥಕವಾಗುತ್ತದೆ?,,00:57,public,1/12/2023,,44.497928462189364,29179,1.7K,17,0,0,-,3
rVX1T3Sq8CY,ಏನನ್ನಾದರೂ ಸಾಧಿಸಲು ಬದುಕಿನಲ್ಲಿ ಉತ್ಸಾಹ ಹೇಗಿರಬೇಕು?,BOOKS ARE  AVAILABLE IN ONLINE (AMEZON & WEBSITE) LINKS ARE  GIVEN BELOW WEBSITE  - https://www.jnanayogashrama.org AMAZON - https://amzn.eu/d/cJtQoa3,19:41,public,1/11/2023,,55.72312644184926,390341,4.7K,129,2,18,-,0
LOxR6yBCp2s,Live - ನೇರ ಪ್ರಸಾರ,ಸ್ಥಳ : ಜ್ಞಾನಯೋಗಾಶ್ರಮ ವಿಜಯಪುರ.,02:47:22,public,1/3/2023,,53.97752068992337,260786,3.4K,46,0,4,-,0
JriQ9X3r9-I,Live - ನೇರ ಪ್ರಸಾರ,"ಸ್ಥಳ : ಸೈನಿಕ ಶಾಲೆ, ವಿಜಯಪುರ.",10:55:55,public,1/3/2023,,55.2165837563668,347229,4.2K,14,0,5,-,0
qzz2zcfZHh4,Live - ನೇರ ಪ್ರಸಾರ,ಸ್ಥಳ : ಜ್ಞಾನಯೋಗಾಶ್ರಮ ವಿಜಯಪುರ,04:35:59,public,1/3/2023,,51.06986613314652,133205,2.5K,112,0,4,-,0
mJFMJh5-k1c,Live - ಪೂಜ್ಯರು ಹಾಗು ಶಿಷ್ಯರೊಂದಿಗೆ ಶ್ರೀ ಸಿದ್ಧೇಶ್ವರ ಸ್ವಾಮಿಗಳು ಮಾತನಾಡುತ್ತಿರುವ ದೃಶ್ಯಗಳು,ಸ್ಥಳ : ಜ್ಞಾನಯೋಗಾಶ್ರಮ ವಿಜಯಪುರ.,31:33,public,1/1/2023,,53.613026424290126,239723,3.5K,171,0,4,-,0
zS08QM6C6Og,Live-ಪೂಜ್ಯ ಶ್ರೀ ಸಿದ್ಧೇಶ್ವರ ಸ್ವಾಮಿಯವರಿಂದ ಗ್ರಂಥ ಬಿಡುಗಡೆ,,05:19,public,1/1/2023,,51.49038887834398,146797,1.9K,122,0,0,-,0
G7_teZiCnac,Live-ಗ್ರಂಥ ಬಿಡುಗಡೆ,Shivashankar Jolle CBSE School Gathering-Nanadi,09:21,public,1/1/2023,,48.757608260029926,78073,1.1K,57,0,5,-,0
jkO1QJLVwAQ,Live-ಪೂಜ್ಯ ಶ್ರೀ ಸಿದ್ಧೇಶ್ವರ ಸ್ವಾಮಿಗಳನ್ನು ವಿಚಾರಿಸಲು  ಆಗಮಿಸಿದ ಕರ್ನಾಟಕದ  ಸನ್ಮಾನ್ಯ ಮುಖ್ಯಮಂತ್ರಿಗಳು .,31-12-2022 ಸ್ಥಳ : ಜ್ಞಾನಯೋಗಾಶ್ರಮ ವಿಜಯಪುರ.,13:16,public,12/31/2022,,47.75826607300516,61976,968,45,0,5,-,0
FxEYYWkulPg,Live: - ಪೂಜ್ಯ ಶ್ರೀ ಸಿದ್ಧೇಶ್ವರ ಸ್ವಾಮೀಜಿಯವರ  ದರ್ಶನದ ಸಮಯ (31-12-2022),ಸ್ಥಳ : ಜ್ಞಾನಯೋಗಾಶ್ರಮ ವಿಜಯಪುರ.,29:24,public,12/31/2022,,53.72398139351371,245948,2.9K,175,0,4,-,0
zshU51g6U1I,ಪ್ರಣವ ಮಂಟಪದಲ್ಲಿ ಪೂಜ್ಯ ಶ್ರೀ ಸಿದ್ದೇಶ್ವರ ಸ್ವಾಮಿಗಳು ಹಾಗು ಆಶ್ರಮದ ಪುಜ್ಯರು ಸೇರಿ ಪ್ರಾರ್ಥನೆ ಸಲ್ಲಿಸಿದರು,,10:58,public,12/30/2022,,57.49519938068231,587841,4.7K,305,0,0,-,0
3Yugpc5Nxdw,Live: - ಪೂಜ್ಯ ಶ್ರೀ ಸಿದ್ಧೇಶ್ವರ ಸ್ವಾಮೀಜಿಯವರ ಸಾಯಂಕಾಲದ ದರ್ಶನದ ಸಮಯ (30-12-2022),ಸ್ಥಳ : ಜ್ಞಾನಯೋಗಾಶ್ರಮ ವಿಜಯಪುರ.,24:27,public,12/30/2022,,50.76803192695634,124232,1K,84,0,4,-,0
8qMd1xn7TXg,Live: - ಪೂಜ್ಯ ಶ್ರೀ ಸಿದ್ಧೇಶ್ವರ ಸ್ವಾಮೀಜಿಯವರ ಸಾಯಂಕಾಲದ ದರ್ಶನದ ಸಮಯ (30-12-2022),ಸ್ಥಳ : ಜ್ಞಾನಯೋಗಾಶ್ರಮ ವಿಜಯಪುರ.,03:05,public,12/30/2022,,44.613549973875436,29969,459,25,0,4,-,0
jDF1R-HA-9Q,ಶ್ರೀ ಸಿದ್ದೇಶ್ವರ ಮಹಾಸ್ವಾಮಿಗಳು ಆರೋಗ್ಯವಾಗಿದ್ದಾರೆ- ಎಲ್ಲಾ ಸದ್ಭಾಕ್ತರಲ್ಲಿ ಜ್ಞಾನಯೋಗಾಶ್ರಮದ ಅಧ್ಯಕ್ಷರಿಂದ ವಿನಂತಿ,,02:16,public,12/30/2022,,47.47345934109994,58029,1.1K,87,0,0,-,0
Zy2Qwojc3U0,Live: - ಪೂಜ್ಯ ಶ್ರೀ ಸಿದ್ಧೇಶ್ವರ ಸ್ವಾಮೀಜಿಯವರ ದರ್ಶನದ ಸಮಯ (30-12-2022),ಸ್ಥಳ : ಜ್ಞಾನಯೋಗಾಶ್ರಮ ವಿಜಯಪುರ.,03:54,public,12/30/2022,,53.47112793625831,231991,2.7K,230,0,4,-,0
CroLeWpxJOE,Live: - ಪೂಜ್ಯ ಶ್ರೀ ಸಿದ್ಧೇಶ್ವರ ಸ್ವಾಮೀಜಿಯವರ ದರ್ಶನದ ಸಮಯ (29-12-2022),ಸ್ಥಳ : ಜ್ಞಾನಯೋಗಾಶ್ರಮ ವಿಜಯಪುರ.,12:22,public,12/29/2022,,53.13596863117726,214704,1.4K,156,0,4,-,0
if1CE8HdOMQ,Live: - ಪೂಜ್ಯ ಶ್ರೀ ಸಿದ್ಧೇಶ್ವರ ಸ್ವಾಮೀಜಿಯವರ ದರ್ಶನದ ಸಮಯ (28-12-2022),ಸ್ಥಳ : ಜ್ಞಾನಯೋಗಾಶ್ರಮ ವಿಜಯಪುರ.,26:47,public,12/28/2022,,57.767547670055215,626020,4.5K,458,0,4,-,0
MOtRgvSWpx0,ಯಾವ ಮಾತುಗಳನ್ನು ಇಟ್ಟುಕೊಂಡು ಹೋದರೆ ಜೀವನದಲ್ಲಿ  ಆರಾಮವಾಗಿರುತ್ತೇವೆ?,BOOKS ARE  AVAILABLE IN ONLINE (AMEZON & WEBSITE) LINKS ARE  GIVEN BELOW WEBSITE  - https://www.jnanayogashrama.org AMAZON - https://amzn.eu/d/cJtQoa3,20:37,public,12/27/2022,,58.31084815711341,709749,7.5K,214,2,18,-,0
SKO6aCTr1Uk,Live: - ಪೂಜ್ಯ ಶ್ರೀ ಸಿದ್ಧೇಶ್ವರ ಸ್ವಾಮೀಜಿಯವರ ದರ್ಶನ,ಜ್ಞಾನಯೋಗಾಶ್ರಮ ವಿಜಯಪುರ.,15:08,public,12/27/2022,,48.04833551466153,66272,740,102,0,2,-,1
2n3LqooSVQI,ಮನುಷ್ಯ ಅವಶ್ಯವಾಗಿ ತಿಳಿದುಕೊಳ್ಳಬೇಕಾದ  ಬಹಳ ೨ ಅಂಶಗಳು.,BOOKS ARE  AVAILABLE IN ONLINE (AMEZON & WEBSITE) LINKS ARE  GIVEN BELOW WEBSITE  - https://www.jnanayogashrama.org AMAZON - https://amzn.eu/d/cJtQoa3,19:54,public,12/24/2022,,54.6897093656118,307431,3.3K,103,2,18,-,0
5QnTFeGMHw0,ನಾವು ಎಂತಹವರ ಸಂಘ ಮಾಡಬೇಕು.,,01:00,public,12/24/2022,,44.78957821911453,31213,2.5K,16,0,0,-,0
fCLUXJjpmPY,ಕಲಿಯೊದಿದ್ದರೆ ಹೇಗೆ ಕಲಿಯಬೇಕು?,,00:39,public,12/23/2022,,48.881384777242204,80338,4.8K,19,0,0,-,0
zgWkIzHHsss,ನಮಗೂ ಹೀಗೆ ಅನಿಸುತ್ತದೆ.,,00:52,public,12/22/2022,,55.29897116789849,353902,10K,45,0,0,-,2
hHBJH4_g8Vs,ಮನುಷ್ಯ ಉತ್ತಮ ಜೀವನ ಕಟ್ಟಿಕೊಳ್ಳಲು ಏನನ್ನು ಮರೆಯಬೇಕು?,BOOKS ARE  AVAILABLE IN ONLINE (AMEZON & WEBSITE) LINKS ARE  GIVEN BELOW WEBSITE  - https://www.jnanayogashrama.org AMAZON - https://amzn.eu/d/cJtQoa3,15:37,public,12/21/2022,,52.654899508079815,192118,2.2K,58,2,18,-,1
-G77gl9gaos,ಪ್ರಪಂಚ ಹೇಗೆ ಮಾಡಬೇಕು?,,00:58,public,12/20/2022,,51.564259604221796,149324,5.8K,30,0,0,-,0
bueEVzJY15E,ಜೀವನ ಸುಖವಿರಬೇಕಾದರೆ ಯಾವುದನ್ನು ಆಶ್ರಯಿಸಬೇಕು ಯಾವುದನ್ನು ತ್ಯಾಗ ಮಾಡಬೇಕು?,BOOKS ARE  AVAILABLE IN ONLINE (AMEZON & WEBSITE) LINKS ARE  GIVEN BELOW WEBSITE  - https://www.jnanayogashrama.org AMAZON - https://amzn.eu/d/cJtQoa3,15:37,public,12/19/2022,,51.349153731240534,142084,1.7K,54,2,18,-,0
eWO1Bq4sVJE,ನಮ್ಮ ಮನಸ್ಸಿಗಿರುವ ಬಂಧನವನ್ನು ತೆಗೆಯುವುದು ಹೇಗೆ?,,14:45,public,12/17/2022,,48.282480538796534,69956,1.2K,41,0,0,-,0
4Sti7GGgE5o,ನಮ್ಮ ಮನಸ್ಸಿನಲ್ಲಿರುವ ಅಶುಧ್ಧತಾ ಯಾವುದು?,,00:36,public,12/17/2022,,48.42542338415211,72305,4.4K,23,0,0,-,0
89WQzybJnsE,ಮನುಷ್ಯನೇ ಮರಣದ ಬಗ್ಗೆ ಏಕೆ ಚಿಂತಿಸುತ್ತಿಯಾ?,,00:51,public,12/15/2022,,53.4842978565396,232698,9.7K,54,0,0,-,0
oh9k1cW5r1A,ಪ್ರತಿಯೊಬ್ಬರೂ ವಿದ್ಯಾರ್ಥಿಯಾಗಿದ್ದಾಗ ಏನನ್ನು ಕಲಿಯಬೇಕು?,,18:46,public,12/14/2022,,54.096879908651005,268078,4K,93,0,0,-,0
3vzGbqwd4F8,ಪ್ರತಿಯೊಬ್ಬರು ಯಾವುದಕ್ಕಾಗಿ ಬಡೆದಾಡುತ್ತಿದ್ದಾರೆ.,,00:53,public,12/14/2022,,49.02721379856888,83091,4.4K,21,0,0,-,0
WASmZMB1hLM,ಗಳಿಸಿದರೆ ಸಂಪತ್ತನ್ನು ಹೇಗೆ ಗಳಿಸಬೇಕು?,BOOKS ARE  AVAILABLE IN ONLINE (AMEZON & WEBSITE) LINKS ARE  GIVEN BELOW WEBSITE  - https://www.jnanayogashrama.org AMAZON - https://amzn.eu/d/cJtQoa3,15:58,public,12/12/2022,,57.23057202328521,552976,5K,97,2,18,-,0
WWUIeKBvFCM,ಮನುಷ್ಯನು ಎಷ್ಟು ಎಚ್ಚರ ಇರಬೇಕು?,,09:07,public,12/10/2022,,49.4427018602468,91463,1.2K,36,0,0,-,0
tDBMwrIGoic,ಮನಸ್ಸು ಎಂಬ ಭೂಮಿಯಲ್ಲಿ ಏನನ್ನು ಬೆಳೆದಿದ್ದೇವೆ?,,11:26,public,12/7/2022,,48.531557766241676,74100,967,29,0,0,-,0
4W9K6qE-ePE,ಈ ಜಗತ್ತಿನಲ್ಲಿ ನಾವೇನು ಮಾಡಬೇಕಾಗಿದೆ?,,17:21,public,12/5/2022,,48.35171173724146,71084,896,25,0,0,-,1
5kynCUQ3mc0,ಕಷ್ಟದ ಸಮಯದಲ್ಲಿ ಜೀವನ ಸಾಗಿಸುವುದು ಹೇಗೆ?,,06:14,public,12/3/2022,,48.15094898615854,67862,932,30,0,0,-,0
pI99O3Bvk4o,ಆತ್ಮ ಜ್ಞಾನವನ್ನು ಮಾಡಿಕೊಳ್ಳುವುದು ಹೇಗೆ?,,12:19,public,11/28/2022,,51.406286204375895,143972,2.3K,80,0,0,-,0
q4FSU-0eaAU,ಏನನ್ನಾದರೂ ಸಾಧಿಸಲು ಈ  3 ಸಂಗತಿಗಳು ಬಹಳ ಅವಶ್ಯ.,,20:40,public,11/25/2022,,56.24168773748879,440026,5.5K,127,0,0,-,1
W_V7Qls8FNw,ಜೀವನದಲ್ಲಿ ದುಃಖವಾದಾಗ ಏನು ಮಾಡಬೇಕು?,BOOKS ARE  AVAILABLE IN ONLINE (AMEZON & WEBSITE) LINKS ARE  GIVEN BELOW WEBSITE  - https://www.jnanayogashrama.org AMAZON - https://amzn.eu/d/cJtQoa3,11:22,public,11/22/2022,,62.17979706842633,1735114,21K,472,2,18,-,0
c3GAATjb8bw,ನೂರು ವರ್ಷ ಆನಂದವಾಗಿ ಬಾಳುವುದು ಹೇಗೆ?,,12:41,public,11/19/2022,,50.94814533800702,129511,1.6K,37,0,0,-,0
n0qG8T8tqqI,ಮನುಷ್ಯನಿಗೆ ಸಮಾಧಾನ ಸಿಗುವುದು ಯಾವಾಗ?,BOOKS ARE  AVAILABLE IN ONLINE (AMEZON & WEBSITE) LINKS ARE  GIVEN BELOW WEBSITE  - https://www.jnanayogashrama.org AMAZON - https://amzn.eu/d/cJtQoa3,11:15,public,11/16/2022,,55.7269390201206,390685,3.6K,97,2,18,0,0
xSkOtUE6ils,ಈ ಭೂಮಿಯ ಮೇಲೆ ನಾವು ಹೇಗೆ ಬದುಕಬೇಕು?,,11:05,public,11/14/2022,,49.10296090040174,84558,1K,45,0,0,-,0
EXnoJGPiJ0w,ಕೆಲವೊಮ್ಮೆ ಸಣ್ಣವರ ಮಾತನ್ನು ಏಕೆ ಕೇಳಬೇಕು?,,07:25,public,11/13/2022,,48.03918273766099,66132,606,17,0,0,-,0
hAd9Q_ZWwvc,LIVE - ವಿಶೇಷ ಕಾರ್ಯಕ್ರಮ @ ಕಾಖಂಡಕಿ. ಜಿ|| ವಿಜಯಪುರ. (13-11-2022),"ಸ್ಥಳ :- ಶ್ರೀ ಗುರುದೇವಾಶ್ರಮ, ಕಾಖಂಡಕಿ.  # jnanayogashram vijayapura  # Siddheshwara Swamiji",01:51:08,public,11/13/2022,,40.74077570249936,12248,238,16,0,11,-,0
1lkp5BLkDZc,LIVE - ವಿಶೇಷ ಕಾರ್ಯಕ್ರಮ @ ಕಾಖಂಡಕಿ. ಜಿ|| ವಿಜಯಪುರ. (12-11-2022),"ಸ್ಥಳ :- ಶ್ರೀ ಗುರುದೇವಾಶ್ರಮ, ಕಾಖಂಡಕಿ.  # jnanayogashram vijayapura  # Siddheshwara Swamiji",01:32:32,public,11/12/2022,,41.70853841119164,15317,259,14,0,11,-,1
FKnw1jfJsf0,LIVE - ವಿಶೇಷ ಕಾರ್ಯಕ್ರಮ @ ಕಾಖಂಡಕಿ. ಜಿ|| ವಿಜಯಪುರ. (10-11-2022)LIVE - ವಿಶೇಷ ಕಾರ್ಯಕ್ರಮ @ ಕಾಖಂಡಕಿ. ಜಿ|…,"ಸ್ಥಳ :- ಶ್ರೀ ಗುರುದೇವಾಶ್ರಮ, ಕಾಖಂಡಕಿ.  # jnanayogashram vijayapura  # Siddheshwara Swamiji",16:15,public,11/12/2022,,34.61747643332409,2976,53,3,0,11,-,1
42Egwm-Rc9A,LIVE - ಪೂಜ್ಯ ಶ್ರೀ ಸಿದ್ಧೇಶ್ವರ ಸ್ವಾಮೀಜಿಯವರ ಆಧ್ಯಾತ್ಮಿಕ  ಪ್ರವಚನ ಕಾಖಂಡಕಿ (11-11-2022),"ಸ್ಥಳ :- ಶ್ರೀ ಗುರುದೇವಾಶ್ರಮ, ಕಾಖಂಡಕಿ.  # jnanayogashram vijayapura  # Siddheshwara Swamiji",01:12:17,public,11/11/2022,,43.699054190515085,24261,523,22,0,11,-,0
GdbntZyN8a8,LIVE - ವಿಶೇಷ ಕಾರ್ಯಕ್ರಮ @ ಕಾಖಂಡಕಿ. ಜಿ|| ವಿಜಯಪುರ. (10-11-2022),"ಸ್ಥಳ :- ಶ್ರೀ ಗುರುದೇವಾಶ್ರಮ, ಕಾಖಂಡಕಿ.  # jnanayogashram vijayapura  # Siddheshwara Swamiji",01:41:36,public,11/10/2022,,42.58957586186699,18775,286,15,0,11,-,0
Wi02qRKZSw4,LIVE - ಪೂಜ್ಯ ಶ್ರೀ ಸಿದ್ಧೇಶ್ವರ ಸ್ವಾಮೀಜಿಯವರ ಆಧ್ಯಾತ್ಮಿಕ  ಪ್ರವಚನ ಕಾಖಂಡಕಿ (09-11-2022),"ಸ್ಥಳ :- ಶ್ರೀ ಗುರುದೇವಾಶ್ರಮ, ಕಾಖಂಡಕಿ.  # jnanayogashram vijayapura  # Siddheshwara Swamiji",58:04,public,11/9/2022,,44.17274211992894,27067,490,39,0,11,-,0
XoTLGCbs8vQ,LIVE - ಪೂಜ್ಯ ಶ್ರೀ ಸಿದ್ಧೇಶ್ವರ ಸ್ವಾಮೀಜಿಯವರ ಆಧ್ಯಾತ್ಮಿಕ  ಪ್ರವಚನ ಕಾಖಂಡಕಿ (08-11-2022),"ಸ್ಥಳ :- ಶ್ರೀ ಗುರುದೇವಾಶ್ರಮ, ಕಾಖಂಡಕಿ.  # jnanayogashram vijayapura  # Siddheshwara Swamiji",01:13:17,public,11/8/2022,,47.391008525879116,56934,837,35,0,11,-,0
6bCTt50ybSA,ಪೂಜ್ಯ ಶ್ರೀ ಸಿದ್ಧೇಶ್ವರ ಸ್ವಾಮೀಜಿಯವರ ಆಧ್ಯಾತ್ಮಿಕ  ಪ್ರವಚನ ಕಾಖಂಡಕಿ (07-11-2022),,43:31,public,11/7/2022,,46.508215762931485,46429,721,33,0,0,-,0
xh5ynQk_KGw,#Sri Siddheshwar Swamiji's English Pravachan (06-10-2022).,,40:03,public,11/7/2022,,39.52524502448499,9249,219,8,0,0,-,0
KvtSJjNkM_A,ಪೂಜ್ಯ ಶ್ರೀ ಸಿದ್ಧೇಶ್ವರ ಸ್ವಾಮೀಜಿಯವರ ಆಧ್ಯಾತ್ಮಿಕ  ಪ್ರವಚನ ಕಾಖಂಡಕಿ (05-11-2022),"ಸ್ಥಳ :- ಶ್ರೀ ಗುರುದೇವಾಶ್ರಮ, ಕಾಖಂಡಕಿ.",43:50,public,11/7/2022,,56.92218487776968,514946,6.2K,240,0,5,-,1
cs40CPHSsTQ,ಪೂಜ್ಯ ಶ್ರೀ ಸಿದ್ಧೇಶ್ವರ ಸ್ವಾಮೀಜಿಯವರ ಆಧ್ಯಾತ್ಮಿಕ  ಪ್ರವಚನ ಕಾಖಂಡಕಿ (04-11-2022),"ಸ್ಥಳ :- ಶ್ರೀ ಗುರುದೇವಾಶ್ರಮ, ಕಾಖಂಡಕಿ.",42:38,public,11/7/2022,,47.25620094930327,55188,798,38,0,5,-,0
1kYA3lo1yco,ಹಣಕ್ಕಿಂತ ದೊಡ್ಡ ಸಂಪತ್ತು ಯಾವುದು ?,,09:32,public,11/5/2022,,46.238999358904046,43629,533,13,0,0,-,1
iy_HxQTh3YA,LIVE - ಪೂಜ್ಯ ಶ್ರೀ ಸಿದ್ಧೇಶ್ವರ ಸ್ವಾಮೀಜಿಯವರ ಆಧ್ಯಾತ್ಮಿಕ  ಪ್ರವಚನ ಕಾಖಂಡಕಿ (03-11-2022),"ಸ್ಥಳ :- ಶ್ರೀ ಗುರುದೇವಾಶ್ರಮ, ಕಾಖಂಡಕಿ.  # jnanayogashram vijayapura  # Siddheshwara Swamiji",56:49,public,11/3/2022,,43.692091116605,24222,442,17,0,11,-,0
rezLPXiRQNQ,ನೆಮ್ಮದಿಯ ಜೀವನಕ್ಕಾಗಿ ನಾವೇನು ಮಾಡಬೇಕು?,,07:20,public,11/2/2022,,46.539794884157885,46769,489,17,0,0,-,0
KJQE5029lJs,LIVE - ಪೂಜ್ಯ ಶ್ರೀ ಸಿದ್ಧೇಶ್ವರ ಸ್ವಾಮೀಜಿಯವರ ಆಧ್ಯಾತ್ಮಿಕ  ಪ್ರವಚನ ಕಾಖಂಡಕಿ (02-11-2022),"ಸ್ಥಳ :- ಶ್ರೀ ಗುರುದೇವಾಶ್ರಮ, ಕಾಖಂಡಕಿ.  # jnanayogashram vijayapura  # Siddheshwara Swamiji",14:25,public,11/2/2022,,42.35268581818242,17775,337,19,0,11,-,2
5eWYvo1scrM,LIVE - ಪೂಜ್ಯ ಶ್ರೀ ಸಿದ್ಧೇಶ್ವರ ಸ್ವಾಮೀಜಿಯವರ ಆಧ್ಯಾತ್ಮಿಕ  ಪ್ರವಚನ ಕಾಖಂಡಕಿ (02-11-2022),"ಸ್ಥಳ :- ಶ್ರೀ ಗುರುದೇವಾಶ್ರಮ, ಕಾಖಂಡಕಿ.  # jnanayogashram vijayapura  # Siddheshwara Swamiji",08:14,public,11/2/2022,,38.332382438009354,7021,139,5,0,11,-,0
8d1cPgyCqGc,LIVE - ಪೂಜ್ಯ ಶ್ರೀ ಸಿದ್ಧೇಶ್ವರ ಸ್ವಾಮೀಜಿಯವರ ಆಧ್ಯಾತ್ಮಿಕ  ಪ್ರವಚನ ಕಾಖಂಡಕಿ (02-11-2022),"ಸ್ಥಳ :- ಶ್ರೀ ಗುರುದೇವಾಶ್ರಮ, ಕಾಖಂಡಕಿ.  # jnanayogashram vijayapura  # Siddheshwara Swamiji",31:06,public,11/2/2022,,41.4045188599093,14278,293,12,0,11,-,0
VTjFr-G8whI,Live- 67 ನೇ ಕನ್ನಡ ರಾಜ್ಯೋತ್ಸವದ ಕಾಯ೯ಕ್ರಮ (01-11-2022),"ಸ್ಥಳ :- ಶ್ರೀ ಗುರುದೇವಾಶ್ರಮ, ಕಾಖಂಡಕಿ.  # jnanayogashram vijayapura  # Siddheshwara Swamiji",01:15:03,public,11/1/2022,,40.07595360267866,10504,251,14,0,11,-,0
HJaNtfdkTrw,ನಿಜವಾದ ಯೋಗಿಗಳು ಯಾರು?,,09:53,public,10/31/2022,,45.67855913306364,38330,515,17,0,0,-,1
PZqc_mUc4O4,LIVE - ಪೂಜ್ಯ ಶ್ರೀ ಸಿದ್ಧೇಶ್ವರ ಸ್ವಾಮೀಜಿಯವರ ಆಧ್ಯಾತ್ಮಿಕ  ಪ್ರವಚನ ಕಾಖಂಡಕಿ (31-10-2022),"ಸ್ಥಳ :- ಶ್ರೀ ಗುರುದೇವಾಶ್ರಮ, ಕಾಖಂಡಕಿ.  # jnanayogashram vijayapura  # Siddheshwara Swamiji",45:53,public,10/31/2022,,43.85360753504822,25143,471,30,0,11,-,0
QR3ulR3k7M0,Live-Sri Siddheshwar Swamiji's English Pravachan (30-10-2022).,PLACE: Gurudev Ashram Kakhandaki..,01:04:13,public,10/30/2022,,36.94629791371613,5097,105,9,0,4,-,0
GeozSAfZLxE,LIVE - ವಿಶೇಷ ಕಾರ್ಯಕ್ರಮ @ ಕಾಖಂಡಕಿ. ಜಿ|| ವಿಜಯಪುರ. (30-10-2022),"ಸ್ಥಳ :- ಶ್ರೀ ಗುರುದೇವಾಶ್ರಮ, ಕಾಖಂಡಕಿ.  # jnanayogashram vijayapura  # Siddheshwara Swamiji",54:45,public,10/30/2022,,41.75463313612715,15481,234,4,0,11,-,0
Wl88ZsyFFUY,LIVE - ವಿಶೇಷ ಕಾರ್ಯಕ್ರಮ @ ಕಾಖಂಡಕಿ. ಜಿ|| ವಿಜಯಪುರ. (30-10-2022),"ಸ್ಥಳ :- ಶ್ರೀ ಗುರುದೇವಾಶ್ರಮ, ಕಾಖಂಡಕಿ.  # jnanayogashram vijayapura  # Siddheshwara Swamiji",15:41,public,10/30/2022,,37.26461672054483,5486,109,9,0,11,-,2
Zjy6iTgIsX8,ಜಗತ್ತು ನಮ್ಮ ಜೊತೆ ಹೊಂದಿಕೊಳ್ಳದಿದ್ದರೆ ಏನು ಮಾಡಬೇಕು?,,11:11,public,10/29/2022,,47.67812645844221,60839,893,43,0,0,-,1
IGEsg-CEn2o,LIVE - ಪೂಜ್ಯ ಶ್ರೀ ಸಿದ್ಧೇಶ್ವರ ಸ್ವಾಮೀಜಿಯವರ ಆಧ್ಯಾತ್ಮಿಕ  ಪ್ರವಚನ ಕಾಖಂಡಕಿ (29-10-2022),"ಸ್ಥಳ :- ಶ್ರೀ ಗುರುದೇವಾಶ್ರಮ, ಕಾಖಂಡಕಿ.  # jnanayogashram vijayapura  # Siddheshwara Swamiji",59:36,public,10/29/2022,,43.39689051523588,22625,464,22,0,11,-,0
xZd7Y_tBIAw,ನಮ್ಮ ಮಾತು ಹೇಗಿರಬೇಕು?,,00:59,public,10/28/2022,,56.06317269198192,422246,13K,55,0,0,-,0
mH2dJo2YcDI,LIVE - ಪೂಜ್ಯ ಶ್ರೀ ಸಿದ್ಧೇಶ್ವರ ಸ್ವಾಮೀಜಿಯವರ ಆಧ್ಯಾತ್ಮಿಕ  ಪ್ರವಚನ ಕಾಖಂಡಕಿ (28-10-2022),"ಸ್ಥಳ :- ಶ್ರೀ ಗುರುದೇವಾಶ್ರಮ, ಕಾಖಂಡಕಿ.  # jnanayogashram vijayapura  # Siddheshwara Swamiji",01:03:53,public,10/28/2022,,42.729075548982465,19390,442,20,0,11,-,2
WDiDAbB32sk,ಜೀವನದಲ್ಲಿ ಶಾಂತಿ ಸಿಗುವುದು ಯಾವಾಗ?,BOOKS ARE  AVAILABLE IN ONLINE (AMEZON & WEBSITE) LINKS ARE  GIVEN BELOW WEBSITE  - https://www.jnanayogashrama.org AMAZON - https://amzn.eu/d/cJtQoa3,15:38,public,10/27/2022,,54.13452699097164,270420,2.4K,59,2,18,-,0
1MN5ASN6WoY,ಯಾವುದು ನಮ್ಮನ್ನು ದೊಡ್ಡವರನ್ನಾಗಿ ಮಾಡುತ್ತದೆ.,,00:59,public,10/27/2022,,47.49258532977948,58286,3.6K,16,0,0,-,0
qEUy258zMC8,LIVE - ವಿಶೇಷ ಕಾರ್ಯಕ್ರಮ @ ಕಾಖಂಡಕಿ. ಜಿ|| ವಿಜಯಪುರ. (27-10-2022),"ಸ್ಥಳ :- ಶ್ರೀ ಗುರುದೇವಾಶ್ರಮ, ಕಾಖಂಡಕಿ.  # jnanayogashram vijayapura  # Siddheshwara Swamiji",01:24:33,public,10/27/2022,,39.94247507955975,10185,193,2,0,11,-,0
_iMYNwr6P0Y,Live- ದೀಪಾವಳಿ ಪಾಡ್ಯಾ ನಿಮಿತ್ಯವಾಗಿ ವೀಶೆಷ ಕಾಯ೯ಕ್ರಮ (26-10-2022),"ಸ್ಥಳ :- ಶ್ರೀ ಗುರುದೇವಾಶ್ರಮ, ಕಾಖಂಡಕಿ.  # jnanayogashram vijayapura  # Siddheshwara Swamiji",08:48,public,10/26/2022,,38.17226238538197,6766,67,4,0,11,-,0
57_NKSDjgFI,Live- ದೀಪಾವಳಿ ಪಾಡ್ಯಾ ನಿಮಿತ್ಯವಾಗಿ ವೀಶೆಷ ಕಾಯ೯ಕ್ರಮ (26-10-2022),"ಸ್ಥಳ :- ಶ್ರೀ ಗುರುದೇವಾಶ್ರಮ, ಕಾಖಂಡಕಿ.  # jnanayogashram vijayapura  # Siddheshwara Swamiji",37:55,public,10/26/2022,,39.218909905626184,8617,166,8,0,11,-,0
EaASieAlIW8,Live- ದೀಪಾವಳಿ ಪಾಡ್ಯಾ ನಿಮಿತ್ಯವಾಗಿ ವೀಶೆಷ ಕಾಯ೯ಕ್ರಮ (26-10-2022),"ಸ್ಥಳ :- ಶ್ರೀ ಗುರುದೇವಾಶ್ರಮ, ಕಾಖಂಡಕಿ.  # jnanayogashram vijayapura  # Siddheshwara Swamiji",08:57,public,10/26/2022,,32.76105856624524,1938,47,1,0,11,-,0
udXTPWWPtiM,Live- ದೀಪಾವಳಿ ಪಾಡ್ಯಾ ನಿಮಿತ್ಯವಾಗಿ ವೀಶೆಷ ಕಾಯ೯ಕ್ರಮ (26-10-2022),"ಸ್ಥಳ :- ಶ್ರೀ ಗುರುದೇವಾಶ್ರಮ, ಕಾಖಂಡಕಿ.  # jnanayogashram vijayapura  # Siddheshwara Swamiji",46:10,public,10/26/2022,,38.88380641061878,7975,155,5,0,11,-,2
Q__Ad2NlF2Q,ಗುರು ಎಂಬುವನು ಹೇಗೆ ಶ್ರೇಷ್ಠ ?,,16:56,public,10/25/2022,,46.375219839709594,45024,689,31,0,0,-,0
TGmK7O_pPFA,LIVE - ಪೂಜ್ಯ ಶ್ರೀ ಸಿದ್ಧೇಶ್ವರ ಸ್ವಾಮೀಜಿಯವರ ಆಧ್ಯಾತ್ಮಿಕ  ಪ್ರವಚನ ಕಾಖಂಡಕಿ (24-10-2022),"ಸ್ಥಳ :- ಶ್ರೀ ಗುರುದೇವಾಶ್ರಮ, ಕಾಖಂಡಕಿ.  # jnanayogashram vijayapura  # Siddheshwara Swamiji",01:00:40,public,10/24/2022,,44.41964886595788,28656,488,25,0,11,-,0
M1fFaxS5PvE,Live-Sri Siddheshwar Swamiji's English Pravachan (23-10-2022).,PLACE: Gurudev Ashram Kakhandaki.,58:49,public,10/23/2022,,39.223929721919205,8627,167,7,0,4,-,0
Fbfnu0sW0mM,Live-Sri Siddheshwar Swamiji's English Pravachan (23-10-2022).,PLACE: Gurudev Ashram Kakhandaki.,01:08,public,10/23/2022,,32.562267539611724,1851,34,0,0,4,-,0
HlxKiosuuu8,LIVE - ವಿಶೇಷ ಕಾರ್ಯಕ್ರಮ @ ಕಾಖಂಡಕಿ. ಜಿ|| ವಿಜಯಪುರ. (23-10-2022),ಸ್ಥಳ :-ಶ್ರೀ ಗುರುದೇವಾಶ್ರಮ ಕಾಖಂಡಕಿ.,01:51:59,public,10/23/2022,,40.15516046503845,10698,226,7,0,4,-,2
E5ly_lTiC94,LIVE - ಪೂಜ್ಯ ಶ್ರೀ ಸಿದ್ಧೇಶ್ವರ ಸ್ವಾಮೀಜಿಯವರ ಆಧ್ಯಾತ್ಮಿಕ  ಪ್ರವಚನ ಕಾಖಂಡಕಿ (22-10-2022) #jnanayogashrama,"ಸ್ಥಳ :- ಶ್ರೀ ಗುರುದೇವಾಶ್ರಮ, ಕಾಖಂಡಕಿ.  # jnanayogashram vijayapura  # Siddheshwara Swamiji",01:02:51,public,10/22/2022,,44.99643229770172,32741,605,25,0,11,-,0
6Af9kDyYL6s,LIVE - ವಿಶೇಷ ಕಾರ್ಯಕ್ರಮ @ ಕಾಖಂಡಕಿ. ಜಿ|| ವಿಜಯಪುರ.,ಸ್ಥಳ :-ಶ್ರೀ ಗುರುದೇವಾಶ್ರಮ ಕಾಖಂಡಕಿ.,01:04:05,public,10/21/2022,,44.52380846674228,29354,731,28,0,4,-,0
wxLJAAymwqA,LIVE- ಭಜನೆ ಹಾಗೂ ಭಕ್ತಿ ಗೀತೆಗಳು.,ಸ್ಥಳ :-  ಜ್ಞಾನಯೋಗಾಶ್ರಮ ವಿಜಯಪುರ.,01:19:13,public,10/20/2022,,35.98518140109816,4082,78,3,0,4,-,0
4qNm-KWBYY4,LIVE- ಪೂಜ್ಯ ಶ್ರೀ ಮಲ್ಲಿಕಾರ್ಜುನ ಶಿವಯೋಗಿಗಳ ಪಲ್ಲಕ್ಕಿ ಉತ್ಸವ.,ಸ್ಥಳ :-  ಜ್ಞಾನಯೋಗಾಶ್ರಮ ವಿಜಯಪುರ.,22:27,public,10/20/2022,,34.49205868043115,2891,43,6,0,4,-,1
WNFRPOIWjtY,LIVE- ಪೂಜ್ಯ ಶ್ರೀ ಮಲ್ಲಿಕಾರ್ಜುನ ಶಿವಯೋಗಿಗಳ ಪಲ್ಲಕ್ಕಿ ಉತ್ಸವ.,ಸ್ಥಳ :-  ಜ್ಞಾನಯೋಗಾಶ್ರಮ ವಿಜಯಪುರ.,36:33,public,10/20/2022,,36.00844504682116,4104,40,3,0,4,-,1
mGIkC1WBHkQ,LIVE- ಪೂಜ್ಯ ಶ್ರೀ ಮಲ್ಲಿಕಾರ್ಜುನ ಶಿವಯೋಗಿಗಳ ಭಾವ ಚಿತ್ರ ಪೂಜೆ.,ಸ್ಥಳ :-  ಜ್ಞಾನಯೋಗಾಶ್ರಮ ವಿಜಯಪುರ.,36:51,public,10/20/2022,,35.08568487448725,3316,73,6,0,4,-,0
hJKxH82ugig,LIVE- ಧರ್ಮ ಧ್ವಜಾರೋಹಣ,ಸ್ಥಳ :-  ಜ್ಞಾನಯೋಗಾಶ್ರಮ ವಿಜಯಪುರ.,05:12,public,10/20/2022,,36.65387309359234,4764,104,10,0,4,-,2
tNezKKr-GnE,ನಮ್ಮ ಜೀವನದ ಸುಖವು ಎಲ್ಲಿದೆ ?,,09:08,public,10/19/2022,,46.69316308815789,48456,571,16,0,0,-,1
Ahg6G-TR-lw,LIVE -ವೇದಾಂತ ಕೇಸರಿ ಪೂಜ್ಯ ಶ್ರೀ ಮಲ್ಲಿಕಾರ್ಜುನ ಶಿವಯೋಗಿಗಳ 120ನೇ ಜಯಂತ್ಯೋತ್ಸವದ ಅಂಗವಾಗಿ  ಪ್ರವಚನ (19-10-2022),"ಪೂಜ್ಯ ಶ್ರೀ ಮಹೇಶಾನಂದ ಸ್ವಾಮೀಜಿಗಳು         (ಭಕ್ತಿ ಯೋಗಾಶ್ರಮ, ಇಚಲಕರಂಜಿ)  ಸ್ಥಳ :-  ಜ್ಞಾನಯೋಗಾಶ್ರಮ ವಿಜಯಪುರ.",02:04:35,public,10/19/2022,,35.736422568887164,3854,68,2,0,11,-,1
IzRGDVhIZmo,LIVE - ಪೂಜ್ಯ ಶ್ರೀ ಸಿದ್ಧೇಶ್ವರ ಸ್ವಾಮೀಜಿಯವರ ಆಧ್ಯಾತ್ಮಿಕ  ಪ್ರವಚನ ಕಾಖಂಡಕಿ (19-10-2022) #jnanayogashrama,"ಸ್ಥಳ :- ಶ್ರೀ ಗುರುದೇವಾಶ್ರಮ, ಕಾಖಂಡಕಿ.  # jnanayogashram vijayapura  # Siddheshwara Swamiji",22:02,public,10/19/2022,,41.70797323945896,15315,339,11,0,11,-,2
sgTTd51NuNU,LIVE - ಪೂಜ್ಯ ಶ್ರೀ ಸಿದ್ಧೇಶ್ವರ ಸ್ವಾಮೀಜಿಯವರ ಆಧ್ಯಾತ್ಮಿಕ  ಪ್ರವಚನ ಕಾಖಂಡಕಿ (19-10-2022) #jnanayogashrama,"ಸ್ಥಳ :- ಶ್ರೀ ಗುರುದೇವಾಶ್ರಮ, ಕಾಖಂಡಕಿ.  # jnanayogashram vijayapura  # Siddheshwara Swamiji",35:40,public,10/19/2022,,54.9256703711939,324657,2.6K,100,0,11,-,0
C-rxZkGRfNU,LIVE -ವೇದಾಂತ ಕೇಸರಿ ಪೂಜ್ಯ ಶ್ರೀ ಮಲ್ಲಿಕಾರ್ಜುನ ಶಿವಯೋಗಿಗಳ 120ನೇ ಜಯಂತ್ಯೋತ್ಸವದ ಅಂಗವಾಗಿ  ಪ್ರವಚನ (18-10-2022),"ಪೂಜ್ಯ ಶ್ರೀ ಮಹೇಶಾನಂದ ಸ್ವಾಮೀಜಿಗಳು         (ಭಕ್ತಿ ಯೋಗಾಶ್ರಮ, ಇಚಲಕರಂಜಿ)  ಸ್ಥಳ :-  ಜ್ಞಾನಯೋಗಾಶ್ರಮ ವಿಜಯಪುರ.",01:33:20,public,10/18/2022,,36.2163978125017,4306,78,4,0,11,-,0
CLlJ5P7MoGM,LIVE - ವಿಶೇಷ ಕಾರ್ಯಕ್ರಮ @ ಕಾಖಂಡಕಿ. ಜಿ|| ವಿಜಯಪುರ .,"#ಪೂಜ್ಯ ಅದೃಶ್ಯ ಕಾಢಸಿದ್ಧೇಶ್ವರ ಸ್ವಾಮೀಜಿಗಳು , ಸಿದ್ಧಗಿರಿ ಮಠ, ಕಣ್ಣೇರಿ.   ಸ್ಥಳ :-ಶ್ರೀ ಗುರುದೇವಾಶ್ರಮ ಕಾಖಂಡಕಿ.",01:20:31,public,10/18/2022,,53.750629882395536,247467,2.9K,86,0,12,-,1
IuRhfzGF7Ss,LIVE -ವೇದಾಂತ ಕೇಸರಿ ಪೂಜ್ಯ ಶ್ರೀ ಮಲ್ಲಿಕಾರ್ಜುನ ಶಿವಯೋಗಿಗಳ 120ನೇ ಜಯಂತ್ಯೋತ್ಸವದ ಅಂಗವಾಗಿ  ಪ್ರವಚನ (17-10-2022),"ಪೂಜ್ಯ ಶ್ರೀ ಮಹೇಶಾನಂದ ಸ್ವಾಮೀಜಿಗಳು         (ಭಕ್ತಿ ಯೋಗಾಶ್ರಮ, ಇಚಲಕರಂಜಿ)  ಸ್ಥಳ :-  ಜ್ಞಾನಯೋಗಾಶ್ರಮ ವಿಜಯಪುರ.",01:04:29,public,10/17/2022,,37.19061695553168,5393,113,5,0,11,-,0
scAv7A8B_JY,LIVE -ವೇದಾಂತ ಕೇಸರಿ ಪೂಜ್ಯ ಶ್ರೀ ಮಲ್ಲಿಕಾರ್ಜುನ ಶಿವಯೋಗಿಗಳ 120ನೇ ಜಯಂತ್ಯೋತ್ಸವದ ಅಂಗವಾಗಿ  ಪ್ರವಚನ (17-10-2022),"ಪೂಜ್ಯ ಶ್ರೀ ಮಹೇಶಾನಂದ ಸ್ವಾಮೀಜಿಗಳು         (ಭಕ್ತಿ ಯೋಗಾಶ್ರಮ, ಇಚಲಕರಂಜಿ)  ಸ್ಥಳ :-  ಜ್ಞಾನಯೋಗಾಶ್ರಮ ವಿಜಯಪುರ.",37:38,public,10/17/2022,,33.519157373322344,2309,49,2,0,11,-,2
aaqvk4ocpiE,LIVE -ವೇದಾಂತ ಕೇಸರಿ ಪೂಜ್ಯ ಶ್ರೀ ಮಲ್ಲಿಕಾರ್ಜುನ ಶಿವಯೋಗಿಗಳ 120ನೇ ಜಯಂತ್ಯೋತ್ಸವದ ಅಂಗವಾಗಿ  ಪ್ರವಚನ (16-10-2022),"ಪೂಜ್ಯ ಶ್ರೀ ಮಹೇಶಾನಂದ ಸ್ವಾಮೀಜಿಗಳು         (ಭಕ್ತಿ ಯೋಗಾಶ್ರಮ, ಇಚಲಕರಂಜಿ)  ಸ್ಥಳ :-  ಜ್ಞಾನಯೋಗಾಶ್ರಮ ವಿಜಯಪುರ.",01:37:47,public,10/16/2022,,37.21781758002719,5427,123,5,0,11,-,0
4Dlu-zBQN3g,LIVE - ಪೂಜ್ಯ ಶ್ರೀ ಸಿದ್ಧೇಶ್ವರ ಸ್ವಾಮೀಜಿಯವರ ಆಧ್ಯಾತ್ಮಿಕ  ಪ್ರವಚನ ಕಾಖಂಡಕಿ (16-10-2022) #jnanayogashrama,"ಸ್ಥಳ :- ಶ್ರೀ ಗುರುದೇವಾಶ್ರಮ, ಕಾಖಂಡಕಿ. # jnanayogashram vijayapura # Siddheshwara Swamiji",59:43,public,10/16/2022,,46.35546851818286,44819,844,52,0,11,-,1
R4oFrShw5Y4,LIVE -ವೇದಾಂತ ಕೇಸರಿ ಪೂಜ್ಯ ಶ್ರೀ ಮಲ್ಲಿಕಾರ್ಜುನ ಶಿವಯೋಗಿಗಳ 120ನೇ ಜಯಂತ್ಯೋತ್ಸವದ ಅಂಗವಾಗಿ  ಪ್ರವಚನ (15-10-2022),"#ಪೂಜ್ಯ ಶ್ರೀ ಮಹೇಶಾನಂದ ಸ್ವಾಮೀಜಿಗಳು         (ಭಕ್ತಿ ಯೋಗಾಶ್ರಮ, ಇಚಲಕರಂಜಿ)  ಸ್ಥಳ :-  ಜ್ಞಾನಯೋಗಾಶ್ರಮ ವಿಜಯಪುರ.",01:28:20,public,10/15/2022,,35.25588724038256,3449,91,8,0,11,-,0
XUscpWYiSGI,LIVE - ಪೂಜ್ಯ ಶ್ರೀ ಸಿದ್ಧೇಶ್ವರ ಸ್ವಾಮೀಜಿಯವರ ಆಧ್ಯಾತ್ಮಿಕ  ಪ್ರವಚನ ಕಾಖಂಡಕಿ (15-10-2022) .#jnanayogashrama,"ಸ್ಥಳ :- ಶ್ರೀ ಗುರುದೇವಾಶ್ರಮ, ಕಾಖಂಡಕಿ.",52:13,public,10/15/2022,,47.66658641095449,60677,908,51,0,5,-,0
QAwIvQayF1A,LIVE - ವೇದಾಂತ ಕೇಸರಿ ಪೂಜ್ಯ ಶ್ರೀ ಮಲ್ಲಿಕಾರ್ಜುನ ಶಿವಯೋಗಿಗಳ 120ನೇ ಜಯಂತ್ಯೋತ್ಸವದ ಅಂಗವಾಗಿ  ಪ್ರವಚನ (14-10-2…,"#ಪೂಜ್ಯ ಶ್ರೀ ಮಹೇಶಾನಂದ ಸ್ವಾಮೀಜಿಗಳು         (ಭಕ್ತಿ ಯೋಗಾಶ್ರಮ, ಇಚಲಕರಂಜಿ)  ಸ್ಥಳ :-  ಜ್ಞಾನಯೋಗಾಶ್ರಮ ವಿಜಯಪುರ.",01:34:00,public,10/14/2022,,38.90708010645231,8018,159,11,0,11,-,0
CbeExTx9yLg,LIVE - ವೇದಾಂತ ಕೇಸರಿ ಪೂಜ್ಯ ಶ್ರೀ ಮಲ್ಲಿಕಾರ್ಜುನ ಶಿವಯೋಗಿಗಳ 120ನೇ ಜಯಂತ್ಯೋತ್ಸವದ ಅಂಗವಾಗಿ  ಆಧ್ಯಾತ್ಮಿಕ  ಪ್ರ…,ಸ್ಥಳ :-  ಜ್ಞಾನಯೋಗಾಶ್ರಮ ವಿಜಯಪುರ.,29:22,public,10/13/2022,,37.916665146756785,6378,158,12,0,4,-,0
zNxPxsk3fF8,ನಮ್ಮನ್ನು   ಯಾವುದು  ದಾರಿ ತಪ್ಪಿಸುತ್ತಿದೆ ?                                 #jnanayogashrama,,19:26,public,10/11/2022,,54.88725300314191,321788,3.5K,111,0,0,-,1
W2ud1Y1UGGQ,LIVE - ಪೂಜ್ಯ ಶ್ರೀ ಸಿದ್ಧೇಶ್ವರ ಸ್ವಾಮೀಜಿಯವರ ಆಧ್ಯಾತ್ಮಿಕ  ಪ್ರವಚನ (11-10-2022),ಸ್ಥಳ :-  ಜ್ಞಾನಯೋಗಾಶ್ರಮ ವಿಜಯಪುರ.,01:03:43,public,10/11/2022,,42.99170040864103,20603,489,35,0,4,-,0
J-5P69mucds,LIVE - ಪೂಜ್ಯ ಶ್ರೀ ಸಿದ್ಧೇಶ್ವರ ಸ್ವಾಮೀಜಿಯವರ ಆಧ್ಯಾತ್ಮಿಕ  ಪ್ರವಚನ (10-10-2022),ಸ್ಥಳ :-  ಜ್ಞಾನಯೋಗಾಶ್ರಮ ವಿಜಯಪುರ.,55:57,public,10/10/2022,,43.51557384005994,23254,505,31,0,4,-,2
m9Iin8Al0eo,ಶುದ್ಧ ಪ್ರೇಮ ಎಂದರೆ ಯಾವುದು?,,09:43,public,10/9/2022,,46.01526906575684,41431,728,17,0,0,-,0
6Djxd0pw6HY,Live-Sri Siddheshwar Swamiji's English Pravachan (09-10-2022).,Place: Jnanayogashrama Vijayapur,01:16:32,public,10/9/2022,,44.12838243516969,26791,534,22,0,3,-,2
bylsOZedOHs,Leading a Life of Purpose,,01:26:01,public,10/8/2022,,39.59947705312277,9409,324,16,0,0,-,0
Xp0TwbzwMwI,LIVE - ಪೂಜ್ಯ ಶ್ರೀ ಸಿದ್ಧೇಶ್ವರ ಸ್ವಾಮೀಜಿಯವರ ಆಧ್ಯಾತ್ಮಿಕ  ಪ್ರವಚನ (08-10-2022),ಸ್ಥಳ :-  ಜ್ಞಾನಯೋಗಾಶ್ರಮ ವಿಜಯಪುರ.,54:10,public,10/8/2022,,44.55392952767115,29559,636,43,0,4,-,2
sTAy7hIkT2g,Live-ವಿಶೇಷ ಕಾರ್ಯಕ್ರಮ(07-10-2022),ಸ್ಥಳ :-  ಜ್ಞಾನಯೋಗಾಶ್ರಮ ವಿಜಯಪುರ.,55:33,public,10/7/2022,,44.63918046836129,30147,544,12,0,4,-,0
fRPgjHoXhGc,ನಾವು ಬದುಕುವುದನ್ನು ಯಾರಿಂದ ಕಲಿಯಬೇಕು ?     #jnanayogashrama,,00:58,public,10/6/2022,,59.33318663598132,898855,40K,180,0,0,-,0
eug222IPzRw,LIVE - ಪೂಜ್ಯ ಶ್ರೀ ಸಿದ್ಧೇಶ್ವರ ಸ್ವಾಮೀಜಿಯವರ ಆಧ್ಯಾತ್ಮಿಕ  ಪ್ರವಚನ (06-10-2022),ಸ್ಥಳ :-  ಜ್ಞಾನಯೋಗಾಶ್ರಮ ವಿಜಯಪುರ.,54:28,public,10/6/2022,,43.39995017877349,22641,480,36,0,4,-,0
vjEVXNZ1rSU,LIVE - ಪೂಜ್ಯ ಶ್ರೀ ಸಿದ್ಧೇಶ್ವರ ಸ್ವಾಮೀಜಿಯವರ ಆಧ್ಯಾತ್ಮಿಕ  ಪ್ರವಚನ (05-10-2022),ಸ್ಥಳ :-  ಜ್ಞಾನಯೋಗಾಶ್ರಮ ವಿಜಯಪುರ.,45:19,public,10/5/2022,,43.58004786275578,23603,508,38,0,4,-,2
QVdzyq8p3c4,LIVE - ಪೂಜ್ಯ ಶ್ರೀ ಸಿದ್ಧೇಶ್ವರ ಸ್ವಾಮೀಜಿಯವರ ಆಧ್ಯಾತ್ಮಿಕ  ಪ್ರವಚನ (04-10-2022),ಸ್ಥಳ :-  ಜ್ಞಾನಯೋಗಾಶ್ರಮ ವಿಜಯಪುರ.,52:46,public,10/4/2022,,50.10168490637868,106505,1.2K,72,0,4,-,1
muIpdsVoZEM,LIVE - ಪೂಜ್ಯ ಶ್ರೀ ಸಿದ್ಧೇಶ್ವರ ಸ್ವಾಮೀಜಿಯವರ ಆಧ್ಯಾತ್ಮಿಕ  ಪ್ರವಚನ (03-10-2022),ಸ್ಥಳ :-  ಜ್ಞಾನಯೋಗಾಶ್ರಮ ವಿಜಯಪುರ.,55:21,public,10/3/2022,,42.811324022544134,19762,443,18,0,4,-,2
b4rY5-IY7Tw,Live-ವಿಶೇಷ ಕಾರ್ಯಕ್ರಮ.(01-10-2022),ಸ್ಥಳ :-  ಜ್ಞಾನಯೋಗಾಶ್ರಮ ವಿಜಯಪುರ,37:44,public,10/1/2022,,39.78364035409815,9818,244,19,0,4,-,2
JeMrzs-j-WI,LIVE - ಪೂಜ್ಯ ಶ್ರೀ ಸಿದ್ಧೇಶ್ವರ ಸ್ವಾಮೀಜಿಯವರ ಆಧ್ಯಾತ್ಮಿಕ  ಪ್ರವಚನ (30-09-2022),ಸ್ಥಳ :-  ಜ್ಞಾನಯೋಗಾಶ್ರಮ ವಿಜಯಪುರ,54:12,public,9/30/2022,,43.66430609318441,24067,552,34,0,4,-,0
Mresg79YOXg,LIVE - ಪೂಜ್ಯ ಶ್ರೀ ಸಿದ್ಧೇಶ್ವರ ಸ್ವಾಮೀಜಿಯವರ ಆಧ್ಯಾತ್ಮಿಕ  ಪ್ರವಚನ (29-09-2022),ಸ್ಥಳ :-  ಜ್ಞಾನಯೋಗಾಶ್ರಮ ವಿಜಯಪುರ,54:45,public,9/29/2022,,43.471424594476005,23018,503,35,0,4,-,0
9DzB4Jfvc3E,LIVE - ಪೂಜ್ಯ ಶ್ರೀ ಸಿದ್ಧೇಶ್ವರ ಸ್ವಾಮೀಜಿಯವರ ಆಧ್ಯಾತ್ಮಿಕ  ಪ್ರವಚನ (28-09-2022),ಸ್ಥಳ :-  ಜ್ಞಾನಯೋಗಾಶ್ರಮ ವಿಜಯಪುರ,51:08,public,9/28/2022,,42.980762927659725,20551,531,27,0,4,-,0
u6SDYrG1yVI,LIVE - ಪೂಜ್ಯ ಶ್ರೀ ಸಿದ್ಧೇಶ್ವರ ಸ್ವಾಮೀಜಿಯವರ ಆಧ್ಯಾತ್ಮಿಕ  ಪ್ರವಚನ (27-09-2022),ಸ್ಥಳ :-  ಜ್ಞಾನಯೋಗಾಶ್ರಮ ವಿಜಯಪುರ,44:44,public,9/27/2022,,43.47631062743769,23044,527,35,0,4,-,0
4tD5jP0Nr68,Live-ಜ್ಞಾನಯೋಗಾಶ್ರಮ ವಿಜಯಪುರದಲ್ಲಿ ನವರಾತ್ರಿಯ ನಿಮಿತ್ಯವಾಗಿ ಆಧ್ಯಾತ್ಮಿಕ ಪ್ರವಚನ ಉದ್ಘಾಟನಾ ಸಮಾರಂಭ (26-09-2022),ಸ್ಥಳ :-  ಜ್ಞಾನಯೋಗಾಶ್ರಮ ವಿಜಯಪುರ,19:36,public,9/26/2022,,36.25741314083426,4347,70,6,0,4,-,0
8kAN4eu00qI,Live-ಜ್ಞಾನಯೋಗಾಶ್ರಮ ವಿಜಯಪುರದಲ್ಲಿ ನವರಾತ್ರಿಯ ನಿಮಿತ್ಯವಾಗಿ ಆಧ್ಯಾತ್ಮಿಕ ಪ್ರವಚನ ಉದ್ಘಾಟನಾ ಸಮಾರಂಭ (26-09-2022),ಸ್ಥಳ :-  ಜ್ಞಾನಯೋಗಾಶ್ರಮ ವಿಜಯಪುರ,57:43,public,9/26/2022,,40.30349376161445,11071,232,16,0,4,-,0
OA-63LaA0JU,ದಿನಾಂಕ (26-09-2022) ಸೋಮವಾರ ನಾಳೆಯಿಂದ ಪರಮ ಪೂಜ್ಯರ ಪ್ರವಚನ ಪ್ರಾರಂಭ .,,00:46,public,9/25/2022,,37.30779195511079,5541,231,15,0,0,-,0
eTEz5jLLY5I,Live-Sri Siddheshwar Swamiji's English Pravachan (25-09-2022).,Place: Jnanayogashrama Vijayapur,01:03:54,public,9/25/2022,,41.63156477238389,15047,354,19,0,3,-,2
dX-3tTVvAzI,ನಾವೆಲ್ಲರೂ ಹೇಗೆ ಸಣ್ಣವರು ಆಗುತ್ತಿದ್ದೇವೆ ?,,10:40,public,9/24/2022,,47.935058874495425,64560,899,28,0,0,-,0
nWycx-8ZaqY,ನಾವು ಈ ಜಗತ್ತಿನಲ್ಲಿ ಹೇಗೆ ಬದುಕಿರಬೇಕು ?,,01:00,public,9/24/2022,,49.34672027089605,89457,5.7K,28,0,0,-,0
eRD1EcYhlgo,ದೇವರಲ್ಲಿ ನಾವೇನು ಬೇಡಿಕೊಳ್ಳಬೇಕು ?,,01:00,public,9/23/2022,,46.47790678870632,46105,2.4K,18,0,0,-,0
bf_WIgK_Mww,ಕೊಡೋದಿದ್ದರೆ  ಇನ್ನೊಬ್ಬರಿಗೆ ಎಂತಹ ವಸ್ತು ಕೊಡಬೇಕು ?,,07:28,public,9/21/2022,,44.763570270613634,31026,446,22,0,0,-,0
5POMz2pgOvg,ನಿಸರ್ಗ ನಮಗೇನು ಕೊಟ್ಟಿದೆ?,,01:00,public,9/21/2022,,43.34318696218607,22346,1.4K,13,0,0,-,0
xNkD8FTwkLI,ಯಾವುದು ಸುಂದರ ಜೀವನ?,,00:41,public,9/20/2022,,45.66000111571323,38166,2K,17,0,0,-,0
rIjsLwDfXJU,ಸಮೃದ್ಧ ಜೀವನಕ್ಕಾಗಿ ನಾವೇನು ಮಾಡಬೇಕು ?,,09:11,public,9/19/2022,,44.219658198248155,27362,448,15,0,0,-,0
q29Fj2FKYgw,ದೂರದೃಷ್ಟಿ ಏಕಿರಬೇಕು?,,00:57,public,9/18/2022,,43.13041109434241,21274,1.4K,4,0,0,-,0
NXqljkQQZgQ,ಹೊಯ್ದಾಡುವ ಪ್ರಪಂಚದಲ್ಲಿ ನಾವು ಬದುಕುವ ಕಲೆ  ಹೇಗಿರಬೇಕು?,,06:34,public,9/17/2022,,47.186153143618206,54302,751,32,0,0,-,0
ekVu6Ef99RE,ಎಲ್ಲವೂ ಇರುವುದು ಯಾವುದಕ್ಕಾಗಿ?,,00:53,public,9/17/2022,,43.43289539235157,22814,1.5K,8,0,0,-,0
6C1F0oMLCyM,ಮನುಷ್ಯನು ಯಾವಾಗ ಬದಲಾಗುತ್ತಾನೆ ?,,01:00,public,9/15/2022,,43.90511361354976,25444,1.5K,13,0,0,-,0
HhsQHzUNyXE,ನಾವೆಲ್ಲರೂ ಹೇಗೆ ದುಡಿಯಬೇಕು?,,12:23,public,9/14/2022,,50.31017192731996,111761,1.3K,31,0,0,-,0
6m5Lr4c0xPg,ನಮ್ಮ ಪ್ರಶಸ್ತಿಗಳು ಎಲ್ಲಿರಬೇಕು ?,,00:58,public,9/14/2022,,47.71757113630711,61396,2.4K,26,0,0,-,0
XwzJtK_oYCw,ನಮಗೆ ಎಂತಹ ಸಂಘ ಬೇಕು.,,00:54,public,9/13/2022,,41.41874255559489,14325,1.1K,13,0,0,-,3
L7ThAeWylEk,ಹಾಗಾದರೆ ನಾನು ಯಾರು ?,,14:22,public,9/12/2022,,44.71023348371565,30646,570,20,0,0,-,0
SgQ1XFQyCSQ,ಯಾವುದರಿಂದ ಪ್ರೇಮ ಹೆಚ್ಚುತ್ತದೆ.,,00:58,public,9/12/2022,,42.04022974948893,16537,1.2K,12,0,0,-,0
SODvSf5WAmk,ಏನಾದರೂ ಸಾಧಿಸಬೇಕಾದರೆ ನಮ್ಮ ಇಚ್ಛೆ ಹೇಗಿರಬೇಕು?,,10:08,public,9/11/2022,,47.385379435694674,56860,929,32,0,0,-,1
oDWcV1uoYho,ಎಲ್ಲವೂ ಒಳ್ಳೆಯದು ಎಂದು ಭಾವಿಸು.,,00:59,public,9/11/2022,,42.38615806229115,17913,1.3K,6,0,0,-,0
nKKC9P2-sqw,ನಮ್ಮ ಮಾತುಗಳು ಹೇಗಿರಬೇಕು.,,00:46,public,9/9/2022,,46.59195053925004,47336,2.6K,15,0,0,-,3
jdnfNInHw8Y,ನಮ್ಮ ನಿರ್ಧಾರ ಹೇಗಿರಬೇಕು?,,01:00,public,9/8/2022,,40.352473871689725,11197,787,6,0,0,-,0
NPj35VmQ0IU,ನಮ್ಮ ಹತ್ತಿರ ಏನಿದ್ದರೆ ಮಾತ್ರ ಬದುಕು ಸುಂದರವಾಗುತ್ತದೆ?,,16:44,public,9/7/2022,,61.17725416106634,1376352,12K,250,0,0,-,0
sgowa-F-2HI,ಎಲ್ಲವೂ ಹೀಗೆ ಇರುವುದು.,,00:59,public,9/7/2022,,41.05293093337305,13164,1K,5,0,0,-,3
6AgtUQ5c7zM,ನೋಡಿ ನಮ್ಮೆಲ್ಲರ ಮನಸ್ಸು ಹೇಗಾಗಿದೆ?,BOOKS ARE  AVAILABLE IN ONLINE (AMEZON & WEBSITE) LINKS ARE  GIVEN BELOW WEBSITE  - https://www.jnanayogashrama.org AMEZON - https://amzn.eu/d/cJtQoa3,15:13,public,9/5/2022,,46.585453903878175,47265,758,30,2,18,-,0
O9TaNyXxbZE,ಜೀವನ ಎಂದರೆ ಏನು?,,00:44,public,9/5/2022,,42.212878430782695,17210,1.3K,11,0,0,-,0
9tAR3TnxyYY,ನಾವು ಹಣಕ್ಕಿಂತ ಹೆಚ್ಚು ಏನನ್ನು ಪ್ರೀತಿಸಬೇಕು?,BOOKS ARE  AVAILABLE IN ONLINE (AMEZON & WEBSITE) LINKS ARE  GIVEN BELOW WEBSITE  - https://www.jnanayogashrama.org AMEZON - https://amzn.eu/d/cJtQoa3,13:31,public,9/3/2022,,62.04456202606644,1681737,17K,356,2,18,-,0
m1XDzNioq2A,ತಪಸ್ವಿ ಜೀವನ ಸಾಗಿಸುವುದು ಹೇಗೆ ?,,01:00,public,9/1/2022,,42.416495231751675,18039,1.2K,7,0,0,-,0
iWKtMUwtxxY,ಮನುಷ್ಯನೇ ಏಕೆ ಚಿಂತೆ ಮಾಡುವೆ ?,BOOKS ARE  AVAILABLE IN ONLINE (AMEZON & WEBSITE) LINKS ARE  GIVEN BELOW WEBSITE  - https://www.jnanayogashrama.org AMEZON - https://amzn.eu/d/cJtQoa3,15:08,public,8/31/2022,,52.98631518138872,207407,2.6K,90,2,18,-,0
R-FGx_PErXE,ನಮ್ಮ ಮನೆಯಲ್ಲಿ ನಾವೇನು ಸಂಗ್ರಹಿಸಬೇಕು.,,01:00,public,8/30/2022,,41.42447931860512,14344,1.1K,6,0,0,-,0
YmtHKCSGKp4,ನಮ್ಮ ಮನೆಯೊಳಗೆ ಆನಂದವಾಗಿರಬೇಕಾದರೆ ಇವೆರಡು ಇರಲೆಬೇಕು.,BOOKS ARE  AVAILABLE IN ONLINE (AMEZON & WEBSITE) LINKS ARE  GIVEN BELOW WEBSITE  - https://www.jnanayogashrama.org AMEZON - https://amzn.eu/d/cJtQoa3,16:27,public,8/29/2022,,60.42819844269259,1157622,11K,272,2,18,-,0
7AQEUjGB2ec,ಮನುಷ್ಯನೇ ಇದನ್ನಾದರೂ ಕೇಳಿ ಜಾಣನಾಗು?,BOOKS ARE  AVAILABLE IN ONLINE (AMEZON & WEBSITE) LINKS ARE  GIVEN BELOW WEBSITE  - https://www.jnanayogashrama.org AMEZON - https://amzn.eu/d/cJtQoa3,12:38,public,8/26/2022,,52.48735432865701,184823,1.9K,70,2,18,-,0
7oWetGUxC_g,ಜೀವನವೆಂಬ ತೋಟವನ್ನು ಹೇಗೆ ಬೆಳೆಸಬೇಕು?,BOOKS ARE  AVAILABLE IN ONLINE (AMEZON & WEBSITE) LINKS ARE  GIVEN BELOW WEBSITE  - https://www.jnanayogashrama.org AMEZON - https://amzn.eu/d/cJtQoa3,14:49,public,8/24/2022,,46.04255269160006,41693,688,26,2,18,-,1
TCjWhXRlU08,LIVE-ಪೂಜ್ಯ ಶ್ರೀ ಸಿದ್ದೇಶ್ವರ ಸ್ವಾಮೀಜಿಯವರ ಆಧ್ಯಾತ್ಮಿಕ ಪ್ರವಚನ (23-08-2022),ಸ್ಥಳ :-  ಜ್ಞಾನಯೋಗಾಶ್ರಮ ವಿಜಯಪುರ,56:04,public,8/23/2022,,47.2500795201596,55110,935,53,0,4,-,1
bhkslEdTj5Q,LIVE-ಜ್ಞಾನಯೋಗಾಶ್ರಮ ವಿಜಯಪುರದಲ್ಲಿ ಶ್ರಾವಣ ಮಾಸದ ಕೊನೆಯ ಸೋಮವಾರದ ನಿಮಿತ್ಯ ವಿಶೇಷ ಕಾರ್ಯಕ್ರಮ.,ಸ್ಥಳ :-  ಜ್ಞಾನಯೋಗಾಶ್ರಮ ವಿಜಯಪುರ,01:13:25,public,8/22/2022,,44.186471947767046,27153,457,22,0,4,-,0
G6wj9LUAx4k,LIVE - ಪೂಜ್ಯ ಶ್ರೀ ಸಿದ್ಧೇಶ್ವರ ಸ್ವಾಮೀಜಿಯವರ ಆಧ್ಯಾತ್ಮಿಕ  ಪ್ರವಚನ (21-08-2022),ಸ್ಥಳ :-  ಜ್ಞಾನಯೋಗಾಶ್ರಮ ವಿಜಯಪುರ,37:23,public,8/21/2022,,46.12501644595985,42495,774,55,0,4,-,0
2x3GlGi7MF8,ನಮ್ಮ ಜೀವನವನ್ನು ಯಾವುದರಲ್ಲಿ ಮರೆತಿದ್ದೇವೆ?,,08:35,public,8/20/2022,,40.732640534180874,12225,236,6,0,0,-,1
ZDYP5oU3JEA,ಇರುವುದೆಲ್ಲವೂ ಚೆನ್ನಾಗಿದೆ.,,00:47,public,8/20/2022,,43.02226256058525,20749,1.7K,18,0,0,-,0
ZuJhmFqt4Q4,#ಪೂಜ್ಯ ಶ್ರೀ ಸಿದ್ಧೇಶ್ವರ ಸ್ವಾಮೀಜಿಯವರ ಆಧ್ಯಾತ್ಮಿಕ  ಪ್ರವಚನ (20-08-2022),ಸ್ಥಳ :-  ಜ್ಞಾನಯೋಗಾಶ್ರಮ ವಿಜಯಪುರ,36:50,public,8/20/2022,,46.92860890566577,51165,775,53,0,4,-,0
nEjMMxQ2OYM,# ಸೂರ್ಯನು ಹೇಗೆ ದೇವರು?‌‌       (ಇವತ್ತಿನ ಪ್ರವಚನದ ತಾತ್ಪರ್ಯ),,04:49,public,8/19/2022,,41.33915806543021,14064,313,12,0,0,-,0
q34RdFaY5RU,LIVE - ಪೂಜ್ಯ ಶ್ರೀ ಸಿದ್ಧೇಶ್ವರ ಸ್ವಾಮೀಜಿಯವರ ಆಧ್ಯಾತ್ಮಿಕ  ಪ್ರವಚನ (19-08-2022),ಸ್ಥಳ :-  ಜ್ಞಾನಯೋಗಾಶ್ರಮ ವಿಜಯಪುರ,51:32,public,8/19/2022,,46.53247790438866,46690,870,40,0,4,-,0
H-rU1WOd-gI,LIVE - ಪೂಜ್ಯ ಶ್ರೀ ಸಿದ್ಧೇಶ್ವರ ಸ್ವಾಮೀಜಿಯವರ ಆಧ್ಯಾತ್ಮಿಕ  ಪ್ರವಚನ (18-08-2022),ಸ್ಥಳ :-  ಜ್ಞಾನಯೋಗಾಶ್ರಮ ವಿಜಯಪುರ,44:55,public,8/18/2022,,46.74598478531123,49051,802,51,0,4,-,0
IHfKxWUkSGo,LIVE - ಪೂಜ್ಯ ಶ್ರೀ ಸಿದ್ಧೇಶ್ವರ ಸ್ವಾಮೀಜಿಯವರ ಆಧ್ಯಾತ್ಮಿಕ  ಪ್ರವಚನ  (17-08-2022),ಸ್ಥಳ :-  ಜ್ಞಾನಯೋಗಾಶ್ರಮ ವಿಜಯಪುರ,50:25,public,8/17/2022,,45.90127219217954,40354,787,59,0,4,-,0
aLkLj1VLwpQ,LIVE - ಪೂಜ್ಯ ಶ್ರೀ ಸಿದ್ಧೇಶ್ವರ ಸ್ವಾಮೀಜಿಯವರ ಆಧ್ಯಾತ್ಮಿಕ  ಪ್ರವಚನದ ಉದ್ಘಾಟನಾ ಕಾರ್ಯಕ್ರಮ. (16-08-2022),ಸ್ಥಳ :-  ಜ್ಞಾನಯೋಗಾಶ್ರಮ ವಿಜಯಪುರ,01:01:10,public,8/16/2022,,42.28000508395745,17479,314,19,0,4,-,0
aCWCOkj75fc,LIVE - ಜ್ಞಾನಯೋಗಾಶ್ರಮ ವಿಜಯಪುರದಲ್ಲಿ ಸ್ವಾತಂತ್ರ್ಯದ ಅಮೃತ ಮಹೋತ್ಸವ ಕಾರ್ಯಕ್ರಮ.,ಸ್ಥಳ :-  ಜ್ಞಾನಯೋಗಾಶ್ರಮ ವಿಜಯಪುರ,02:15:16,public,8/14/2022,,46.32766435925605,44532,821,40,0,4,-,0
iZVPbYgximU,ಮನುಷ್ಯನೇ ಜೀವನದಲ್ಲಿ ಈ 5 ಕೆಲಸಗಳನ್ನು  ಮಾಡಬೇಡ,,24:44,public,8/13/2022,,58.5645942948423,752604,7.7K,216,0,0,-,0
7prAQsj78Y0,ಜಗತ್ತಿನಲ್ಲಿ ಇರುವುದನೆಲ್ಲಾ ತಲೆಗೆ ಹಾಕಿಕೊಳ್ಳಬಾರದು ಏಕೆ?,,10:03,public,8/10/2022,,48.06228888874783,66486,1.2K,51,0,0,-,0
VrfR9KAnHF8,ನಾವು ಏನನ್ನು ತಿಳಿದುಕೊಂಡು ಬದುಕಬೇಕಾಗಿದೆ ?,BOOKS ARE  AVAILABLE IN ONLINE (AMEZON & WEBSITE) LINKS ARE  GIVEN BELOW WEBSITE  - https://www.jnanayogashrama.org AMAZON - https://amzn.eu/d/cJtQoa3,17:14,public,8/8/2022,,51.17464123003077,136469,1.6K,56,2,18,-,1
hEmYDxNSPIw,ನಾವು ಯಾವುದರ ಕಡೆ ಲಕ್ಷ್ಯ ಕೊಡುವುದನ್ನು ಮರೆತಿದ್ದೇವೆ?,BOOKS ARE  AVAILABLE IN ONLINE (AMEZON & WEBSITE) LINKS ARE  GIVEN BELOW WEBSITE  - https://www.jnanayogashrama.org AMEZON - https://amzn.eu/d/cJtQoa3,11:57,public,8/6/2022,,48.938010834581526,81396,945,34,2,18,-,0
LfHOYffNjV4,ಬರುತ್ತೆ ಅಂದರೇ ಬಿಡಲ್ಲ,,00:46,public,8/4/2022,,43.45578986090797,22935,1.3K,16,0,0,-,0
D97nHvvhkIU,ಯಾರಿಂದಲೂ ಅತಿಯಾದ ನಿರೀಕ್ಷೆ ಪಡಬಾರದು ಏಕೆ ?,,15:11,public,8/3/2022,,57.6696436768135,612018,6.7K,203,0,0,-,0
_Nomk-c4Xlc,ನಾವೆಲ್ಲರೂ ಎಂತಹ ಪೂಜೆ ಮಾಡಬೇಕು?,BOOKS ARE  SALE ON ONLINE (AMAZON & WEBSITE) LINKS ARE  GIVEN BELOW WEBSITE  - https://www.jnanayogashrama.org AMAZON - https://amzn.eu/d/cJtQoa3,18:43,public,8/1/2022,,53.51393686833571,234297,2.6K,87,2,18,-,1
ucSu1H1E9Is,ಇದೇ ಭಾರತ ದೇಶದ ಸಂಪತ್ತು!,,00:42,public,8/1/2022,,44.20650941467993,27279,1.5K,10,0,0,-,3
tn8Ggw8eXJk,ಗುರುಪೂರ್ಣಿಮಾ  2022 ಪೂಜ್ಯ ಶ್ರೀ ಸಿದ್ಧೇಶ್ವರ ಸ್ವಾಮೀಜಿಯವರಿಂದ ಅಭಿನಂದನಾ ಆಶೀರ್ವಚನ.,,43:49,public,7/31/2022,,50.85846257670029,126855,1.5K,79,0,0,-,0
3oie-iH0FJQ,ನಾವು ಮಾಡುವ ಕೆಲಸದಲ್ಲಿ  ಉತ್ಸಾಹ ಹೇಗಿರಬೇಕು?,BOOKS ARE  SALE ON ONLINE (AMAZON & WEBSITE) LINKS ARE  GIVEN BELOW WEBSITE  - https://www.jnanayogashrama.org AMAZON - https://amzn.eu/d/cJtQoa3,12:51,public,7/30/2022,,44.10294448213875,26634,545,19,2,18,-,0
YG1bAh-a-y4,Live-ಜ್ಞಾನಯೋಗಾಶ್ರಮ ವಿಜಯಪುರದಲ್ಲಿ ಸ್ವಾತಂತ್ರ್ಯೋತ್ಸವದ ಅಮೃತ ಮಹೋತ್ಸವ ಕಾರ್ಯಕ್ರಮ .,"ವಿಶೇಷ ಉಪನ್ಯಾಸ :   # ಶ್ರೀಯುತ  ಶಂಕರ ಬಿದರಿ   ನಿವೃತ್ತ ಪೊಲೀಸ್ ಮಹಾ ನಿರ್ದೇಶಕರು, ಕರ್ನಾಟಕ ಸರ್ಕಾರ.  ಸ್ಥಳ : ಜ್ಞಾನಯೋಗಾಶ್ರಮ ವಿಜಯಪುರ.",01:42:03,public,7/30/2022,,42.388090566703525,17921,439,14,0,17,-,2
yeFC5ZKpGs4,Live-ಜ್ಞಾನಯೋಗಾಶ್ರಮ ವಿಜಯಪುರದಲ್ಲಿ ಶ್ರಾವಣ ಮಾಸದ ನಿಮಿತ್ಯವಾಗಿ ಪ್ರವಚನದ ಉದ್ಘಾಟನಾ ಸಮಾರಂಭ.,ಸ್ಥಳ : ಜ್ಞಾನಯೋಗಾಶ್ರಮ ವಿಜಯಪುರ  #ಶರಣೆ ಪೂಜ್ಯ ಶ್ರೀ ಯೋಗೇಶ್ವರಿ ತಾಯಿ ಮಾತೋಶ್ರೀ  ಆರೂಢಾಶ್ರಮ ಬುರಣಾಪೂರ.,36:38,public,7/29/2022,,45.421291160130565,36118,495,17,0,12,-,0
wkeQ_ZzwreQ,Live-ಜ್ಞಾನಯೋಗಾಶ್ರಮ ವಿಜಯಪುರದಲ್ಲಿ ಶ್ರಾವಣ ಮಾಸದ ನಿಮಿತ್ಯವಾಗಿ ಪ್ರವಚನದ ಉದ್ಘಾಟನಾ ಸಮಾರಂಭ.,ಸ್ಥಳ : ಜ್ಞಾನಯೋಗಾಶ್ರಮ ವಿಜಯಪುರ,25:48,public,7/29/2022,,40.2122314087237,10840,166,6,0,4,-,0
0xk7B2CnkOA,ಸವಿಯೆಂಬುದು ಸ್ವಂತದರಲ್ಲಿ ಹೇಗೆ ಇರುವುದು?,BOOKS ARE  SALE IN ONLINE (AMEZON & WEBSITE) LINKS ARE  GIVEN BELOW WEBSITE  - https://www.jnanayogashrama.org AMEZON - https://amzn.eu/d/cJtQoa3,16:22,public,7/27/2022,,45.54753223543982,37187,611,22,2,18,-,0
b9m7yrl_XkI,ನಾವೆಲ್ಲರೂ ಎಂತಹ ಕುದುರೆಯ ರಥದಲ್ಲಿ ಕುಳಿತಿದ್ದೇವೆ?,BOOKS ARE  SALE IN ONLINE (AMEZON & WEBSITE) LINKS ARE  GIVEN BELOW WEBSITE  - https://www.jnanayogashrama.org AMEZON - https://amzn.eu/d/cJtQoa3,10:47,public,7/24/2022,,44.44029148065343,28793,558,27,2,18,-,0
CNXCFQK1M80,ಬೇರೆಯವರನ್ನು ನೋಡಿ ನಾವೇನು ಮಾಡಬಾರದು ಏಕೆ ?,BOOKS ARE  SALE IN ONLINE (AMEZON & WEBSITE) LINKS ARE  GIVEN BELOW WEBSITE  - https://www.jnanayogashrama.org AMEZON - https://amzn.eu/d/cJtQoa3,14:21,public,7/20/2022,,51.151969309751934,135756,1.7K,42,2,18,-,0
AhEnHXSSByE,ನಮ್ಮ ಜೀವನ ನಾವೇ ಕಟ್ಕೊಬೇಕು.,BOOKS ARE  SALE IN ONLINE (AMEZON & WEBSITE) LINKS ARE  GIVEN BELOW WEBSITE  - https://www.jnanayogashrama.org AMEZON - https://amzn.eu/d/cJtQoa3,00:41,public,7/19/2022,,41.89897558166483,16006,881,6,2,18,-,0
ydBVL0lHvhc,ವಿಜಯಪುರದ ಜ್ಞಾನಯೋಗಾಶ್ರಮದಲ್ಲಿ ಚಾಣಕ್ಯ ಕರಿಯರ್ ಅಕಾಡೆಮಿ ಕಾರ್ಯಕ್ರಮ-2022.,BOOKS ARE  SALE IN ONLINE (AMEZON & WEBSITE) LINKS ARE  GIVEN BELOW WEBSITE  - https://www.jnanayogashrama.org AMEZON - https://amzn.eu/d/cJtQoa3,56:28,public,7/17/2022,,45.32655335112046,35336,857,52,2,18,-,0
HE8ufQmOR_Y,ಮನುಷ್ಯನು ಎಂತಹವರ ಸಂಗ ಮಾಡಬೇಕಾಗಿದೆ?,BOOKS ARE  SALE IN ONLINE (AMAZON & WEBSITE) LINKS ARE  GIVEN BELOW WEBSITE  - https://www.jnanayogashrama.org AMAZON - https://amzn.eu/d/cJtQoa3,17:03,public,7/16/2022,,53.22787568378881,219312,2.6K,61,2,18,-,0
4UujBZFuo3Y,ನೀ ಇದ್ದಂಗ ಇರು‌.,,00:43,public,7/16/2022,,49.54391103413197,93627,4.4K,31,0,0,-,0
SUvmFfaFkng,ಎಲ್ಲದಕ್ಕೂ ಪರಿಹಾರ ಪ್ರವಚನ,,00:35,public,7/15/2022,,50.50774410423098,116981,Like,31,0,0,-,0
2ystrHcK0bI,Live-ಗುರುಪೂರ್ಣಿಮೆ ಮಹೋತ್ಸವ-2022,ಸ್ಥಳ : ಜ್ಞಾನಯೋಗಾಶ್ರಮ ವಿಜಯಪುರ,33:04,public,7/13/2022,,41.58093316475845,14872,286,22,0,4,-,0
z2xpp0tsJqs,Live-ಗುರುಪೂರ್ಣಿಮೆ ಮಹೋತ್ಸವ-2022,ಸ್ಥಳ : ಜ್ಞಾನಯೋಗಾಶ್ರಮ ವಿಜಯಪುರ,01:51:56,public,7/13/2022,,39.69546353597221,9620,195,6,0,4,-,0
0QWtETZzZbM,Live-ಗುರುಪೂರ್ಣಿಮೆಯ ನಿಮಿತ್ಯವಾಗಿ ಗುರುಸ್ಮರಣೋತ್ಸವ,ಜ್ಞಾನಯೋಗಾಶ್ರಮ ವಿಜಯಪುರದಲ್ಲಿ ದಿನಾಂಕ 12-07-2022 ರಿಂದ ವೇದಾಂತ ಕೇಸರಿ ಶ್ರೀ ಮಲ್ಲಿಕಾರ್ಜುನ ಶಿವಯೋಗಿಗಳವರ ಪ್ರವಚನದ ಧ್ವನಿಸುರುಳಿ ಪ್ರಸಾರ,02:30:42,public,7/12/2022,,40.6377893072564,11960,243,16,0,13,-,0
9UconbuvTEQ,Live-ಗುರುಪೂರ್ಣಿಮೆಯ ನಿಮಿತ್ಯವಾಗಿ ಗುರುಸ್ಮರಣೋತ್ಸವ,ಜ್ಞಾನಯೋಗಾಶ್ರಮ ವಿಜಯಪುರದಲ್ಲಿ ದಿನಾಂಕ 12-07-2022 ರಿಂದ ವೇದಾಂತ ಕೇಸರಿ ಶ್ರೀ ಮಲ್ಲಿಕಾರ್ಜುನ ಶಿವಯೋಗಿಗಳವರ ಪ್ರವಚನದ ಧ್ವನಿಸುರುಳಿ ಪ್ರಸಾರ.,01:17:24,public,7/12/2022,,36.222424388257515,4312,112,9,0,13,-,0
1ZlyqnHswWc,ನಾವು ಮಾಡುವ ಕೆಲಸ ಹೇಗಿರಬೇಕು?,,17:23,public,7/11/2022,,54.42235453675504,289015,2.6K,60,0,0,-,0
R-glnTctAck,Live-ಗುರುಪೂರ್ಣಿಮೆಯ ನಿಮಿತ್ಯವಾಗಿ ಗುರುಸ್ಮರಣೋತ್ಸವ,ಜ್ಞಾನಯೋಗಾಶ್ರಮ ವಿಜಯಪುರದಲ್ಲಿ ದಿನಾಂಕ 12-07-2022 ರಿಂದ ವೇದಾಂತ ಕೇಸರಿ ಶ್ರೀ ಮಲ್ಲಿಕಾರ್ಜುನ ಶಿವಯೋಗಿಗಳವರ ಪ್ರವಚನದ ಧ್ವನಿಸುರುಳಿ ಪ್ರಸಾರ,01:20:07,public,7/11/2022,,37.056958064540524,5229,59,2,0,13,-,0
9OQ3rhkxFQk,Live-ಗುರುಪೂರ್ಣಿಮೆಯ ನಿಮಿತ್ಯವಾಗಿ ಗುರುಸ್ಮರಣೋತ್ಸವ,ಜ್ಞಾನಯೋಗಾಶ್ರಮ ವಿಜಯಪುರದಲ್ಲಿ ದಿನಾಂಕ 12-07-2022 ರಿಂದ ವೇದಾಂತ ಕೇಸರಿ ಶ್ರೀ ಮಲ್ಲಿಕಾರ್ಜುನ ಶಿವಯೋಗಿಗಳವರ ಪ್ರವಚನದ ಧ್ವನಿಸುರುಳಿ ಪ್ರಸಾರ.,01:07:50,public,7/11/2022,,35.058188249686246,3295,83,5,0,13,-,0
OiAAyjZtc0U,Live-ಗುರುಪೂರ್ಣಿಮೆಯ ನಿಮಿತ್ಯವಾಗಿ ಗುರುಸ್ಮರಣೋತ್ಸವ,ಜ್ಞಾನಯೋಗಾಶ್ರಮ ವಿಜಯಪುರದಲ್ಲಿ ದಿನಾಂಕ 12-07-2022 ರಿಂದ ವೇದಾಂತ ಕೇಸರಿ ಶ್ರೀ ಮಲ್ಲಿಕಾರ್ಜುನ ಶಿವಯೋಗಿಗಳವರ ಪ್ರವಚನದ ಧ್ವನಿಸುರುಳಿ ಪ್ರಸಾರ.,01:23:37,public,7/10/2022,,37.806008590612336,6217,152,4,0,13,-,0
omcJkg-Lz9E,ಬೇರೆಯವರನ್ನು  ನೋಡಿ ಏನನ್ನು ಕಲಿಯಬೇಕು?,,16:01,public,7/9/2022,,54.21160509236147,275279,3K,89,0,0,-,0
iuK7cyp0qog,ಎಂತಹವರಿಂದ ಜಗತ್ತು ಭಾರತದ ಕಡೆಗೆ  ನೋಡುತ್ತಿದೆ ?,,06:46,public,7/6/2022,,41.92189910071261,16091,374,17,0,0,-,0
4BaYMrZUVe8,ನಮ್ಮ ಕುಟುಂಬವನನ್ನು ಸ್ವರ್ಗ ಮಾಡುವುದು ಹೇಗೆ?,,05:35,public,7/4/2022,,45.463149060827504,36469,589,26,0,0,-,0
OBpRYtRKlkI,Live-Sri Siddheshwar Swamiji's English Pravachan (04-07-2022),Place : Jnanayogashrama Vijayapur,27:03,public,7/4/2022,,38.73024159589906,7697,142,11,0,4,-,1
wrf9lMx4A_c,Live-Special Program,Place : Jnanayogashrama Vijayapur,01:02:19,public,7/3/2022,,44.42236665890287,28674,488,38,0,4,-,1
Z_ZqsAcvy0s,ನಾವು ಇಲ್ಲಿರೋದು ಯಾವುದಕ್ಕಾಗಿ?,,09:51,public,7/2/2022,,45.07269200675146,33323,589,19,0,0,-,1
UqtWncZid4o,ಮನುಷ್ಯನೇ ಏಕೆ ದ್ವೇಷ ಮಾಡುವೆ?,,13:20,public,6/29/2022,,49.523105231692284,93178,1.4K,64,0,0,-,1
hYXu4I4L6N4,ನಾವು ಮಾತನಾಡುವ ಮಾತು ಹೇಗಿರಬೇಕು?,,12:27,public,6/27/2022,,59.32190458835683,896515,9.8K,262,0,0,-,0
jBT4d7RgU1U,ಜಗತ್ತು ಯಾರ ಮೇಲೆ ನಿಂತಿದೆ?,,10:39,public,6/25/2022,,47.39526351668686,56990,895,40,0,0,-,1
c0OPjHEwxOQ,ನಮ್ಮ ಮನಸ್ಸು ಯಾವುದಕ್ಕೆ ಸೋಲುತ್ತಿದೆ?,,16:12,public,6/23/2022,,48.767464705422675,78251,1.2K,43,0,0,-,0
fT9azTGFwVo,ನೀತಿಯಲ್ಲಿ ಎಂತಹ ಪ್ರಕಾರಗಳು,,13:34,public,6/21/2022,,42.815045600229006,19779,405,15,0,0,-,0
5OW_-mQfL70,Inauguration of KSS Sanskrit Pathashala & Hostel Building and Book Release,Hon'ble Sri Narendra Modi ji Prime Minister of India,01:33:20,public,6/20/2022,,55.077588583982816,336255,3.1K,87,0,9,-,0
HSLK3eWagwY,ನಾನೇಕೆ ಬಡವನು?,,15:49,public,6/19/2022,,55.03118372503859,332669,3.4K,88,0,0,-,0
cWtIyHNXGSQ,ಯಾವುದು ಧರ್ಮ?,,13:20,public,6/15/2022,,51.03744806697701,132211,1.4K,45,0,0,-,1
NKSvrSU7o2s,ಕಾರ ಹುಣ್ಣಿಮೆಯ ಮಹತ್ವ,"# ಪೂಜ್ಯ ಶ್ರೀ ಅದೃಶ್ಯ ಕಾಢಸಿದ್ಧೇಶ್ವರ ಸ್ವಾಮಿಗಳು, ಸಿದ್ಧಗಿರಿ ಮಠ, ಕಣ್ಣೇರಿ",05:48,public,6/14/2022,,50.23985785920094,109960,1.5K,49,0,9,-,1
4lttinJBoLg,ಸಮೃದ್ಧ ಜೀವನಕ್ಕಾಗಿ ೩ ಸಂಗತಿಗಳು,,09:36,public,6/13/2022,,44.754353553095314,30960,498,21,0,0,-,1
EXGYMBs6QBg,Live-Sri Siddheshwar Swamiji's English Pravachan (12-06-2022),Place : Jnanayogashrama Vijayapur,40:43,public,6/12/2022,,44.41496421827709,28625,556,44,0,4,-,2
ahGsismc254,ಮನುಷ್ಯನಿಗೆ ಶ್ರದ್ಧೆ ಎಂಬುದು ಎಷ್ಟು ಮುಖ್ಯ,,12:32,public,6/11/2022,,49.59327611860442,94701,1.3K,45,0,0,-,1
CoVdugzMooc,ನಮ್ಮ ಮನಸ್ಸು ಏನೆಲ್ಲಾ ಮಾಡಿಸುತ್ತದೆ?,,15:06,public,6/8/2022,,50.31497132109589,111885,1.5K,42,0,0,-,1
BeHEgo19BO4,ತೃಪ್ತಿ ಎಂಬುದು ಎಲ್ಲಿದೆ?,,12:03,public,6/6/2022,,55.289519592743346,353130,4.2K,109,0,0,-,1
gmE5tEOKISU,ದಾನದಲ್ಲಿಯೂ ಕೂಡಾ ಎಂತಹ ನೀತಿ ಇರುವುದು,,08:16,public,6/4/2022,,45.398944855588056,35932,595,26,0,0,-,0
3K2AK0Ts8WI,ನಮ್ಮ ಜೀವನವು ಎಂತಹ ಆಟವಾಗಿದೆ?,,12:53,public,6/1/2022,,45.70636000167033,38577,645,32,0,0,-,1
Xe0p6AdT13k,ಮನುಷ್ಯನ ಆತ್ಮ ವಿಶ್ವಾಸ ಹೇಗಿರಬೇಕು?,,15:09,public,5/30/2022,,52.18662750888652,172417,2.6K,82,0,0,-,1
_ZmYd4D0EFU,ಎಲ್ಲಿಯತನಕ ಮನುಷ್ಯನಿಗೆ ಸಂತೋಷ ಸಿಗುವುದಿಲ್ಲ?,,14:38,public,5/28/2022,,53.75650238355378,247803,2.6K,55,0,0,-,1
svj6HYs17KE,ನಮ್ಮ ಜಗತ್ತನ್ನು ನಾವು ಹೇಗೆ ನೋಡಬೇಕಾಗಿದೆ?,,06:14,public,5/25/2022,,39.939499427931594,10178,205,14,0,0,-,2
e5b_i-tKLmw,ನಾವೆಲ್ಲರು ಹೇಗೆ ಬದುಕಬೇಕಾಗಿದೆ?,,20:40,public,5/23/2022,,57.159216247318625,543934,5.6K,144,0,0,-,1
MnVx5sHcMeM,ಭಗವಂತನು ಯಾವ ರೂಪದಲ್ಲಿ ಕಾಣುತ್ತಾನೆ?,,09:58,public,5/19/2022,,53.84296217532038,252803,2.5K,65,0,0,-,1
U1gGYqulHF4,ನಮ್ಮ ಜೀವನವನ್ನು ಇನ್ನೊಬ್ಬರಿಗೆ ಹೋಲಿಸಿದರೆ ಏನಾಗುತ್ತದೆ ?,,09:31,public,5/16/2022,,49.116962864601774,84832,1.2K,36,0,0,-,1
ReEjLLZbjgU,ನಮ್ಮ ಮನೆಯೆಂಬುದು ಹೇಗಿರಬೇಕು?,,12:21,public,5/14/2022,,54.0476660569182,265047,2.7K,50,0,0,-,0
aXQf73Cr_jo,ನಮ್ಮ  ಆನಂದಕ್ಕಾಗಿ ನಾವೇನು ಮಾಡಬೇಕು?,,09:19,public,5/11/2022,,48.79964597373045,78835,1.1K,38,0,0,-,0
WxlEu49cuhk,ಮನುಷ್ಯ ನಿಶ್ಚಿಂತನಾಗುವುದು ಯಾವಾಗ?,,13:56,public,5/9/2022,,52.67761586462015,193129,2.1K,66,0,0,-,1
PMexH_uZuc4,Live-Sri Siddheshwar Swamiji's English Pravachan (08-05-2022),Place : Jnanayogashrama Vijayapur,56:05,public,5/8/2022,,41.22471695855543,13697,261,48,0,4,-,2
VdhmNSb1qm0,ಮಾರ್ಗಗಳಲ್ಲಿ ವಿಶೇಷವಾದ ಮಾರ್ಗ ಯಾವುದು?,,13:33,public,5/7/2022,,48.413194945550224,72101,962,36,0,0,-,0
Bhvq4yXwL7E,"Live-ಜ್ಞಾನಯೋಗಾಶ್ರಮ ವಿಜಯಪುರದಲ್ಲಿ ""ನೂರರ ಅಂಗಳದಲ್ಲಿಯ ಹಿರಿಯರು"" ಎಂಬ ಗ್ರಂಥ ಬಿಡುಗಡೆ ಕಾರ್ಯಕ್ರಮ",ಸ್ಥಳ : ಜ್ಞಾನಯೋಗಾಶ್ರಮ ವಿಜಯಪುರ.,01:59:39,public,5/6/2022,,39.87998384086907,10039,216,14,0,4,-,0
O4sH9I6PQ7M,Live-ಜ್ಞಾನಯೋಗಾಶ್ರಮ ವಿಜಯಪುರದಲ್ಲಿ ಬಸವ ಜಯಂತಿ ಅಂಗವಾಗಿ ವಿಶೇಷ ಕಾರ್ಯಕ್ರಮ,ಸ್ಥಳ : ಜ್ಞಾನಯೋಗಾಶ್ರಮ ವಿಜಯಪುರ.,02:03:02,public,5/5/2022,,45.66408164881498,38202,646,29,0,4,-,1
DI-PBdyOW-4,"ದೇವರು ಎಲ್ಲಿದ್ದಾನೆ, ಹೇಗಿದ್ದಾನೆ ಮತ್ತು ಏನು ಮಾಡುತ್ತಿದ್ದಾನೆ ?",,08:18,public,5/4/2022,,51.525040290781135,147977,2K,47,0,0,-,1
GNsXnbXKUtI,Live-ಪರಮ ಪೂಜ್ಯ ಶ್ರೀ ಸಿದ್ಧೇಶ್ವರ ಸ್ವಾಮೀಜಿಯವರ ಆಧ್ಯಾತ್ಮಿಕ ಪ್ರವಚನ (04-05-2022),ಸ್ಥಳ : ಜ್ಞಾನಯೋಗಾಶ್ರಮ ವಿಜಯಪುರ.,59:18,public,5/4/2022,,43.55983000012497,23493,406,31,0,4,-,1
DuYSOwxMbPw,Live-Sri Siddheshwar Swamiji's English Pravachan (01-05-2022),Place : Jnanayogashrama Vijayapur,58:02,public,5/1/2022,,40.304666419591186,11074,208,14,0,4,-,2
IBL_bIVV9pE,ನಮ್ಮ ಬದುಕೆಲ್ಲಾ ಹೇಗಾಗಿದೆ?,,10:56,public,4/30/2022,,43.70671846350625,24304,405,24,0,0,-,1
hf862thcvdc,108 Shiva Namananjali - Shivanamavali with lyrics in Sanskrit.  108 शिव नमनाञ्जलि,,11:43,public,4/29/2022,,45.15069386767202,33929,226,15,0,0,-,0
i8fc_gOFSgA,ಕುಳಿತಲ್ಲೇ ಶ್ರೀಮಂತವಾಗುವುದು ಹೇಗೆ?,,09:18,public,4/27/2022,,49.470672407278656,92056,1.1K,38,0,0,-,1
uMDlNRelWSs,Live-ಪರಮ ಪೂಜ್ಯ ಶ್ರೀ ಸಿದ್ಧೇಶ್ವರ ಸ್ವಾಮೀಜಿಯವರ ಆಧ್ಯಾತ್ಮಿಕ ಪ್ರವಚನ (27-04-2022),ಸ್ಥಳ : ಜ್ಞಾನಯೋಗಾಶ್ರಮ ವಿಜಯಪುರ.,01:06:51,public,4/27/2022,,42.19700570217791,17147,435,21,0,4,-,2
HW5twBKfHFc,ಪರಮಾತ್ಮನು ಎಲ್ಲಿ ನೆಲೆಸಿದ್ದಾನೆ?,,15:21,public,4/25/2022,,50.87351668253362,127297,1.3K,51,0,0,-,0
AmyfakA1CgQ,Live-Sri Siddheshwar Swamiji's English Pravachan (24-4-2022),Place : Jnanayogashrama Vijayapur.,56:51,public,4/24/2022,,39.13369464843788,8449,177,18,0,4,-,2
_J_WhQKX7rI,ಪರಮ ಭಕ್ತನ 2 ಲಕ್ಷಣಗಳು,,15:02,public,4/23/2022,,50.951886611355356,129623,1.6K,67,0,0,-,0
KagwHkb4-qA,Live-ಜ್ಞಾನಯೋಗಾಶ್ರಮ ವಿಜಯಪುರದಲ್ಲಿ ವಿಶ್ವ ಪುಸ್ತಕ ದಿನದ ಅಂಗವಾಗಿ ವಿಶೇಷ ಕಾರ್ಯಕ್ರಮ,ಸ್ಥಳ : ಜ್ಞಾನಯೋಗಾಶ್ರಮ ವಿಜಯಪುರ.,49:48,public,4/23/2022,,35.059501581549654,3296,73,3,0,4,-,0
nRPaD7eRmsM,ಇರುವುದರಲ್ಲಿಯೇ ಸ್ವರ್ಗ ಕಾಣುವುದು ಹೇಗೆ?,,12:09,public,4/21/2022,,44.543814605847295,29490,547,25,0,0,-,1
c-hSl2C0bas,Live-ಪರಮ ಪೂಜ್ಯ ಶ್ರೀ ಸಿದ್ಧೇಶ್ವರ ಸ್ವಾಮೀಜಿಯವರ ಆಧ್ಯಾತ್ಮಿಕ ಪ್ರವಚನ (20-4-2022),ಸ್ಥಳ : ಜ್ಞಾನಯೋಗಾಶ್ರಮ ವಿಜಯಪುರ.,48:00,public,4/20/2022,,42.57271482103957,18702,424,39,0,4,-,2
syi67VHTxVo,ನಮ್ಮ ಬದುಕಿನ ನಿಯಮ ಹೇಗಿರಬೇಕು?,,12:34,public,4/18/2022,,54.17432407055101,272918,3.2K,79,0,0,-,0
b3jI5kVM6Jw,Live-Sri Siddheshwar Swamiji's English Pravachan (17-4-2022),"Place : Jnanayogashrama, vijayapur",50:38,public,4/17/2022,,39.83099021789136,9926,201,18,0,4,-,0
-o2aWSNlJqk,ಜ್ಞಾನಯೋಗಾಶ್ರಮ ವಿಜಯಪುರದಲ್ಲಿ ಹುಣ್ಣಿಮೆ ನಿಮಿತ್ಯವಾಗಿ  ಶ್ರೀ ಮಲ್ಲಿಕಾರ್ಜುನ ಶಿವಯೋಗಿಗಳ ಗದ್ದುಗೆಗೆ  ಪೂಜೆ.,,24:17,public,4/16/2022,,35.94898072408293,4048,73,6,0,0,-,1
QZxQVh_Uwzk,Live:- ಜ್ಞಾನಯೋಗಾಶ್ರಮ ವಿಜಯಪುರದಲ್ಲಿ ಹುಣ್ಣಿಮೆ ನಿಮಿತ್ಯವಾಗಿ ಗುರು ಪಾದುಕಾ ಉತ್ಸವ.,,48:10,public,4/16/2022,,35.245836530210944,3441,60,4,0,0,-,1
KPvkrAKrEb4,ಭಕ್ತ ಸಿದ್ಧಿಪುರುಷನಾಗುವುದು ಹೇಗೆ?,,09:22,public,4/13/2022,,43.65422360737059,24011,412,20,0,0,-,1
n0ABeQqsj0E,Live-ಜ್ಞಾನಯೋಗಾಶ್ರಮ ವಿಜಯಪುರದಲ್ಲಿ ಸಂಧ್ಯಾ ಕಾಲದ ಮಂಗಳಾರತಿ. (13-04-2022),Live-ಜ್ಞಾನಯೋಗಾಶ್ರಮ ವಿಜಯಪುರದಲ್ಲಿ ಸಂಧ್ಯಾ ಕಾಲದ ಮಂಗಳಾರತಿ. (13-04-2022),00:25,public,4/13/2022,,34.517434661758784,2908,60,7,0,6,-,2
5baRKlPh1us,Live:- ಜ್ಞಾನಯೋಗಾಶ್ರಮ ವಿಜಯಪುರದಲ್ಲಿ ಸಂಧ್ಯಾ ಕಾಲದ ಮಂಗಳಾರತಿ.,Live:- ಜ್ಞಾನಯೋಗಾಶ್ರಮ ವಿಜಯಪುರದಲ್ಲಿ ಸಂಧ್ಯಾ ಕಾಲದ ಮಂಗಳಾರತಿ.,07:28,public,4/12/2022,,38.52233377078516,7336,157,15,0,6,-,2
QHbAOoSRrtU,ನಮ್ಮ ಜಗತ್ತು ಸವಿಯಾಗುವುದು ಯಾವಾಗ?,,13:00,public,4/11/2022,,45.19889836803435,34309,569,34,0,0,-,1
ALfqKqtwUuM,Live-Sri Siddheshwar Swamiji's English Pravachan (10-4-2022),"Place: Jnanayogashrama, Vijayapur",01:04:19,public,4/10/2022,,41.015286559033825,13050,290,25,0,3,-,2
E4boEHOFaDA,ನಮ್ಮ ಮನಸ್ಸಿನ ಒಂದೊಂದು ರೂಪ ಹೇಗಿರುತ್ತದೆ?,,14:07,public,4/7/2022,,46.19593050391108,43197,720,41,0,0,-,0
qJmdIdpXxYo,Live-ಪೂಜ್ಯ ಶ್ರೀ ಸಿದ್ಧೇಶ್ವರ ಸ್ವಾಮೀಜಿಯವರ ಆಧ್ಯಾತ್ಮಿಕ ಪ್ರವಚನ(04-04-2022)  ನಿಪ್ಪಾಣಿ.,Live-ಪೂಜ್ಯ ಶ್ರೀ ಸಿದ್ಧೇಶ್ವರ ಸ್ವಾಮೀಜಿಯವರ ಆಧ್ಯಾತ್ಮಿಕ ಪ್ರವಚನ(04-04-2022)  ನಿಪ್ಪಾಣಿ.,01:24:45,public,4/4/2022,,54.704466323688166,308481,2.8K,111,0,7,-,0
Pz9hohe2Q5I,Live-ಪೂಜ್ಯ ಶ್ರೀ ಸಿದ್ಧೇಶ್ವರ ಸ್ವಾಮೀಜಿಯವರ ಆಧ್ಯಾತ್ಮಿಕ ಪ್ರವಚನದ ನಿಮಿತ್ಯವಾಗಿ ವಿಶೇಷ ಕಾರ್ಯಕ್ರಮ(3-4-2022),Live-ಪೂಜ್ಯ ಶ್ರೀ ಸಿದ್ಧೇಶ್ವರ ಸ್ವಾಮೀಜಿಯವರ ಆಧ್ಯಾತ್ಮಿಕ ಪ್ರವಚನದ ನಿಮಿತ್ಯವಾಗಿ ವಿಶೇಷ ಕಾರ್ಯಕ್ರಮ(3-4-2022),01:41:08,public,4/3/2022,,41.98040748479774,16310,357,21,0,9,-,0
zjZaonsFXMQ,Live:- ನಿಪ್ಪಾಣಿ ಸಮಾಧಿ ಮಠದಲ್ಲಿ  ಯುಗಾದಿ ಹಬ್ಬವನ್ನು ಧಾರ್ಮಿಕ ದಿನವನ್ನಾಗಿ ಆಚರಿಸುತ್ತಿರುವ ಕಾರ್ಯಕ್ರಮ.,Live:- ನಿಪ್ಪಾಣಿ ಶ್ರೀ ವಿರುಪಾಕ್ಷಲಿಂಗ ಸಮಾಧಿ ಮಠದಲ್ಲಿ  ಯುಗಾದಿ ಹಬ್ಬವನ್ನು ಧಾರ್ಮಿಕ ದಿನವನ್ನಾಗಿ ಆಚರಿಸುತ್ತಿರುವ ಕಾರ್ಯಕ್ರಮ.,02:11:28,public,4/2/2022,,42.97085328987473,20504,334,15,0,12,-,1
NgZQPeDiFZc,Live-ಪೂಜ್ಯ ಶ್ರೀ ಸಿದ್ಧೇಶ್ವರ ಸ್ವಾಮೀಜಿಯವರ ಆಧ್ಯಾತ್ಮಿಕ ಪ್ರವಚನದ ನಿಮಿತ್ಯವಾಗಿ ವಿಶೇಷ ಕಾರ್ಯಕ್ರಮ(1-4-2022),Live-ಪೂಜ್ಯ ಶ್ರೀ ಸಿದ್ಧೇಶ್ವರ ಸ್ವಾಮೀಜಿಯವರ ಆಧ್ಯಾತ್ಮಿಕ ಪ್ರವಚನದ ನಿಮಿತ್ಯವಾಗಿ ವಿಶೇಷ ಕಾರ್ಯಕ್ರಮ(1-4-2022),01:22:12,public,4/1/2022,,41.659090282302174,15143,261,10,0,9,-,1
WyuICZpKQ5M,Live-ನಿಪ್ಪಾಣಿಯಲ್ಲಿ ಪೂಜ್ಯ ಶ್ರೀ ಸಿದ್ಧೇಶ್ವರ ಸ್ವಾಮೀಜಿಯವರ ಆಧ್ಯಾತ್ಮಿಕ ಪ್ರವಚನ(31-03-2022),Live-ನಿಪ್ಪಾಣಿಯಲ್ಲಿ ಪೂಜ್ಯ ಶ್ರೀ ಸಿದ್ಧೇಶ್ವರ ಸ್ವಾಮೀಜಿಯವರ ಆಧ್ಯಾತ್ಮಿಕ ಪ್ರವಚನ(31-03-2022),52:00,public,3/31/2022,,45.07243223332106,33321,637,47,0,7,-,2
ALLrFNMgJsk,ಪರಮಪೂಜ್ಯ ಶ್ರೀ ಸಿದ್ದೇಶ್ವರ ಅಪ್ಪಗಳವರ ದಿವ್ಯ ಸಾನಿಧ್ಯದಲ್ಲಿ  ಶ್ರೀ ಚಕ್ರವರ್ತಿ ಸೂಲಿಬೆಲೆ ಅವರ ವಿಶೇಷ ಉಪನ್ಯಾಸ,"ನಿಪ್ಪಾಣಿ ಸಮಾಧಿ ಮಠದಲ್ಲಿ ಪರಮಪೂಜ್ಯ ಶ್ರೀ ಸಿದ್ದೇಶ್ವರ ಅಪ್ಪಗಳವರ ದಿವ್ಯ ಸಾನಿಧ್ಯದಲ್ಲಿ ಕನ್ನಡನಾಡಿನ ಖ್ಯಾತ ವಾಘ್ಮಿ ,ಅಂಕಣಕಾರ ರಾಷ್ಟ್ರಪ್ರೇಮಿ ಶ್ರೀ ಚಕ್ರವರ್ತಿ ಸೂಲಿಬೆಲೆ ಅವರ ವಿಶೇಷ ಉಪನ್ಯಾಸ",01:06:30,public,3/30/2022,,53.47768996382906,232343,3.1K,126,0,20,-,1
ZyDlFjBXnF0,Live-ನಿಪ್ಪಾಣಿಯಲ್ಲಿ ಪೂಜ್ಯ ಶ್ರೀ ಸಿದ್ಧೇಶ್ವರ ಸ್ವಾಮೀಜಿಯವರ ಆಧ್ಯಾತ್ಮಿಕ ಪ್ರವಚನ(29-03-2022),"Place : Samadhi Math, Nipani",01:02:11,public,3/29/2022,,44.73263074560613,30805,600,39,0,5,-,2
JTPjAXxQ0Tc,Live-ನಿಪ್ಪಾಣಿಯಲ್ಲಿ ಪೂಜ್ಯ ಶ್ರೀ ಸಿದ್ಧೇಶ್ವರ ಸ್ವಾಮೀಜಿಯವರ ಆಧ್ಯಾತ್ಮಿಕ ಪ್ರವಚನ(28-03-2022),"Place : Samadhi Math, Nipani",49:45,public,3/28/2022,,43.184794643691916,21543,445,30,0,5,-,2
FxzaoYX9_hE,Spiritual Disclosure by Jnanayogi Shri Siddheshwar Swamiji(27-3-2022),"Place : Samadhi Math, Nipani",33:13,public,3/27/2022,,36.932690246393136,5081,114,7,0,5,-,0
16O1rpyicpg,Live-ಪೂಜ್ಯ ಶ್ರೀ ಸಿದ್ಧೇಶ್ವರ ಸ್ವಾಮೀಜಿಯವರ ಆಧ್ಯಾತ್ಮಿಕ ಪ್ರವಚನ(27-03--2022)  ನಿಪ್ಪಾಣಿ.,Live-ಪೂಜ್ಯ ಶ್ರೀ ಸಿದ್ಧೇಶ್ವರ ಸ್ವಾಮೀಜಿಯವರ ಆಧ್ಯಾತ್ಮಿಕ ಪ್ರವಚನ(27-03--2022)  ನಿಪ್ಪಾಣಿ.,01:04:58,public,3/27/2022,,43.56939930656067,23545,466,41,0,7,-,2
K2WxcRSN6kI,Live-ಪೂಜ್ಯ ಶ್ರೀ ಸಿದ್ಧೇಶ್ವರ ಸ್ವಾಮೀಜಿಯವರ ಆಧ್ಯಾತ್ಮಿಕ ಪ್ರವಚನ(26-03--2022)  ನಿಪ್ಪಾಣಿ.,Live-ಪೂಜ್ಯ ಶ್ರೀ ಸಿದ್ಧೇಶ್ವರ ಸ್ವಾಮೀಜಿಯವರ ಆಧ್ಯಾತ್ಮಿಕ ಪ್ರವಚನ(26-03--2022)  ನಿಪ್ಪಾಣಿ.,43:42,public,3/26/2022,,42.44685949442737,18166,406,33,0,7,-,0
RMwR1KxRyBA,Live-ಪೂಜ್ಯ ಶ್ರೀ ಸಿದ್ಧೇಶ್ವರ ಸ್ವಾಮೀಜಿಯವರ ಆಧ್ಯಾತ್ಮಿಕ ಪ್ರವಚನ(25-03--2022)  ನಿಪ್ಪಾಣಿ.,Live-ಪೂಜ್ಯ ಶ್ರೀ ಸಿದ್ಧೇಶ್ವರ ಸ್ವಾಮೀಜಿಯವರ ಆಧ್ಯಾತ್ಮಿಕ ಪ್ರವಚನ(25-03--2022)  ನಿಪ್ಪಾಣಿ.,56:46,public,3/25/2022,,44.33684938392101,28113,615,42,0,7,-,2
hq8NdvR3l0Y,Live-ಪೂಜ್ಯ ಶ್ರೀ ಸಿದ್ಧೇಶ್ವರ ಸ್ವಾಮೀಜಿಯವರ ಆಧ್ಯಾತ್ಮಿಕ ಪ್ರವಚನ(24-03--2022)  ನಿಪ್ಪಾಣಿ.,Live-ಪೂಜ್ಯ ಶ್ರೀ ಸಿದ್ಧೇಶ್ವರ ಸ್ವಾಮೀಜಿಯವರ ಆಧ್ಯಾತ್ಮಿಕ ಪ್ರವಚನ(24-03--2022)  ನಿಪ್ಪಾಣಿ.,51:58,public,3/24/2022,,43.31384126463737,22195,464,34,0,7,-,2
UjwX2KphcEo,Live-ಪೂಜ್ಯ ಶ್ರೀ ಸಿದ್ಧೇಶ್ವರ ಸ್ವಾಮೀಜಿಯವರ ಆಧ್ಯಾತ್ಮಿಕ ಪ್ರವಚನ(23-03--2022)  ನಿಪ್ಪಾಣಿ.,Live-ಪೂಜ್ಯ ಶ್ರೀ ಸಿದ್ಧೇಶ್ವರ ಸ್ವಾಮೀಜಿಯವರ ಆಧ್ಯಾತ್ಮಿಕ ಪ್ರವಚನ(23-03--2022)  ನಿಪ್ಪಾಣಿ.,01:21:36,public,3/23/2022,,43.70582796597772,24299,522,40,0,7,-,2
WCl02lPTGwU,Live-ಪೂಜ್ಯ ಶ್ರೀ ಸಿದ್ಧೇಶ್ವರ ಸ್ವಾಮೀಜಿಯವರ ಆಧ್ಯಾತ್ಮಿಕ ಪ್ರವಚನ(22-03--2022)  ನಿಪ್ಪಾಣಿ.,Live-ಪೂಜ್ಯ ಶ್ರೀ ಸಿದ್ಧೇಶ್ವರ ಸ್ವಾಮೀಜಿಯವರ ಆಧ್ಯಾತ್ಮಿಕ ಪ್ರವಚನ(22-03--2022)  ನಿಪ್ಪಾಣಿ.,56:08,public,3/22/2022,,44.44029148065343,28793,528,47,0,7,-,1
M67V8xNZKQs,Live-ಪೂಜ್ಯ ಶ್ರೀ ಸಿದ್ಧೇಶ್ವರ ಸ್ವಾಮೀಜಿಯವರ ಆಧ್ಯಾತ್ಮಿಕ ಪ್ರವಚನ(21-03--2022)  ನಿಪ್ಪಾಣಿ.,Live-ಪೂಜ್ಯ ಶ್ರೀ ಸಿದ್ಧೇಶ್ವರ ಸ್ವಾಮೀಜಿಯವರ ಆಧ್ಯಾತ್ಮಿಕ ಪ್ರವಚನ(21-03--2022)  ನಿಪ್ಪಾಣಿ.,55:22,public,3/21/2022,,43.910723355269006,25477,564,55,0,7,-,2
t8Jw6LRPJGQ,"Live-Sri Siddheshwar Swamiji's English Pravachan (20-03-2022) in Samadhi Math, Nippani.","Live-Sri Siddheshwar Swamiji's English Pravachan (20-03-2022) in Samadhi Math, Nippani.",01:35:39,public,3/20/2022,,41.9886259576848,16341,306,24,0,10,-,2
mrUqb4qXGMA,"Live-ವಿಶೇಷ ಕಾರ್ಯಕ್ರಮ (20-03-2022)  ಸಮಾಧಿ ಮಠ, ನಿಪ್ಪಾಣಿ.","Live-ವಿಶೇಷ ಕಾರ್ಯಕ್ರಮ (20-03-2022)  ಸಮಾಧಿ ಮಠ, ನಿಪ್ಪಾಣಿ.",01:06:41,public,3/20/2022,,42.520328740652744,18477,387,29,0,6,-,2
PpJQ-4MqCOc,Live-ಪೂಜ್ಯ ಶ್ರೀ ಸಿದ್ಧೇಶ್ವರ ಸ್ವಾಮೀಜಿಯವರ ಆಧ್ಯಾತ್ಮಿಕ ಪ್ರವಚನ(19-3-2022),Live-ಪೂಜ್ಯ ಶ್ರೀ ಸಿದ್ಧೇಶ್ವರ ಸ್ವಾಮೀಜಿಯವರ ಆಧ್ಯಾತ್ಮಿಕ ಪ್ರವಚನ(19-3-2022),55:07,public,3/19/2022,,44.836194333876676,31551,599,49,0,6,-,2
rXUk3O7HD7c,Live-ಪೂಜ್ಯ ಶ್ರೀ ಸಿದ್ಧೇಶ್ವರ ಸ್ವಾಮೀಜಿಯವರ ಆಧ್ಯಾತ್ಮಿಕ ಪ್ರವಚನ(17-3-2022),Live-ಪೂಜ್ಯ ಶ್ರೀ ಸಿದ್ಧೇಶ್ವರ ಸ್ವಾಮೀಜಿಯವರ ಆಧ್ಯಾತ್ಮಿಕ ಪ್ರವಚನ(17-3-2022),42:51,public,3/17/2022,,44.7140449713741,30673,601,44,0,6,-,0
fobLQBY6IIk,Live-ಪೂಜ್ಯ ಶ್ರೀ ಸಿದ್ಧೇಶ್ವರ ಸ್ವಾಮೀಜಿಯವರ ಆಧ್ಯಾತ್ಮಿಕ ಪ್ರವಚನದ ನಿಮಿತ್ಯವಾಗಿ ವಿಶೇಷ ಕಾರ್ಯಕ್ರಮ(16-3-2022),Live-ಪೂಜ್ಯ ಶ್ರೀ ಸಿದ್ಧೇಶ್ವರ ಸ್ವಾಮೀಜಿಯವರ ಆಧ್ಯಾತ್ಮಿಕ ಪ್ರವಚನದ ನಿಮಿತ್ಯವಾಗಿ ವಿಶೇಷ ಕಾರ್ಯಕ್ರಮ(16-3-2022),01:02:20,public,3/16/2022,,42.046506507066404,16561,322,20,0,9,-,0
6BLtqhK3SQw,Live-ಪೂಜ್ಯ ಶ್ರೀ ಸಿದ್ಧೇಶ್ವರ ಸ್ವಾಮೀಜಿಯವರ ಆಧ್ಯಾತ್ಮಿಕ ಪ್ರವಚನ(15-03--2022)  ನಿಪ್ಪಾಣಿ.,Live-ಪೂಜ್ಯ ಶ್ರೀ ಸಿದ್ಧೇಶ್ವರ ಸ್ವಾಮೀಜಿಯವರ ಆಧ್ಯಾತ್ಮಿಕ ಪ್ರವಚನ(15-03--2022)  ನಿಪ್ಪಾಣಿ.,50:21,public,3/15/2022,,45.5057813303613,36830,661,43,0,7,-,1
1gJc_6BdczE,Live-ಪೂಜ್ಯ ಶ್ರೀ ಸಿದ್ಧೇಶ್ವರ ಸ್ವಾಮೀಜಿಯವರ ಆಧ್ಯಾತ್ಮಿಕ ಪ್ರವಚನ(14-03--2022)  ನಿಪ್ಪಾಣಿ.,Live-ಪೂಜ್ಯ ಶ್ರೀ ಸಿದ್ಧೇಶ್ವರ ಸ್ವಾಮೀಜಿಯವರ ಆಧ್ಯಾತ್ಮಿಕ ಪ್ರವಚನ(14-03--2022)  ನಿಪ್ಪಾಣಿ.,50:54,public,3/14/2022,,44.642194305424994,30168,606,46,0,7,-,0
CNWL6mknZNI,"Live-Spiritual Discourse by Jnanayogi Shri Siddheshwar Swamiji at Samdhi Math, Nipani in English","Live-Spiritual Discourse by Jnanayogi Shri Siddheshwar Swamiji at Samdhi Math, Nipani in English",55:54,public,3/13/2022,,42.33731852034465,17712,307,23,0,13,-,1
FzYfXiDixsU,Live-ಪೂಜ್ಯ ಶ್ರೀ ಸಿದ್ಧೇಶ್ವರ ಸ್ವಾಮೀಜಿಯವರ ಆಧ್ಯಾತ್ಮಿಕ ಪ್ರವಚನ(13-03--2022)  ನಿಪ್ಪಾಣಿ.,Live-ಪೂಜ್ಯ ಶ್ರೀ ಸಿದ್ಧೇಶ್ವರ ಸ್ವಾಮೀಜಿಯವರ ಆಧ್ಯಾತ್ಮಿಕ ಪ್ರವಚನ(13-03--2022)  ನಿಪ್ಪಾಣಿ.,50:55,public,3/13/2022,,43.988672577417184,25940,579,41,0,7,-,2
vh0LcUy0a1U,Live-ಪೂಜ್ಯ ಶ್ರೀ ಸಿದ್ಧೇಶ್ವರ ಸ್ವಾಮೀಜಿಯವರ ಆಧ್ಯಾತ್ಮಿಕ ಪ್ರವಚನ(12-03--2022)  ನಿಪ್ಪಾಣಿ.,Live-ಪೂಜ್ಯ ಶ್ರೀ ಸಿದ್ಧೇಶ್ವರ ಸ್ವಾಮೀಜಿಯವರ ಆಧ್ಯಾತ್ಮಿಕ ಪ್ರವಚನ (12-03--2022)  ನಿಪ್ಪಾಣಿ.,49:03,public,3/12/2022,,43.43896191651279,22846,520,50,0,8,-,2
IwJPjEs_Mho,Live-ಪೂಜ್ಯ ಶ್ರೀ ಸಿದ್ಧೇಶ್ವರ ಸ್ವಾಮೀಜಿಯವರ ಆಧ್ಯಾತ್ಮಿಕ ಪ್ರವಚನ(11-03--2022)  ನಿಪ್ಪಾಣಿ.,Live-ಪೂಜ್ಯ ಶ್ರೀ ಸಿದ್ಧೇಶ್ವರ ಸ್ವಾಮೀಜಿಯವರ ಆಧ್ಯಾತ್ಮಿಕ ಪ್ರವಚನ (11-03--2022)  ನಿಪ್ಪಾಣಿ.,50:27,public,3/11/2022,,45.03459908050705,33031,695,57,0,8,-,2
4EM07iyhsBs,Live-ಪೂಜ್ಯ ಶ್ರೀ ಸಿದ್ಧೇಶ್ವರ ಸ್ವಾಮೀಜಿಯವರ ಆಧ್ಯಾತ್ಮಿಕ ಪ್ರವಚನ(10-03--2022)  ನಿಪ್ಪಾಣಿ.,Live-ಪೂಜ್ಯ ಶ್ರೀ ಸಿದ್ಧೇಶ್ವರ ಸ್ವಾಮೀಜಿಯವರ ಆಧ್ಯಾತ್ಮಿಕ ಪ್ರವಚನ (09-03--2022)  ನಿಪ್ಪಾಣಿ.,01:03:58,public,3/10/2022,,43.31715504177519,22212,544,40,0,8,-,2
fLc7yBUCdKQ,Live-ಪೂಜ್ಯ ಶ್ರೀ ಸಿದ್ಧೇಶ್ವರ ಸ್ವಾಮೀಜಿಯವರ ಆಧ್ಯಾತ್ಮಿಕ ಪ್ರವಚನ(09-03--2022)  ನಿಪ್ಪಾಣಿ.,Live-ಪೂಜ್ಯ ಶ್ರೀ ಸಿದ್ಧೇಶ್ವರ ಸ್ವಾಮೀಜಿಯವರ ಆಧ್ಯಾತ್ಮಿಕ ಪ್ರವಚನ (09-03--2022)  ನಿಪ್ಪಾಣಿ.,01:08:18,public,3/9/2022,,45.39159103315729,35871,653,52,0,8,-,1
DCpXx65o-9Q,Live-ಪೂಜ್ಯ ಶ್ರೀ ಸಿದ್ಧೇಶ್ವರ ಸ್ವಾಮೀಜಿಯವರ ಆಧ್ಯಾತ್ಮಿಕ ಪ್ರವಚನ(08-03--2022)  ನಿಪ್ಪಾಣಿ.,Live-ಪೂಜ್ಯ ಶ್ರೀ ಸಿದ್ಧೇಶ್ವರ ಸ್ವಾಮೀಜಿಯವರ ಆಧ್ಯಾತ್ಮಿಕ ಪ್ರವಚನ (08-03--2022)  ನಿಪ್ಪಾಣಿ.,50:31,public,3/8/2022,,47.685305638721545,60940,995,68,0,8,-,1
sfuCboiIWvY,Live-ನಿಪ್ಪಾಣಿಯಲ್ಲಿ ಪೂಜ್ಯ ಶ್ರೀ ಸಿದ್ಧೇಶ್ವರ ಸ್ವಾಮೀಜಿಯವರ ಆಧ್ಯಾತ್ಮಿಕ ಪ್ರವಚನ (07-03-2022),Live-ನಿಪ್ಪಾಣಿಯಲ್ಲಿ ಪೂಜ್ಯ ಶ್ರೀ ಸಿದ್ಧೇಶ್ವರ ಸ್ವಾಮೀಜಿಯವರ ಆಧ್ಯಾತ್ಮಿಕ ಪ್ರವಚನ(07-03-2022),35:41,public,3/7/2022,,44.59792457855705,29861,582,57,0,7,-,0
6tC2ytwbgiM,"Live-Sri Siddheshwar Swamiji's English Pravachan  (06-03-2022) at Samadhi math, Nippani.","Live-Sri Siddheshwar Swamiji's English Pravachan  (06-03-2022) at Samadhi math, Nippani.",52:06,public,3/6/2022,,44.04602100013232,26286,421,36,0,10,-,1
njwKAWbMVJc,Live-ನಿಪ್ಪಾಣಿಯಲ್ಲಿ ಪೂಜ್ಯ ಶ್ರೀ ಸಿದ್ಧೇಶ್ವರ ಸ್ವಾಮೀಜಿಯವರ ಆಧ್ಯಾತ್ಮಿಕ ಪ್ರವಚನದ ಉದ್ಘಾಟನಾ ಸಮಾರಂಭ (06-03-20…,Live-ನಿಪ್ಪಾಣಿಯಲ್ಲಿ ಪೂಜ್ಯ ಶ್ರೀ ಸಿದ್ಧೇಶ್ವರ ಸ್ವಾಮೀಜಿಯವರ ಆಧ್ಯಾತ್ಮಿಕ ಪ್ರವಚನದ ಉದ್ಘಾಟನಾ ಸಮಾರಂಭ (06-03-2022),54:23,public,3/6/2022,,45.06007500111029,33226,797,54,0,10,-,2
W_kxpLAM-6E,ಒಕ್ಕಲುತನ ಮಾಡಿ  ಶ್ರೇಷ್ಠನಾದ ರಾಜ ಯಾರು?,,15:00,public,3/4/2022,,50.9037388286892,128189,1.4K,46,0,0,-,1
wlVjrjjPcqg,ಶಿವರಾತ್ರಿಯ ವಿಶೇಷ,,10:19,public,3/1/2022,,45.54170896734932,37137,619,43,0,0,-,1
kGGHNOFWwNw,ಮನೆಗೆ ಬಂದ ಅತಿಥಿಗಳನ್ನು ಸತ್ಕರಿಸುವುದು ಹೇಗೆ?,,13:03,public,2/28/2022,,58.5920019701571,757385,6.5K,145,0,0,-,0
hB_5Srcm6U4,ನಾವೆಲ್ಲಾ ಎಂತಹ ಯುದ್ಧವನ್ನು ಗೆಲ್ಲಬೇಕಾಗಿದೆ.,,16:03,public,2/25/2022,,46.524405626408,46603,821,28,0,0,-,1
OakFqG4PetI,ನಮ್ಮ ದುಃಖಕ್ಕೆ ಕಾರಣವಾದರೂ ಏನು?,,13:21,public,2/23/2022,,48.26742027852402,69713,1K,29,0,0,-,1
MmRL3OvSq_c,ನಮ್ಮ ಮನಸ್ಸಿಗೆ ದುಃಖವಾದಾಗ ಏನು ಮಾಡಬೇಕು?,,13:21,public,2/21/2022,,62.38607158091222,1819811,18K,302,0,0,-,1
3Eczf2ivQIU,ಗಳಿಸುವ ಹುರುಪಿನಲ್ಲಿ ಬದುಕನ್ನೇ ಮರೆತ್ತಿದ್ದೆವೆ ಹೇಗೆ?,,12:40,public,2/19/2022,,53.725916692560574,246058,3K,81,0,0,-,1
ur-paXYUM1w,ನಾವೆಲ್ಲಾ ದೇವರನ್ನು ಎಲ್ಲೆಲ್ಲಿ ನೋಡಬೇಕು?,,12:30,public,2/17/2022,,48.32710449281758,70681,993,29,0,0,-,1
HqJhZIdu5Wc,"108 ಶಿವ ನಮನಾಂಜಲಿ, ಅಂತಿಮ ಸತ್ಯ (ಕನ್ನಡ ಲಿರಿಕ್ಸ್ ನೊಂದಿಗೆ)","Namanaanjali (Antima Satya Chanting)  Written by Pujya Sri Kumar Nijaguna Swamiji, Chilakwadi  Music Direction by Sr N.S. Prasad  Singers: Smt. M.D Roopa Sri. Nitin Rajaram Shastri Kum. Bharati Kum. Bhanumati  Special thanks to Jagadguru Sri Veerasimhasana Mahasamsthana Matha, Suttur",11:43,public,2/15/2022,,66.44548281202466,4649017,12K,569,0,39,-,0
NKd8-_rMvas,ತ್ಯಾಗದ ಪ್ರಕಾರಗಳು ಯಾವವು?,,14:46,public,2/11/2022,,48.84671339410932,79697,1K,40,0,0,-,1
YFlUYxvaSRU,ನಮ್ಮ ಜೀವನ ಸುಂದರವಾಗಿಡಲು  ಇವೆರಡು ಮಂತ್ರಗಳು.,,11:37,public,2/9/2022,,47.74175358750746,61740,898,29,0,0,-,1
ONoyttz6Q_I,ನಮ್ಮ ಜೀವನದ ಗುರಿ ಏನಾಗಿರಬೇಕು?,,17:40,public,2/7/2022,,52.80548643207037,198920,2.4K,67,0,0,-,0
KLBSEWHK0uc,ನಾವೆಲ್ಲಾ ಎಂತಹ ಯಜ್ಞವನ್ನು ಮಾಡಬೇಕಾಗಿದೆ?,,10:51,public,2/5/2022,,41.91274425754745,16057,314,16,0,0,-,2
Ull63ymJAEs,ಪ್ರತಿಯೊಂದು  ಕೆಲಸ ಮಾಡುವಾಗ 3 ನಿಯಮಗಳನ್ನು ಪಾಲಿಸಬೇಕು.,,17:51,public,2/2/2022,,59.43828052007773,920948,10K,200,0,0,-,1
t4El7Xvu0f0,ಇವೆರಡು ಮಾರ್ಗದಿಂದ ನಮ್ಮ  ಜೀವನ ಸಾರ್ಥಕವಾಗುವುದು.,,17:40,public,1/31/2022,,52.65591316127323,192163,2.3K,62,0,0,-,1
WMm8300O9Yg,ನಮ್ಮ ಜೀವನದ ಸಂತೋಷಕ್ಕಾಗಿ ನಾವೇನು ಮಾಡಬೇಕು?,,10:35,public,1/28/2022,,45.85403860308117,39916,653,48,0,0,-,1
cjhF7McCNIM,ಸಂತ ಏಕನಾಥರ  ಜೀವನ  ಹೇಗಿತ್ತು?,,11:58,public,1/26/2022,,48.94910978840823,81605,1.3K,40,0,0,-,1
ZB3fde04UXg,ಹೀಗೆ ಮಾಡಿದರೆ ಜೀವನ ಪೂರ್ತಿ ನೆಮ್ಮದಿಯಾಗಿರಬಹುದು.,,14:41,public,1/24/2022,,51.114828030586494,134596,1.8K,66,0,0,-,1
mUQzwkNNsWg,ಜೀವನದಲ್ಲಿ ಮಾಡಿದರೆ ಎಂತಹ ಕೆಲಸ ಮಾಡಬೇಕು?,,14:47,public,1/21/2022,,52.41864356799274,181912,1.9K,65,0,0,-,1
kok7S16kC40,ಜೀವನವೆಲ್ಲಾ ಸುಖವಿರಬೇಕಾದರೆ  ಇವೆರಡನ್ನು ಮರೆತುಬಿಡು ಇವೆರಡನ್ನು ನೆನಪಿನಲ್ಲಿಡು.,BOOKS ARE  AVAILABLE IN ONLINE (AMEZON & WEBSITE) LINKS ARE  GIVEN BELOW WEBSITE  - https://www.jnanayogashrama.org AMEZON - https://amzn.eu/d/cJtQoa3,16:43,public,1/18/2022,,65.53259322609767,3764946,46K,1K,2,18,-,1
Ii0IxH3FPB8,ಅಹಂಕಾರದಿಂದ ಮೆರೆದವರಿಗೆ  ಏನೆಲ್ಲಾ ಆಗುತ್ತದೆ?,,14:07,public,1/16/2022,,55.41015332971272,363111,3.8K,95,0,0,-,1
P0mUyKD7KrA,ಎಲ್ಲವುಗಳಲ್ಲಿ ಶಕ್ತಿ ತುಂಬಿದ ಯಾರವನು?,,11:46,public,1/15/2022,,42.392194275819655,17938,320,25,0,0,-,1
hCVr9HT3K54,ನಮಗೆ ನಾವೇ ವಂಚನೆ ಮಾಡಿಕೊಳ್ಳುತ್ತಿದ್ದೆವೆ  ಹೇಗೆ?,,16:44,public,1/13/2022,,53.0813591966929,212012,2.9K,81,0,0,-,1
zm2jZ5cIdRk,ಇರುವುದೆಲ್ಲವೂ ಯಾವುದಕ್ಕಾಗಿ?,,12:48,public,1/11/2022,,46.465309286297796,45971,721,39,0,0,-,1
499xG7xHno0,ದೇವರು ಎಂದರೆ ಯಾರು?,,13:11,public,1/7/2022,,55.33099185273102,356530,4.3K,118,0,0,-,1
vnhX59jDhQI,ಸಂತೋಷವೆಂಬುದು ಯಾವುದರಿಂದ ಸಿಗುತ್ತದೆ?,,14:28,public,1/5/2022,,48.96953380803671,81991,1.1K,36,0,0,-,1
zbJo8E6u04Y,ಜೀವನದಲ್ಲಿ ಪ್ರತಿಯೊಂದು ಕೆಲಸವನ್ನು ಹೀಗೆ ಮಾಡಬೇಕು.,,16:17,public,1/3/2022,,52.61765822071614,190472,2.4K,69,0,0,-,1
auzzVXsxqOw,ಮನಸ್ಸಿನಲ್ಲಿ ದೇವರನ್ನು ಕಾಣುವುದು ಹೇಗೆ ?,audio credit : relaxing music copyright free,09:19,public,1/1/2022,,49.01281344420137,82815,1.1K,52,0,7,-,1
PujO_HyiTUs,ಧರ್ಮದ ಮೂರು ಲಕ್ಷಣಗಳು,,14:14,public,12/29/2021,,46.81496250327376,49839,748,39,0,0,-,1
G_-QAxoltd4,Why each word is important and should be thought well before speaking? By Sri Siddheshwar Swamiji,,07:43,public,12/27/2021,,46.58041458747407,47210,517,22,0,0,-,1
JEt_EfqkWpY,ಜೀವನದಲ್ಲಿಯಾಗುವ ಅತಿಯಾದ ಬದಲಾವಣೆಯನ್ನು ನಿಲ್ಲಿಸುವುದು ಹೇಗೆ?,,15:36,public,12/25/2021,,45.738997112546734,38869,632,18,0,0,-,1
fB3jN8wAfmY,ನಾವೆಲ್ಲಾ ಎಂತಹ ಜೀವನವನ್ನು ಸಾಗಿಸಬೇಕಾಗಿದೆ?,,10:56,public,12/22/2021,,43.84309431166156,25082,399,19,0,0,-,1
8zoq1_yAOBQ,"Live-ಪೂಜ್ಯ ಶ್ರೀ ಸಿದ್ಧೇಶ್ವರ ಸ್ವಾಮೀಜಿಯವರ ಆಧ್ಯಾತ್ಮಿಕ ಪ್ರವಚನ (19-12-2021) ಚನ್ನಬಸವಾಶ್ರಮ, ಭಾಲ್ಕಿ.","Live-ಪೂಜ್ಯ ಶ್ರೀ ಸಿದ್ಧೇಶ್ವರ ಸ್ವಾಮೀಜಿಯವರ ಆಧ್ಯಾತ್ಮಿಕ ಪ್ರವಚನ (19-12-2021) ಚನ್ನಬಸವಾಶ್ರಮ, ಭಾಲ್ಕಿ.",01:02:40,public,12/19/2021,,48.04029517931913,66149,955,63,0,9,-,1
nh3all5Q1BI,"#Pujya Sri Siddheshwar Swamiji's English pravachan (18-12-2021) at Mahamane, in bhalki.",,48:29,public,12/18/2021,,43.47048434005188,23013,327,22,0,0,-,1
_HO46t0DcBI,"Live-ಪೂಜ್ಯ ಶ್ರೀ ಸಿದ್ಧೇಶ್ವರ ಸ್ವಾಮೀಜಿಯವರ ಆಧ್ಯಾತ್ಮಿಕ ಪ್ರವಚನ (17-12-2021) ಚನ್ನಬಸವಾಶ್ರಮ, ಭಾಲ್ಕಿ.","Live-ಪೂಜ್ಯ ಶ್ರೀ ಸಿದ್ಧೇಶ್ವರ ಸ್ವಾಮೀಜಿಯವರ ಆಧ್ಯಾತ್ಮಿಕ ಪ್ರವಚನ (17-12-2021) ಚನ್ನಬಸವಾಶ್ರಮ, ಭಾಲ್ಕಿ.",55:47,public,12/17/2021,,47.577657923823544,59443,952,48,0,9,-,1
umKIBLAchSc,"Live-ಪೂಜ್ಯ ಶ್ರೀ ಸಿದ್ಧೇಶ್ವರ ಸ್ವಾಮೀಜಿಯವರ ಆಧ್ಯಾತ್ಮಿಕ ಪ್ರವಚನ (13-12-2021) ಚನ್ನಬಸವಾಶ್ರಮ, ಭಾಲ್ಕಿ.","Live-ಪೂಜ್ಯ ಶ್ರೀ ಸಿದ್ಧೇಶ್ವರ ಸ್ವಾಮೀಜಿಯವರ ಆಧ್ಯಾತ್ಮಿಕ ಪ್ರವಚನ (13-12-2021) ಚನ್ನಬಸವಾಶ್ರಮ, ಭಾಲ್ಕಿ.",56:02,public,12/13/2021,,49.50858862460799,92866,1.2K,56,0,9,0,1
GHQY680yGoE,"Live-ಪೂಜ್ಯ ಶ್ರೀ ಸಿದ್ಧೇಶ್ವರ ಸ್ವಾಮೀಜಿಯವರ ಆಧ್ಯಾತ್ಮಿಕ ಪ್ರವಚನ (12-12-2021) ಚನ್ನಬಸವಾಶ್ರಮ, ಭಾಲ್ಕಿ.","Live-ಪೂಜ್ಯ ಶ್ರೀ ಸಿದ್ಧೇಶ್ವರ ಸ್ವಾಮೀಜಿಯವರ ಆಧ್ಯಾತ್ಮಿಕ ಪ್ರವಚನ (12-12-2021) ಚನ್ನಬಸವಾಶ್ರಮ, ಭಾಲ್ಕಿ.",52:22,public,12/12/2021,,45.6290454446156,37894,664,27,0,9,-,0
wqpmrzISTZs,"#Pujya Sri Siddheshwar Swamiji's English pravachan (11-12-2021) at Mahamane, in bhalki.",,41:37,public,12/11/2021,,46.05209254623233,41785,784,37,0,0,-,0
9EDYHfXsPc4,"#ಪೂಜ್ಯ ಶ್ರೀ ಸಿದ್ಧೇಶ್ವರ ಸ್ವಾಮೀಜಿಯವರ ಆಧ್ಯಾತ್ಮಿಕ ಪ್ರವಚನ (10-12-2021) ಚನ್ನಬಸವಾಶ್ರಮ, ಭಾಲ್ಕಿ.","#ಪೂಜ್ಯ ಶ್ರೀ ಸಿದ್ಧೇಶ್ವರ ಸ್ವಾಮೀಜಿಯವರ ಆಧ್ಯಾತ್ಮಿಕ ಪ್ರವಚನ (10-12-2021) ಚನ್ನಬಸವಾಶ್ರಮ, ಭಾಲ್ಕಿ.",52:01,public,12/10/2021,,46.323580434189445,44490,776,31,0,9,-,1
ETC9Dh1mhIY,ಕಷ್ಟದ ಜಗತ್ತಿನಲ್ಲಿ ಸಾಗುವುದು ಹೇಗೆ?,,09:10,public,12/9/2021,,46.08449503243011,42099,662,24,0,0,-,1
5f9a8t59R30,"Live-ಪೂಜ್ಯ ಶ್ರೀ ಸಿದ್ಧೇಶ್ವರ ಸ್ವಾಮೀಜಿಯವರ ಆಧ್ಯಾತ್ಮಿಕ ಪ್ರವಚನ (08-12-2021) ಚನ್ನಬಸವಾಶ್ರಮ, ಭಾಲ್ಕಿ.","Live-ಪೂಜ್ಯ ಶ್ರೀ ಸಿದ್ಧೇಶ್ವರ ಸ್ವಾಮೀಜಿಯವರ ಆಧ್ಯಾತ್ಮಿಕ ಪ್ರವಚನ (08-12-2021) ಚನ್ನಬಸವಾಶ್ರಮ, ಭಾಲ್ಕಿ.",54:22,public,12/8/2021,,46.78349869324534,49478,873,52,0,9,-,1
-iJmOn8GSKI,"Live-ಪೂಜ್ಯ ಶ್ರೀ ಸಿದ್ಧೇಶ್ವರ ಸ್ವಾಮೀಜಿಯವರ ಆಧ್ಯಾತ್ಮಿಕ ಪ್ರವಚನ (07-12-2021) ಚನ್ನಬಸವಾಶ್ರಮ, ಭಾಲ್ಕಿ.","Live-ಪೂಜ್ಯ ಶ್ರೀ ಸಿದ್ಧೇಶ್ವರ ಸ್ವಾಮೀಜಿಯವರ ಆಧ್ಯಾತ್ಮಿಕ ಪ್ರವಚನ (07-12-2021) ಚನ್ನಬಸವಾಶ್ರಮ, ಭಾಲ್ಕಿ.",52:51,public,12/7/2021,,46.53711034101057,46740,860,36,0,9,-,1
EA3dpnY_7ls,ನೆಮ್ಮದಿಯ ಜೀವನಕ್ಕಾಗಿ ಯಾವುದರಿಂದ ದೂರವಿರಬೇಕು?,,11:12,public,12/6/2021,,50.04214990934331,105050,1.4K,42,0,0,-,1
JbkkGsvc4dw,"Live-ಪೂಜ್ಯ ಶ್ರೀ ಸಿದ್ಧೇಶ್ವರ ಸ್ವಾಮೀಜಿಯವರ ಆಧ್ಯಾತ್ಮಿಕ ಪ್ರವಚನ (06-12-2021) ಚನ್ನಬಸವಾಶ್ರಮ, ಭಾಲ್ಕಿ.","Live-ಪೂಜ್ಯ ಶ್ರೀ ಸಿದ್ಧೇಶ್ವರ ಸ್ವಾಮೀಜಿಯವರ ಆಧ್ಯಾತ್ಮಿಕ ಪ್ರವಚನ (06-12-2021) ಚನ್ನಬಸವಾಶ್ರಮ, ಭಾಲ್ಕಿ.",01:04:54,public,12/6/2021,,47.18623284685697,54303,1.1K,58,0,9,-,2
djvyj0jsDUM,"Live-ಪೂಜ್ಯ ಶ್ರೀ ಸಿದ್ಧೇಶ್ವರ ಸ್ವಾಮೀಜಿಯವರ ಆಧ್ಯಾತ್ಮಿಕ ಪ್ರವಚನ (05-12-2021) ಚನ್ನಬಸವಾಶ್ರಮ, ಭಾಲ್ಕಿ.","Live-ಪೂಜ್ಯ ಶ್ರೀ ಸಿದ್ಧೇಶ್ವರ ಸ್ವಾಮೀಜಿಯವರ ಆಧ್ಯಾತ್ಮಿಕ ಪ್ರವಚನ (05-12-2021) ಚನ್ನಬಸವಾಶ್ರಮ, ಭಾಲ್ಕಿ.",50:36,public,12/5/2021,,44.1055437376017,26650,543,26,0,9,-,2
ZIp2mT9bOnw,ನಮ್ಮ ಮನಸ್ಸು ಎಷ್ಟು ಗಟ್ಟಿಯಾಗಿರಬೇಕು?,,10:36,public,12/4/2021,,51.02489190849592,131828,2.1K,64,0,0,-,1
CRM5Eug0D14,"Live-ಪೂಜ್ಯ ಶ್ರೀ ಸಿದ್ಧೇಶ್ವರ ಸ್ವಾಮೀಜಿಯವರ ಆಧ್ಯಾತ್ಮಿಕ ಪ್ರವಚನ (03-12-2021) ಚನ್ನಬಸವಾಶ್ರಮ, ಭಾಲ್ಕಿ.","Live-ಪೂಜ್ಯ ಶ್ರೀ ಸಿದ್ಧೇಶ್ವರ ಸ್ವಾಮೀಜಿಯವರ ಆಧ್ಯಾತ್ಮಿಕ ಪ್ರವಚನ (03-12-2021) ಚನ್ನಬಸವಾಶ್ರಮ, ಭಾಲ್ಕಿ.",53:04,public,12/3/2021,,47.42674173878663,57406,961,43,0,9,-,1
bJj4c0ujSYs,ನಾವೆಲ್ಲರೂ ಎಂತಹ ಪ್ರಾರ್ಥನೆ ಮಾಡಬೇಕಾಗಿದೆ?,,17:02,public,12/2/2021,,44.48098586435774,29065,498,23,0,0,-,1
8kJ5OvJ1hwY,"#ಪೂಜ್ಯ ಶ್ರೀ ಸಿದ್ಧೇಶ್ವರ ಸ್ವಾಮೀಜಿಯವರ ಆಧ್ಯಾತ್ಮಿಕ ಪ್ರವಚನ (01-12-2021) ಚನ್ನಬಸವಾಶ್ರಮ, ಭಾಲ್ಕಿ.","#ಪೂಜ್ಯ ಶ್ರೀ ಸಿದ್ಧೇಶ್ವರ ಸ್ವಾಮೀಜಿಯವರ ಆಧ್ಯಾತ್ಮಿಕ ಪ್ರವಚನ (01-12-2021) ಚನ್ನಬಸವಾಶ್ರಮ, ಭಾಲ್ಕಿ.",51:57,public,12/1/2021,,55.3830832050342,360847,3.3K,109,0,9,-,0
K7M9gAy6i8o,"#ಪೂಜ್ಯ ಶ್ರೀ ಸಿದ್ಧೇಶ್ವರ ಸ್ವಾಮೀಜಿಯವರ ಆಧ್ಯಾತ್ಮಿಕ ಪ್ರವಚನ (30-11-2021) ಚನ್ನಬಸವಾಶ್ರಮ, ಭಾಲ್ಕಿ.","#ಪೂಜ್ಯ ಶ್ರೀ ಸಿದ್ಧೇಶ್ವರ ಸ್ವಾಮೀಜಿಯವರ ಆಧ್ಯಾತ್ಮಿಕ ಪ್ರವಚನ (30-11-2021) ಚನ್ನಬಸವಾಶ್ರಮ, ಭಾಲ್ಕಿ.",50:58,public,11/30/2021,,47.88102414521783,63759,1K,59,0,9,-,1
SWAYb8XTNcs,ಪ್ರತಿಯೊಬ್ಬರು ಪರಾವಲಂಬಿಗಳು ಹೇಗೆ?,,10:38,public,11/29/2021,,40.572890512987875,11782,207,9,0,0,-,1
xsLtV64w8_o,"#ಪೂಜ್ಯ ಶ್ರೀ ಸಿದ್ಧೇಶ್ವರ ಸ್ವಾಮೀಜಿಯವರ ಆಧ್ಯಾತ್ಮಿಕ ಪ್ರವಚನ (29-11-2021) ಚನ್ನಬಸವಾಶ್ರಮ, ಭಾಲ್ಕಿ.","#ಪೂಜ್ಯ ಶ್ರೀ ಸಿದ್ಧೇಶ್ವರ ಸ್ವಾಮೀಜಿಯವರ ಆಧ್ಯಾತ್ಮಿಕ ಪ್ರವಚನ (29-11-2021) ಚನ್ನಬಸವಾಶ್ರಮ, ಭಾಲ್ಕಿ.",48:00,public,11/29/2021,,44.89329337100365,31970,650,31,0,9,-,2
DsvHpbhDcU4,"#ಪೂಜ್ಯ ಶ್ರೀ ಸಿದ್ಧೇಶ್ವರ ಸ್ವಾಮೀಜಿಯವರ ಆಧ್ಯಾತ್ಮಿಕ ಪ್ರವಚನ (26-11-2021) ಚನ್ನಬಸವಾಶ್ರಮ, ಬಾಲ್ಕಿ.","#ಪೂಜ್ಯ ಶ್ರೀ ಸಿದ್ಧೇಶ್ವರ ಸ್ವಾಮೀಜಿಯವರ ಆಧ್ಯಾತ್ಮಿಕ ಪ್ರವಚನ (26-11-2021) ಚನ್ನಬಸವಾಶ್ರಮ, ಬಾಲ್ಕಿ.",55:57,public,11/26/2021,,49.4191669645551,90967,1.3K,53,0,9,-,1
EH1sBu5PXL8,"#ಪೂಜ್ಯ ಶ್ರೀ ಸಿದ್ಧೇಶ್ವರ ಸ್ವಾಮೀಜಿಯವರ ಆಧ್ಯಾತ್ಮಿಕ ಪ್ರವಚನ (25-11-2021) ಚನ್ನಬಸವಾಶ್ರಮ, ಬಾಲ್ಕಿ.","#ಪೂಜ್ಯ ಶ್ರೀ ಸಿದ್ಧೇಶ್ವರ ಸ್ವಾಮೀಜಿಯವರ ಆಧ್ಯಾತ್ಮಿಕ ಪ್ರವಚನ (25-11-2021) ಚನ್ನಬಸವಾಶ್ರಮ, ಬಾಲ್ಕಿ.",53:16,public,11/25/2021,,47.646496149654176,60396,972,41,0,9,-,1
VRlBjMq-TOs,ಸಾಧನೆ ಮಾಡುವವರಿಗೆ ನಾಲ್ಕು ಸಂದೇಶಗಳು,,40:19,public,11/24/2021,,61.63975658273546,1531576,17K,491,0,0,-,1
Z1LT-elULE0,"#ಪೂಜ್ಯ ಶ್ರೀ ಸಿದ್ಧೇಶ್ವರ ಸ್ವಾಮೀಜಿಯವರ ಆಧ್ಯಾತ್ಮಿಕ ಪ್ರವಚನ (23-11-2021) ಚನ್ನಬಸವಾಶ್ರಮ, ಭಾಲ್ಕಿ","#ಪೂಜ್ಯ ಶ್ರೀ ಸಿದ್ಧೇಶ್ವರ ಸ್ವಾಮೀಜಿಯವರ ಆಧ್ಯಾತ್ಮಿಕ ಪ್ರವಚನ (23-11-2021) ಚನ್ನಬಸವಾಶ್ರಮ, ಭಾಲ್ಕಿ",54:23,public,11/23/2021,,44.538968665461226,29457,625,26,0,9,-,2
f49HgvzniXE,"#ಪೂಜ್ಯ ಶ್ರೀ ಸಿದ್ಧೇಶ್ವರ ಸ್ವಾಮೀಜಿಯವರ ಆಧ್ಯಾತ್ಮಿಕ ಪ್ರವಚನ (21-11-2021) ಚನ್ನಬಸವಾಶ್ರಮ, ಭಾಲ್ಕಿ.","#ಪೂಜ್ಯ ಶ್ರೀ ಸಿದ್ಧೇಶ್ವರ ಸ್ವಾಮೀಜಿಯವರ ಆಧ್ಯಾತ್ಮಿಕ ಪ್ರವಚನ (21-11-2021) ಚನ್ನಬಸವಾಶ್ರಮ, ಭಾಲ್ಕಿ.",56:43,public,11/21/2021,,46.01276118179415,41407,779,38,0,9,-,1
2zC4KtPF-5I,ಕಲಿತವರ ಕೆಲವು ಮನಸ್ಸುಗಳು ಹೇಗಿರುತ್ತವೆ?,,12:28,public,11/20/2021,,46.18861014642508,43124,753,35,0,0,-,1
OFnUuETcCF0,"#ಪೂಜ್ಯ ಶ್ರೀ ಸಿದ್ಧೇಶ್ವರ ಸ್ವಾಮೀಜಿಯವರ ಆಧ್ಯಾತ್ಮಿಕ ಪ್ರವಚನ (19-11-2021) ಚನ್ನಬಸವಾಶ್ರಮ, ಭಾಲ್ಕಿ.","#ಪೂಜ್ಯ ಶ್ರೀ ಸಿದ್ಧೇಶ್ವರ ಸ್ವಾಮೀಜಿಯವರ ಆಧ್ಯಾತ್ಮಿಕ ಪ್ರವಚನ (19-11-2021) ಚನ್ನಬಸವಾಶ್ರಮ, ಭಾಲ್ಕಿ.",01:00,public,11/19/2021,,46.84378448629588,50172,938,37,0,9,-,1
VKJKlKFFf0k,ಮನುಷ್ಯನಲ್ಲಿರುವ ಅತಿ ದೊಡ್ಡ ಕಸ ಯಾವುದು?,,12:04,public,11/17/2021,,44.966054060316495,32512,563,23,0,0,-,1
ceuN4p_DDr8,"Live-ಪೂಜ್ಯ ಶ್ರೀ ಸಿದ್ಧೇಶ್ವರ ಸ್ವಾಮೀಜಿಯವರ ಆಧ್ಯಾತ್ಮಿಕ ಪ್ರವಚನ (17-11-2021) ಚನ್ನಬಸವಾಶ್ರಮ, ಭಾಲ್ಕಿ.","Live-ಪೂಜ್ಯ ಶ್ರೀ ಸಿದ್ಧೇಶ್ವರ ಸ್ವಾಮೀಜಿಯವರ ಆಧ್ಯಾತ್ಮಿಕ ಪ್ರವಚನ (17-11-2021) ಚನ್ನಬಸವಾಶ್ರಮ, ಭಾಲ್ಕಿ.",53:16,public,11/17/2021,,46.52691242768177,46630,927,45,0,9,-,2
5l61swg-FzI,"Live-ಪೂಜ್ಯ ಶ್ರೀ ಸಿದ್ಧೇಶ್ವರ ಸ್ವಾಮೀಜಿಯವರ ಆಧ್ಯಾತ್ಮಿಕ ಪ್ರವಚನ (16-11-2021) ಚನ್ನಬಸವಾಶ್ರಮ, ಭಾಲ್ಕಿ.","Live-ಪೂಜ್ಯ ಶ್ರೀ ಸಿದ್ಧೇಶ್ವರ ಸ್ವಾಮೀಜಿಯವರ ಆಧ್ಯಾತ್ಮಿಕ ಪ್ರವಚನ (16-11-2021) ಚನ್ನಬಸವಾಶ್ರಮ, ಭಾಲ್ಕಿ.",54:22,public,11/16/2021,,48.907381296196164,80822,1.3K,55,0,9,-,1
iY4hRSPdZsU,ಯೋಗಗಳಲ್ಲಿ ಭಕ್ತಿಯೋಗವೇ ಹೇಗೆ ಶ್ರೇಷ್ಠ?,,13:39,public,11/15/2021,,44.70344920677667,30598,536,26,0,0,-,1
2xL3l1o7-a4,"ಪೂಜ್ಯ ಶ್ರೀ ಸಿದ್ಧೇಶ್ವರ ಸ್ವಾಮಿಜೀಯವರ ಆಧ್ಯಾತ್ಮಿಕ ಪ್ರವಚನ (14-11-2021) ಚನ್ನಬಸವಾಶ್ರಮ, ಭಾಲ್ಕಿ.","Live- ಪೂಜ್ಯ ಶ್ರೀ ಸಿದ್ಧೇಶ್ವರ ಸ್ವಾಮಿಜೀಯವರ ಆಧ್ಯಾತ್ಮಿಕ ಪ್ರವಚನ (14-11-2021) ಚನ್ನಬಸವಾಶ್ರಮ, ಭಾಲ್ಕಿ.",52:00,public,11/14/2021,,48.51388229363626,73798,1.2K,77,0,10,-,1
0jUNZMXQzG8,ನಮ್ಮ ಮನಸ್ಸು ಯಾವುದರ ಕಡೆ ಎಳೆಯುತ್ತಿದೆ?,,14:46,public,11/13/2021,,43.26875663694037,21965,422,25,0,0,-,2
h4li0IOb13M,"Live- ಪೂಜ್ಯ ಶ್ರೀ ಸಿದ್ಧೇಶ್ವರ ಸ್ವಾಮಿಜೀಯವರ ಆಧ್ಯಾತ್ಮಿಕ ಪ್ರವಚನ (12-11-2021) ಚನ್ನಬಸವಾಶ್ರಮ, ಭಾಲ್ಕಿ.","Live- ಪೂಜ್ಯ ಶ್ರೀ ಸಿದ್ಧೇಶ್ವರ ಸ್ವಾಮಿಜೀಯವರ ಆಧ್ಯಾತ್ಮಿಕ ಪ್ರವಚನ (12-11-2021) ಚನ್ನಬಸವಾಶ್ರಮ, ಭಾಲ್ಕಿ.",57:23,public,11/12/2021,,49.00988577710254,82759,1.3K,67,0,10,-,0
OuEHeSOCPfA,"Live- ಪೂಜ್ಯ ಶ್ರೀ ಸಿದ್ಧೇಶ್ವರ ಸ್ವಾಮಿಜೀಯವರ ಆಧ್ಯಾತ್ಮಿಕ ಪ್ರವಚನ (11-11-2021) ಚನ್ನಬಸವಾಶ್ರಮ, ಭಾಲ್ಕಿ.","Live- ಪೂಜ್ಯ ಶ್ರೀ ಸಿದ್ಧೇಶ್ವರ ಸ್ವಾಮಿಜೀಯವರ ಆಧ್ಯಾತ್ಮಿಕ ಪ್ರವಚನ (11-11-2021) ಚನ್ನಬಸವಾಶ್ರಮ, ಭಾಲ್ಕಿ.",53:12,public,11/11/2021,,48.70147683471362,77067,1.2K,70,0,10,-,1
9MeDmei2eRE,ನಮ್ಮ ಬದುಕಿನ ಉದ್ದೇಶವಾದರೂ ಏನು?,,12:03,public,11/10/2021,,43.486815693572346,23100,392,12,0,0,-,1
mcLw8ll3cVc,"Live- ಪೂಜ್ಯ ಶ್ರೀ ಸಿದ್ಧೇಶ್ವರ ಸ್ವಾಮಿಜೀಯವರ ಆಧ್ಯಾತ್ಮಿಕ ಪ್ರವಚನ (10-11-2021) ಚನ್ನಬಸವಾಶ್ರಮ, ಭಾಲ್ಕಿ.","Live- ಪೂಜ್ಯ ಶ್ರೀ ಸಿದ್ಧೇಶ್ವರ ಸ್ವಾಮಿಜೀಯವರ ಆಧ್ಯಾತ್ಮಿಕ ಪ್ರವಚನ (10-11-2021) ಚನ್ನಬಸವಾಶ್ರಮ, ಭಾಲ್ಕಿ.",54:47,public,11/10/2021,,47.8427738469692,63198,1.1K,47,0,10,-,1
9XpWGAtsav8,ಏನು ಮಾಡುವುದರಿಂದ ನಮ್ಮ ದೇಹ ಸ್ವಚ್ಛವಾಗುತ್ತದೆ?,,13:14,public,11/8/2021,,46.24445203406655,43684,810,32,0,0,-,1
1CSnSBdCaOw,ಮನಸ್ಸು ಮಾಡಿದರೆ ಏನೆಲ್ಲಾ ಮಾಡಬಹುದು?,,27:12,public,11/6/2021,,55.288269264387424,353028,4.7K,110,0,0,-,1
37IVWZ5hxHI,Bhagvad Gita lecture by Sri Siddheshwar Swamiji - Series I (Part -20),,46:10,public,11/3/2021,,47.57751230001805,59441,815,52,0,0,0,0
wCXIjl3N3a0,ನಾವೇಕೆ ಸಂತರ ಮಾತನ್ನು ಕೇಳಬೇಕು?,,19:11,public,11/1/2021,,47.38134328574569,56807,907,28,0,0,-,1
ky1zil9GokY,"If at all we have to achieve anything, what way should our mind function? By Sri Siddheshwar Swamiji",,17:09,public,10/30/2021,,47.734246187602466,61633,905,37,0,0,-,1
xvHHP16xncE,Bhagvad Gita lecture by Sri Siddheshwar Swamiji - Series I (Part -19),,36:11,public,10/27/2021,,46.757088320444915,49177,741,36,0,0,-,1
sQaqw0HeNYg,What is the kind of Maya that we should all overcome? Talk by Sri Siddheshwar Swamiji.,,10:32,public,10/25/2021,,43.747308129427864,24533,452,13,0,0,-,1
-VA2KX7sVAM,Listen to Sri Siddheshwar Swamiji talk about the tricks and plays of our mind!,,16:37,public,10/23/2021,,44.1507798281671,26930,437,21,0,0,-,1
OY0ZUTUU0Tw,Bhagvad Gita lecture by Sri Siddheshwar Swamiji - Series I (Part -18),,46:58,public,10/20/2021,,47.44329678239045,57626,727,48,0,0,0,1
oETfsuPFxwU,How do the Jnanis live their life? Explained authoritatively by Sri Siddheshwar Swamiji.,,17:04,public,10/18/2021,,57.17738368996119,546222,5.9K,156,0,0,-,1
SK4FUnKKKgw,To what extent is our life is dependent on the mind? Listen to Sri Siddheshwar Swamiji to know more.,,14:13,public,10/16/2021,,43.13691643722639,21306,400,15,0,0,-,1
owuzyFl1qj4,Vijayadashami - 2021,,04:18,public,10/15/2021,,42.6463714866802,19023,391,13,0,0,-,2
U4VYD9CK3gM,Bhagvad Gita lecture by Sri Siddheshwar Swamiji - Series I (Part -17),,49:00,public,10/13/2021,,47.77436793584451,62207,793,51,0,0,0,1
KZe6aahm5Dw,An interesting story about interesting ascetics by Sri Siddheshwar Swamiji,,24:57,public,10/11/2021,,51.444833878822365,145260,2K,77,0,0,-,1
4RUoQeK1PfQ,How is the mind responsible for every work of yours? Insightful talk by Sri Siddheshwar Swamiji,,12:38,public,10/9/2021,,45.63942660237957,37985,576,31,0,0,-,1
YkI3S-rcEbk,Bhagvad Gita lecture by Sri Siddheshwar Swamiji - Series I (Part -16),,41:25,public,10/6/2021,,45.36909045610096,35685,563,37,0,0,-,1
vUXGcz6og84,In order to be happy in life who should we look to learn from? Talk by Sri Siddheshwar Swamiji,,12:15,public,10/4/2021,,46.764035559645265,49256,778,25,0,0,-,1
nJd0k-ZSq7A,How is out mind both your friend and enemy? Listen to Sri Siddheshwar’s talk to know more.,,15:02,public,10/2/2021,,50.223215756110044,109538,1.4K,38,0,0,-,1
Pq_yTVwgvBQ,Bhagvad Gita lecture by Sri Siddheshwar Swamiji - Series I (Part -15),,47:55,public,9/29/2021,,47.93277892318276,64526,787,31,0,0,0,0
UgfpqblV5tI,Why are we becoming poor? Talk by Sri Siddheshwar Swamiji,,11:17,public,9/27/2021,,48.76320371668861,78174,999,29,0,0,-,0
D9TLgdMt9Rk,What is the relation between mind and speech? Talk by Sri Siddheshwar Swamiji,,10:51,public,9/25/2021,,42.748895984244996,19479,322,21,0,0,-,0
6GJCno_2ZM4,Bhagvad Gita lecture by Sri Siddheshwar Swamiji - Series I (Part -14),,49:52,public,9/22/2021,,50.928920387957824,128937,1.5K,62,0,0,0,0
JxH-CiGCpE8,Why does our life end up getting ruined? Very important talk by Sri Siddheshwar Swamiji.,,18:30,public,9/20/2021,,54.27593297616594,279401,3.4K,100,0,0,-,1
2WyaEUk2L1k,O Man! Do you know why mind is superior? Listen to Sri Siddheshwar Swamiji’s explanation.,,13:37,public,9/18/2021,,45.36617861670248,35661,581,25,0,0,-,1
WhT2aLdMCyM,Bhagvad Gita lecture by Sri Siddheshwar Swamiji - Series I (Part -13),,44:04,public,9/15/2021,,48.22568528305344,69044,897,46,0,0,0,1
bsAtnYWRy_I,ಮನುಷ್ಯನು ಯಾವುದಕ್ಕಾಗಿ ಚಟಕ್ಕೆ ಬೀಳುತ್ತಿದ್ದಾನೆ.,,14:06,public,9/13/2021,,51.120548038486184,134774,1.8K,68,0,0,-,1
YL3yEqr4qIA,ಹೇಗಿದೆ ನಮ್ಮ ಮನಸ್ಸಿನ ಭಾವಸಾಮರ್ಥ್ಯ,,17:56,public,9/11/2021,,44.575837273994544,29709,552,31,0,0,-,1
w8h0mycAkdM,Bhagvad Gita lecture by Sri Siddheshwar Swamiji - Series I (Part -12),,45:43,public,9/8/2021,,47.91341806775893,64238,866,41,0,0,0,1
jM63ouA6pLQ,What is the kind of water that we must drink in our life? Story narrated by Sri Siddheshwar Swamiji,,10:29,public,9/6/2021,,48.67533981903004,76603,888,25,0,0,-,1
ywQklqEiuGc,How is the state of our mind? Listen to Sri Siddheshwar Swamiji’s talk to know more.,,10:14,public,9/4/2021,,45.113412929994304,33638,521,20,0,0,-,1
uX-fX4Fu1iU,Bhagvad Gita lecture by Sri Siddheshwar Swamiji - Series I (Part -11),,45:33,public,9/1/2021,,47.675279923458945,60799,800,46,0,0,0,1
_o4CheUBj_E,Where can we find the real wealth and richness in life? Important talk by Sri Siddheshwar Swamiji,,13:29,public,8/30/2021,,46.325039421266354,44505,616,21,0,0,-,1
Blr0G0f_r98,Our mind is capable of extraordinary things - Listen to Sri Siddheshwar Swamiji to know more,,17:53,public,8/28/2021,,50.72155224843583,122905,1.4K,54,0,0,-,1
E7K0tLe5QKo,Bhagvad Gita lecture by Sri Siddheshwar Swamiji - Series I (Part -10),,44:28,public,8/25/2021,,47.65258311898771,60481,765,43,0,0,-,1
uLt-TzBuI-g,ಯಾವುದರಲ್ಲಿ ಸಂತೋಷವನ್ನು ಪಡೆಯಬೇಕು?,,07:17,public,8/23/2021,,45.45388222666512,36391,615,18,0,0,-,1
o3sR1H24Z8A,How should we mould our mind to make our life beautiful? Talk by Sri Siddheshwar Swamiji,,17:57,public,8/21/2021,,52.68945472403095,193658,2.2K,62,0,0,-,1
Z72D3VYX7Ik,Bhagvad Gita lecture by Sri Siddheshwar Swamiji - Series I (Part -9),,40:32,public,8/19/2021,,47.55627164434354,59150,841,43,0,0,-,1
ShhGuHZ0ico,ಜೀವನದಲ್ಲಿ ಸಮಾಧಾನ ಪಡೆಯಲು ನಾವೇನು ಮಾಡಬೇಕು?,,17:41,public,8/17/2021,,51.79343776079523,157444,1.9K,75,0,0,-,1
YwG800zQD80,How should the relationship of our mind be with the world? Talk by Sri Siddheshwar Swamiji.,,15:01,public,8/15/2021,,47.51982563391535,58654,843,33,0,0,-,1
kvBySnugkw4,Bhagvad Gita lecture by Sri Siddheshwar Swamiji - Series I (Part -8),,32:49,public,8/12/2021,,46.15364306323394,42777,671,29,0,0,-,1
sCiocb0-jZs,How do we make sure we do not become deluded to all things of the world? By Sri Siddheshwar Swamiji,,12:11,public,8/10/2021,,49.63846777912548,95695,1.3K,42,0,0,-,1
GVRGw9qlry4,How to keep the mind clean and clear? Important talk by Sri Siddheshwar Swamiji,,18:00,public,8/7/2021,,48.70994870251919,77218,1.2K,53,0,0,-,1
PhWZ2kQMPEQ,Bhagvad Gita lecture by Sri Siddheshwar Swamiji - Series I (Part -7),,46:57,public,8/4/2021,,48.19315472730426,68527,895,55,0,0,0,1
8HRHmboabW4,The story about the boy who taught the value of a single glass of water? By Sri Siddheshwar Swamiji,,09:01,public,8/2/2021,,44.83523398532345,31544,431,16,0,0,-,1
tMOsCqaSyZ4,How should we utilise our mind to become nobler in life? Sri Siddheshwar Swamiji explains.,,17:50,public,7/31/2021,,45.07892189614953,33371,573,32,0,0,-,1
nuJdyGmF9Xw,Bhagvad Gita lecture by Sri Siddheshwar Swamiji - Series I (Part -6),,45:05,public,7/28/2021,,48.49948969593123,73553,933,38,0,0,0,1
DvZetzCBeDg,"Even if God were to come before us, what should we ask from Him? Talk by Sri Siddheshwar Swamiji",,10:57,public,7/26/2021,,56.75253582303502,495152,5.2K,111,0,0,-,1
zVfqkiBahD8,Who is really a rich person in the world? Listen to Sri Siddheshwar Swamiji to know.,,16:22,public,7/24/2021,,57.98124991777089,657706,6.6K,157,0,0,-,1
SNbjdSj8gR8,Live-Gurupoornima Mahotsava -2021 | Japayog,Live-Gurupoornima Mahotsava -2021 | Japayog,03:12:41,public,7/24/2021,"#Siddheshwar Swamiji, #Jnayogashrama Vijaypur",43.00030474585215,20644,524,40,0,5,-,2
XdGHE2AoGrI,Bhagvad Gita lecture by Sri Siddheshwar Swamiji - Series I (Part -5),,45:51,public,7/21/2021,,49.52301233140311,93176,1K,40,0,0,0,1
0fguWAoOSD8,ಜ್ಞಾನಯೋಗಾಶ್ರಮ ವಿಜಯಪುರದಲ್ಲಿ ಜರುಗುವ ಗುರು ಪೂರ್ಣಿಮಾ ಕಾರ್ಯಕ್ರಮದ ವಿವರ,,09:04,public,7/21/2021,,39.67019524413489,9564,244,24,0,0,-,2
cqg_avI7wSA,How to rid the feeling that we're small and insignificant? Talk by Sri Siddheshwar Swamiji,,15:48,public,7/19/2021,,48.37672472691206,71496,947,39,0,0,-,1
vpKIr8ffWR4,"Don’t look only for mistakes, look for something good also - Sri Siddheshwar Swamiji",,13:09,public,7/17/2021,,51.03950995606627,132274,1.6K,57,0,0,-,1
kY-obrQ86II,Bhagvad Gita lecture by Sri Siddheshwar Swamiji - Series I (Part -4),,45:16,public,7/14/2021,,49.48151944987474,92287,1K,49,0,0,0,1
gPdeGEr-bX4,"Live-Sri Siddheshwar Swamiji’s Pravachana 14-07-2021 at Nippani, Belagavi.","Live-Sri Siddheshwar Swamiji’s Pravachana 14-07-2021 at Nippani, Belagavi.",22:50,public,7/14/2021,,47.54366783885826,58978,765,29,0,8,0,1
-zgGWgCjrj0,"Live-Sri Siddheshwar Swamiji’s Pravachana 12-07-2021 at Nippani, Belagavi.",#Siddheshwarswamiji,43:48,public,7/12/2021,,49.56134962019034,94005,1.2K,70,0,1,-,1
z7GmPtZT-qs,Our life starts changing upon having this kind of mind - Important talk by Sri Siddheshwar Swamiji,,11:23,public,7/10/2021,,48.32630837672545,70668,1K,39,0,0,-,1
V4ogZ-RhBj0,Bhagvad Gita lecture by Sri Siddheshwar Swamiji - Series I (Part -3),,45:00,public,7/8/2021,,50.830841104842136,126048,1.3K,62,0,0,0,1
n2n0UuKE0IQ,What is it that swallows our life fully? Listen to Sri Siddheshwar Swamiji's pravachan to know more.,,10:55,public,7/6/2021,,45.92128216460257,40541,554,24,0,0,-,0
Ij-gQZDsR7k,"Sri Siddheshwar Swamiji’s Pravachana - 05-07-2021 at Nippani, Belagavi.",#ShriSiddheshwarswamiji,59:51,public,7/5/2021,,47.403381974423695,57097,728,44,0,1,-,1
TAwRLJzRsDU,How should we all maintain our life? Important talk by Sri Siddheshwar Swamiji,,12:51,public,7/4/2021,,47.97004589980014,65084,956,34,0,0,-,1
Ts069ZOxygc,Bhagvad Gita lecture by Sri Siddheshwar Swamiji - Series I (Part -2),,36:57,public,7/1/2021,,50.95435675101115,129697,1.5K,72,0,0,0,1
4aSCh72cFRs,Why must we listen to the words of the Enlightened? Important talk by Sri Siddheshwar Swamiji,,15:56,public,6/29/2021,,45.76309298574256,39086,585,16,0,0,-,1
8favaEVjJJw,What is the meaning of Samsara Yoga? And how does one practice it?  By Sri Siddheshwar Swamiji,,12:32,public,6/27/2021,,44.880141589917415,31873,538,19,0,0,-,1
SCATGgm8ILA,Words we speak are very important in our life - Talk by Sri Siddheshwar Swamiji,,16:07,public,6/25/2021,,54.612108442616716,301968,4.1K,119,0,0,-,1
dC8ZwPZT9kA,"Sri Siddheshwar Swamiji’s Pravachana - 25-06-21 at Nippani, Belagavi.",#SiddheshwarSwamiji,55:02,public,6/25/2021,,50.034397325206925,104862,1.3K,83,0,1,0,1
a59CxRmacZQ,Bhagvad Gita lecture by Sri Siddheshwar Swamiji - Series I (Part -1),,47:01,public,6/23/2021,,55.180259361086314,344327,3.8K,138,0,0,1,1
kvzGAcFWRn8,The story of how young Siddhartha became the great Buddha - Narrated by Sri Siddheshwar Swamiji,,20:28,public,6/22/2021,,50.36730170307654,113246,1.7K,58,0,0,-,1
XALGyDkKxh8,What is permanent and what is temporary in our lives? Talk by Sri Siddheshwar Swamiji,,24:50,public,6/20/2021,,63.79431218789043,2519613,26K,602,0,0,-,1
ByZ3zVQGBS8,What kind of dreams do we have? Interesting talk by Sri Siddheshwar Swamiji,,11:58,public,6/18/2021,,44.841129906156475,31587,504,20,0,0,-,1
gWBsp8RYbeg,What must we do in order to lead pleasant lives? - Informative talk by Sri Siddheshwar Swamiji,,10:59,public,6/17/2021,,45.933222599639485,40653,674,23,0,0,-,1
C0iEMryThyA,What is the nature of seeing God? Important talk by Sri Siddheshwar Swamiji,,08:26,public,6/15/2021,,45.345984580113544,35495,528,26,0,0,-,1
ct2AMyAEJ0I,Is this world an illusion? Knowledgeable talk by Sri Siddheshwar Swamiji,,10:39,public,6/13/2021,,45.01147596502079,32855,550,23,0,0,-,1
SSshky44wc8,What is the whole world really caught up in? Important talk by Sri Siddheshwar Swamiji,,13:15,public,6/12/2021,,46.205438493412885,43292,712,25,0,0,-,1
Jqy2TVWEy4o,This is what happens when one feels jealous - By Sri Siddheshwar Swamiji,,17:45,public,6/10/2021,,58.94403505255882,821563,8.6K,186,0,0,-,1
fn1wH2Sx8dc,How did a farmer become a Jnani in a minute? Listen to Sri Siddheshwar Swamiji’s talk to know!,,13:20,public,6/8/2021,,48.090578823864064,66922,1K,37,0,0,-,1
GmPerd-Eu7I,The frivolities of all humans - Wisdomous talk by Sri Siddheshwar Swamiji,,17:48,public,6/6/2021,,45.44793149548149,36341,642,28,0,0,-,1
XTKLzsm_B04,It is important to have the company of these to overcome the misery of life- Sri Siddheshwar Swamiji,,12:06,public,6/4/2021,,50.45645793591696,115603,1.6K,45,0,0,-,1
IMhZwkiHahY,How can we accept death? What is the knowledge required to understand it? By Sri Siddheshwar Swamiji,,07:48,public,6/2/2021,,51.32575713363451,141318,1.8K,65,0,0,-,1
8o4QWY9RPps,How should we keep our mind to attain a state of peace - Soothing talk by Sri Siddheshwar Swamiji,,13:00,public,5/31/2021,,51.40631626626356,143973,1.9K,58,0,0,-,1
MX4uDaVw3Jc,The 2 most important things to be in everyone’s life - By Sri Siddheshwar Swamij,,13:54,public,5/29/2021,,50.04951847609593,105229,1.2K,49,0,0,-,1
fGGGLCcRZEY,"O Man, you’re drowned in your own world! Sri Siddheshwar Swamiji warns us about our attachments.",,14:16,public,5/27/2021,,45.6767520936876,38314,599,26,0,0,-,1
_my4Kj-nLPE,Know what happens when desire turns into infatuation - Talk by Sri Siddheshwar Swamiji,,15:04,public,5/26/2021,,51.57985413476574,149863,1.7K,41,0,0,-,1
FNwwMx_94tA,How to reduce the feelings of me and mine? Enlightening Talk by Sri Siddheshwar Swamiji,,10:23,public,5/24/2021,,44.76594109820632,31043,484,23,0,0,-,1
QwFr3v-lJ7U,"To achieve anything in life, these 4 things are necessary- Important talk by Sri Siddheshwar Swamiji",,11:05,public,5/22/2021,,44.045856343377714,26285,496,20,0,0,-,1
Yp8n6Un7BXU,Sankara Jayanti - Story of an ordinary man opening the eyes of Sankara - Sri Siddheshwar Swamiji,,13:01,public,5/20/2021,,51.22791006052053,138159,2.4K,127,0,0,-,1
pLoS07FDiuU,Learn from our sages on how to pray for the whole world? Talk by Sri Siddheshwar Swamiji,,14:37,public,5/18/2021,,48.30013890856159,70242,1K,57,0,0,-,1
bPl6VzYm6kE,4 steps to attain the ultimate peace in your life - Soothing talk by Sri Siddheshwar Swamiji,,09:42,public,5/17/2021,,43.945409811184156,25682,448,21,0,0,-,1
5cvsLo_yLIo,The two fruits of Samsaara. Must listen talk from Sri Siddheshwar Swamiji,,12:53,public,5/15/2021,,45.798712563679636,39409,647,28,0,0,-,1
3cxPsmXTCsw,Basava Jayanti special: Sri Siddheshwar Swamiji's Pravachan on Lord Basaveshwara,Pravachana recorded at Basavana Bagewadi.,45:46,public,5/14/2021,,50.9410547754227,129299,1.7K,84,0,5,-,1
7bbttul6GLk,How should we maintain and take care of our body? A very important talk by Sri Siddheshwar Swamiji,,16:07,public,5/12/2021,,52.664463445810036,192543,2.4K,87,0,0,-,1
6yz9joAPokM,How to be happy and contended with whatever we already possess? By Sri Siddheshwar Swamiji,,15:09,public,5/10/2021,,49.07919721465639,84095,1.1K,45,0,0,-,1
Qj4DZvXMOqI,What is Dharma and what is Adharma? Very deep talk by Sri Siddheshwar Swamiji,,09:03,public,5/8/2021,,45.51763412168985,36931,719,32,0,0,-,2
JqZOCpl2jyo,Atman is at the centre of everything - Spiritual talk by Sri Siddheshwar Swamiji,,17:12,public,5/7/2021,,36.9454486867689,5096,138,8,0,0,-,2
6vEBxDiCFPg,What is state of mind required to achieve the goals of our life? Talk by Sri Siddheshwar Swamiji,,15:10,public,5/5/2021,,52.846522532232825,200815,2.9K,87,0,0,-,1
GmzTcsftCIY,Namanaanjali (108 Shiva Naamaavali) Chanting - Antima Satya Namaha Shivaya,"Namanaanjali (Antima Satya Chanting)  Written by Pujya Sri Kumar Nijaguna Swamiji, Chilakwadi  Music Direction by Sr N.S. Prasad  Singers: Smt. M.D Roopa Sri. Nitin Rajaram Shastri Kum. Bharati Kum. Bhanumati  Special thanks to Jagadguru Sri Veerasimhasana Mahasamsthana Matha, Suttur",11:42,public,5/5/2021,,67.68585991273858,6191911,23K,1.4K,0,39,-,0
bIdYL9PY5wc,What can go wrong with hatred? Please listen to Sri Siddheshwar Swamiji’s advice on this.,,11:03,public,5/3/2021,,47.97801855056739,65204,1K,28,0,0,-,1
O9ab_6wryB0,Why do we often have setbacks in our life? Eye-opening talk by Sri Siddheshwar Swamiji,,15:19,public,5/2/2021,,62.93495412364597,2065870,23K,392,0,0,-,1
XSljicU-x8E,How to stay away from the bad habit of worrying always? Empowering talk by Sri Siddheshwar Swamiji.,,19:39,public,4/30/2021,,65.3717709519091,3627616,38K,723,0,0,-,1
Lm87UVvkz1w,O' Man know how much strength is present within you - Inspiring talk by Sri Siddheshwar Swamiji,,13:37,public,4/28/2021,,59.95484059972347,1037692,12K,276,0,0,-,1
YH6Prr9m7sE,Sri Siddheshwar Swamiji talks about the purpose and reason behind why we have come to this world!,#SiddheshwarSwamiji #KannadaMotivational #KannadaPravachana,16:00,public,4/26/2021,,54.677175686238286,306542,3.4K,85,0,3,-,1
Oy2Mr70BlFQ,What can we achieve by using the strengths of our mind? Empowering talk by Sri Siddheshwar Swamiji,,12:33,public,4/23/2021,,43.96860414058366,25820,467,22,0,0,-,1
akEss_uAQLM,What have we achieved in all our life? Inspirational talk by Sri Siddheshwar Swamiji,,13:40,public,4/21/2021,,50.2882750210332,111197,1.4K,37,0,0,-,1
xHAWLtKdTxQ,What does it take to lead a wonderful life? Listen to this wisdomous talk by Sri Siddheshwar Swamiji,,18:53,public,4/19/2021,,48.22850522958916,69089,954,38,0,0,-,1
Rl--7I1UcXM,What are the reasons for which we cry all our life? Eye-opening talk by Sri Siddheshwar Swamiji,,17:26,public,4/17/2021,,48.745172661019595,77849,1.1K,41,0,0,-,1
8SgfKr-amSI,It’s more important to rise up than falling down - Inspirational talk by Sri Siddheshwar Swamiji,,10:47,public,4/16/2021,"KannadaMotivational, KannadaPravachana, SiddheshwarSwamiji",53.796453901250814,250101,2.9K,73,0,0,-,1
9UCeSJHe7AY,Beauty and wealth do not last forever - Watchful talk by Sri Siddheshwar Swamiji,,12:41,public,4/14/2021,,52.877083727507056,202238,2.3K,81,0,0,-,1
E4ZjPTheaIk,ಯುಗಾದಿಯ ವಿಶೇಷ - Sri Siddheshwar Swamiji's blessings and wishes on the occasion of Ugadi,,09:14,public,4/13/2021,,46.784110974520345,49485,986,39,0,0,-,2
TIVoPzS5eOo,Where can we find the real pleasure in our life? Illuminating talk by Sri Siddheshwar Swamiji,,18:35,public,4/12/2021,,56.52710628015842,470022,4.5K,117,0,0,-,0
sSTMnKHhotI,One must not depend too much on the others - Talk by Sri Siddheshwar Swamiji,,14:59,public,4/10/2021,,56.38300960570368,454631,5.5K,135,0,0,-,1
BQYSAMfO3CY,What are those things that have to be protected in our life? Talk by Sri Siddheshwar Swamiji,,19:36,public,4/6/2021,,49.776144553796854,98788,1.1K,40,0,0,-,1
qN8xGeJwtaI,What happens when we get caught in bad company? Listen to Sri Siddheshwar Swamiji's take on this.,,14:30,public,4/4/2021,"SiddheshwarSwamiji, KannadaPravachana, KannadaMotivational",44.43367246210998,28749,516,17,0,0,-,1
O0gN1xbqKo4,I should live well and I should certainly help others to live well as well - Sri Siddheshwar Swamiji,,12:19,public,4/2/2021,"SiddheshwarSwamiji, KannadaPravachana, KannadaMotivational",47.70083159156813,61159,867,33,0,0,-,1
Nsyw_5DwLEU,What are those things that end up ruining our life? Talk by Sri Siddheshwar Swamiji,,13:22,public,3/31/2021,"SiddheshwarSwamiji, KannadaPravachana, KannadaMotivational",50.66223309765955,121232,1.4K,35,0,0,-,1
j32ecMyI6iE,Every single moment is very important in our life - Sri Siddheshwar Swamiji,,13:46,public,3/29/2021,"SiddheshwarSwamiji, KannadaPravachana, KannadaMotivational",55.01270891875585,331252,3.6K,93,0,0,-,1
nN8h69r-5Wc,How to overcome excess attachment and infatuation - Talk by Sri Siddheshwar Swamiji,Please like and follow the official page of Jnanayogashrama here: https://m.facebook.com/jnanayogashrama/,06:31,public,3/27/2021,"SiddheshwarSwamiji, KannadaPravachana, KannadaMotivational",46.86992990157416,50476,785,29,1,11,-,1
a_XMKMtoon8,Man should build his life in this manner - Talk by Sri Siddheshwar Swamiji,,11:37,public,3/26/2021,"SiddheshwarSwamiji, KannadaPravachana, KannadaMotivational, SiddheshwarSwamiji, KannadaPravachana, KannadaMotivational",47.92525998948254,64414,952,29,0,0,-,1
igejzISOo_c,"The whole world is ruined for sake of wealth, desires and land - Talk by Sri Siddheshwar Swamiji",,18:46,public,3/24/2021,"SiddheshwarSwamiji, KannadaPravachana, KannadaMotivational",46.70814287856689,48624,761,28,0,0,-,1
lSfluoIZsPs,What must one do to achieve contentment in life? Talk by Sri Siddheshwar Swamiji,,17:38,public,3/22/2021,"SiddheshwarSwamiji, KannadaPravachana, KannadaMotivational",54.14403953332533,271015,2.9K,98,0,0,-,1
tsSzq7NF7ws,What happens when we take decisions in a hurry - Two stories on this by Sri Siddheshwar Swamiji,#SiddheshwarSwamijj #KannadaPravachanas #KannadaMotivational,13:57,public,3/21/2021,"SiddheshwarSwamiji, KannadaPravachana, SiddheshwarSwamiji, KannadaPravachana",53.44006599887672,230332,2.5K,63,0,3,-,1
vp9QQZFOCyo,The story of how a young man became a monk - Narrated by Sri Siddheshwar Swamiji,#KannadaPravachana #SiddheshwarSwamiji #KannadaMotivational,17:06,public,3/19/2021,"#SiddheshwarSwamiji, KannadaPravachana, #SiddheshwarSwamiji, KannadaPravachana, #SiddheshwarSwamiji, KannadaPravachana, #SiddheshwarSwamiji, KannadaPravachana, #SiddheshwarSwamiji, KannadaPravachana, #SiddheshwarSwamiji, KannadaPravachana, #SiddheshwarSwamiji, KannadaPravachana, #SiddheshwarSwamiji, KannadaPravachana, #SiddheshwarSwamiji, KannadaPravachana, #SiddheshwarSwamiji, KannadaPravachana, #SiddheshwarSwamiji, KannadaPravachana, #SiddheshwarSwamiji, KannadaPravachana, #SiddheshwarSwamiji, KannadaPravachana",48.851598244030185,79787,1.1K,48,0,3,-,1
sZs2B9I8erg,How does one achieve the target set in life? Inspiring Talk by Pujya Sri Siddheshwar Swamiji,#KannadaMotivational #SiddheshwarSwamiji #KannadaPravachana,14:12,public,3/17/2021,"SiddheshwarSwamiji, KannadaPravachana, KannadaMotivational",49.434697279363746,91294,1.3K,36,0,3,-,1
1hSPwd6hkks,Can we learn to be content with what we have? - Fulfilling talk by Sri Siddheshwar Swamiji,#SiddheshwarSwamiji #KannadaPravachana #KannadaMotivational,11:48,public,3/14/2021,"SiddheshwarSwamiji, KannadaPravachana",54.99444358669402,329857,3.6K,106,0,3,-,1
IENeIO1Cx14,What happens if there is excess ego in us? Listen to Sri Siddheshwar Swamiji's explanation on it.,#SiddheshwarSwamiji #KannadaPravachana,15:48,public,3/12/2021,"SiddheshwarSwamiji, KannadaPravachana, SiddheshwarSwamiji, KannadaPravachana",60.25021593132185,1110983,11K,285,0,2,-,1
uNQ0NxcdVSw,How to achieve what we have set out do in our life? Inspiring message by Sri Siddheshwar Swamiji.,#SiddheshwarSwamiji #KannadaPravachan,15:57,public,3/10/2021,"SiddheshwarSwamiji, KannadaPravachana",53.86982612048381,254377,3.7K,134,0,2,-,1
pXxn_qPcf-M,ರೋಗಿಗೆ ಹಾಲು ಸಿಹಿಯಪ್ಪುದೆ? Talk by Sri Siddheshwar Swamiji,#KannadaPravachana #SiddeshwarSwamiji,13:22,public,3/8/2021,"SiddheshwarSwamiji, KannadaPravachana",45.032370980008594,33014,483,23,0,2,-,1
jtstIkAg4Jk,Sangha helps to alleviate misery in life - By Sri Siddheshwar Swamiji,#SiddeshwaraSwamiji #KannadaPravachana,11:12,public,3/6/2021,"KannadaPravachana, SiddheshwarSwamiji, Adhyaatma",52.99079939036984,207622,2.2K,57,0,2,-,1
EDL4I6ap6P4,One must cultivate a vision in the work that they undertake -- By Sri Siddheshwar Swamiji,#KannadaPravachana #SiddeshwarSwamiji,10:05,public,3/5/2021,,49.38947141757454,90345,1.2K,30,0,2,-,1
esCxHdyZ90Q,ಎಷ್ಟು ಓದುವೆ ಸ್ವಲ್ಪ ಸುಖವು ಬೇಡವೇ? - Illuminating talk by Sri Siddheshwar Swamiji,#SiddeshwarSwamiji #KannadaPravachanas,17:20,public,3/3/2021,,54.38546335769715,286562,3.4K,73,0,2,-,1
iBltWa8uMOM,This whole world is Maya - Sri Siddheshwar Swamiji explains on the nature of this world.,#SiddeshwarSwamiji #KannadaPravachana,14:58,public,3/1/2021,,54.84449982805286,318625,3.2K,92,0,2,-,1
CPY9gp8Ffvk,Those who rule or govern should definitely listen to this talk by Sri Siddheshwar Swamiji,#Dharma #KannadaPravachana #SiddeshwarSwamiji,18:29,public,2/28/2021,,53.294809096380376,222730,2.3K,56,0,3,-,1
ffNIQBqbPK0,Is life all about fighting? Listen to Sri Siddheshwar Swamiji talk about Allama's Vachana on this!,#SiddeshwarSwamiji #Allamaprabhu #KannadaPravachana,12:42,public,2/26/2021,,53.95499074867108,259432,3K,78,0,3,-,1
wiAmk-b7mIY,When the ‘I' and 'mine' quietens down - that itself is renunciation - Sri Siddheshwar Swamiji,,12:25,public,2/24/2021,,45.00158470196047,32780,517,25,0,0,-,1
d-H_TOjbXbc,What ever becomes empty gets filled and what gets filled becomes empty - Sri Siddheshwar Swamiji,#KannadaPravachana #SiddeshwarSwamiji,11:09,public,2/22/2021,,57.63762452011805,607507,5.7K,132,0,2,-,0
WoIAmetZJ2w,How to play this instrument called life? Listen to this soothing talk by Sri Siddheshwar Swamiji.,#SiddheshwarSwamiji #KannadaPravachanas,16:37,public,2/21/2021,,44.47681435932122,29037,347,19,0,2,-,1
e_E1mvGwfS8,There are latent powers hidden in the mind - Revealing talk by Sri Siddheshwar Swamiji,#SiddheshwarSwamiji #KannnadaPravachana,10:40,public,2/19/2021,,49.53923959803609,93526,1.5K,55,0,2,-,1
VkQlrc8CSko,The importance and practice of Omkara and Namasmarana explained by Sri Siddheshwar Swamiji,#SiddheshwarSwamiji #KannadaPravachana #Adhyatma #Dharma,09:04,public,2/17/2021,,48.608093361440496,75422,1.2K,48,0,4,-,1
jLkE3OC91Ow,Why pay heed to the talks of the town - An interesting talk by Sri Siddheshwar Swamiji,,10:30,public,2/15/2021,,57.96104652857629,654643,8.1K,182,0,0,-,1
9dwtaslpdkA,How does one overcome the suffering of Samsara? By Pujya Sri Siddheshwar Swamiji,,14:43,public,2/14/2021,,50.36451085756532,113173,1.3K,38,0,0,-,1
cVYUObVnK8Y,The mind is like a pot full of holes - Insightful talk by Sri Siddheshwar Swamiji,#SiddheshwarSwamiji #KannadaPravachana #Adhyamta #Dharma,14:18,public,2/12/2021,,54.87908107432438,321181,3.4K,85,0,4,-,1
-UwZ4q9c6zc,"""We are all caught up in our own worlds"" - Liberating talk by Sri Siddheshwar Swamiji",,12:40,public,2/10/2021,,48.53231701282246,74113,972,42,0,0,-,1
tWhVWXL25N8,Real pleasure is attained only by working sincerely and honestly - Sri Siddheshwar Swamiji,#KannadaPravachana #Dharma #SiddeshwarSwamiji,11:38,public,2/9/2021,,53.90053012498676,256188,2.5K,55,0,3,-,0
2P-fY9lIBss,The story of how Tulasidas became a great Saint - Narrated by Sri Siddheshwar Swamiji,#SiddeshwarSwamiji #KannadaPravachana #Adhyatma #Dharma,10:44,public,2/8/2021,,47.28722398109574,55585,895,26,0,4,-,1
JMPI5rb1reo,"If we forget the wisdom of the Wise, life tends to fall apart - Sri Siddheshwar Swamiji's wise words",#KannadaPravachana #Dharma #SiddheshwarSwamiji,17:46,public,2/7/2021,,58.3332977376038,713440,6.2K,153,0,3,-,0
9JSPg8BSQLU,How to take out our mental weakness - A very Important talk by Pujya Sri Siddheshwar Swamiji,#Dharma #KannadaPravachana,14:23,public,2/5/2021,,54.988889801618534,329434,4.4K,120,0,2,-,1
jyt2qEnoyWo,Mind is the instrument that points us to the 'right' path - Dharmic talk by Sri Siddheshwar Swamiji,,12:26,public,2/3/2021,,51.8675711538543,160164,1.8K,45,0,0,-,1
kRM52XC8gkE,"""Life can be very unstable and unsteady"" - An eye-opening story narrated by Sri Siddheshwar Swamiji.",,10:25,public,2/1/2021,,48.481387064854374,73246,928,32,0,0,-,1
htoBPj1XEGU,Earn to live. Don't live to earn. Insightful talk by Pujya Sri Siddheshwar Swamiji.,#SiddeshwarSwamiji #Kayaka #KarmaYoga #dharma  BOOKS ARE  AVAILABLE IN ONLINE (AMEZON & WEBSITE) LINKS ARE  GIVEN BELOW WEBSITE  - https://www.jnanayogashrama.org AMAZON - https://amzn.eu/d/cJtQoa3,15:01,public,1/31/2021,,65.73438334070741,3944637,39K,653,2,22,-,1
DAWx9mKEiu4,The four forms of suffering that are experienced by us in our life - Talk by Sri Siddheshwar Swamiji,#KannadaPravachana #SiddeshwarSwamiji #Dharma,18:03,public,1/29/2021,,57.67167988379518,612306,6.4K,147,0,3,-,1
dAqh7rRyNQ4,The secret to lead a peaceful and joyous married life -- By Sri Siddheshwar Swamiji,#SiddeshwarSwamiji #Kannadapravachana,09:37,public,1/27/2021,,59.436216904793916,920509,10K,237,0,2,-,1
SIaruoBLnBw,Is it right to eat without breaking a sweat? Listen to Sri Siddheshwar Swamiji's talk on Karma Yoga.,#SiddeshwarSwamiji #KannadaPravachana #Dharma #Karmayoga,11:06,public,1/25/2021,,52.886938337500894,202699,2.2K,58,0,4,-,1
9bul9_jOm8s,The Story of a Strange mind - Narrated by Sri Siddheshwar Swamiji,#SiddeshwarSwamiji #KannadaPravachana #Dharma,14:42,public,1/24/2021,,59.645640602550614,966145,9.6K,221,0,3,-,1
wGmjR0UNnQs,I'm not who I think I am! Then who am I? Most enlightening talk by Sri Siddeshwar Swamiji,#WhoAmI #SiddeshwarSwamiji #KannadaPravachana #Dharma,21:15,public,1/22/2021,,58.02577461464591,664507,6.5K,215,0,4,-,1
cUoUN5I1v5U,“Surender even the feeling of surrender” - Enlightening story narrated by Sri Siddheshwar Swamiji,#KannadaPravachana #SiddeshwarSwamiji #Dharma #MotivationalTalk,12:39,public,1/20/2021,,50.262783589542,110544,1.6K,49,0,4,-,1
eGqj2UwZwyY,3 Steps to Achieve Success - Sri Siddheshwar Swamiji's formula for Students and Youth.,#SiddeshwarSwamiji #KannadaPravachana #KannadaMotivational,09:22,public,1/18/2021,,54.38937339382663,286821,5K,122,0,3,-,1
IXkCd3h7oKA,How to achieve the goal of our life? The story of Napolean narrated by Sri Siddheshwar Swamiji,#SiddeshwarSwamiji #KannadaPravachana #Dharma #MotivationalTalk #KannadaMotivational,08:53,public,1/16/2021,,51.80776363820388,157966,3K,68,0,5,-,0
mMy1f7RpJas,5 Attractions that everyone stumbles upon during their lives - By Sri Siddheshwar Swamiji,#Dharma #SiddeshwarSwamiji #KannadaPravachana,14:38,public,1/14/2021,,54.4290881790523,289465,3.6K,91,0,3,-,1
yL40fFYXFp0,Kena Upanishad Pravachan - Part 3 by Pujya Sri Siddheshwar Swamiji (Kannada),#SiddeshwarSwamiji #KannadaPravachana #Upanishads #Dharma,12:14,public,1/14/2021,,43.560566852243824,23497,401,23,0,4,-,1
RuhZRfCzEz8,What is Atman or Soul? Listen to this beautiful explanation by Sri Siddheshwar Swamiji.,#SiddeshwarSwamiji #KannadaPravachana #Atman #Dharma The Pravachan is an excerpt taken from the series of Pravachans held at Karatagi in 2014,12:35,public,1/12/2021,,51.77936768922226,156933,2.3K,100,0,20,-,1
8ySl8ohEIYU,Constant discontentment can ruin the richness of Life - Excerpt from Sri Siddheshwar Swamiji's talk.,#Dharma #KannadaPravachana #SiddeshwarSwamiji This is an excerpt from the Pravachan series held at Kodekalli in 2013,06:50,public,1/10/2021,,44.69523732505264,30540,518,27,0,16,-,1
webn15hpWS0,Our life rests on the ability to lead an active lifestyle - Talk by Pujya Sri Siddheshwar Swamiji,#SiddeshwarSwamiji #Dharma #KannadaPravachanas,11:24,public,1/9/2021,,48.41535541737667,72137,1K,29,-,-,-,1
xJClL7n-CDk,The Youth of our country should dream like this - Sri Siddheshwar Swamiji's message to young people.,#SiddeshwarSwamiji #MotivationalTalk #KannadaPravachana,05:02,public,1/8/2021,,48.25834646089969,69567,1.5K,32,-,-,-,2
bJlf3IKW3RA,Kena Upanishad Pravachan - Part 2 by Pujya Sri Siddheshwar Swamiji (Kannada),#SiddeshwarSwamiji #KannadaPravachana #Upanishads #Dharma,14:59,public,1/7/2021,,44.239700414172006,27489,496,28,-,-,-,1
nyIMebw_mLs,Sri Siddheshwar Swamiji eloquently narrates the conversation between Yajnavalkya and Maitreyi.,#Yajnavalkya #SiddeshwarSwamiji #Dharma #KannadaPravachana This Pravachan is an excerpt from the series of Pravachans held at Karatagi in 2014.,14:19,public,1/6/2021,,44.75603078044538,30972,595,32,0,19,-,2
MPx_sPSApFE,How to stop the wavering mind? Listen to Sri Siddheshwar Swamiji's talks on the nature of the mind.,#Dharma #KannadaPravachana #SiddeshwarSwamiji,15:47,public,1/5/2021,,58.07603085979192,672268,9.5K,233,0,3,-,1
NYZoHK9Sd2c,Story of how King Bhartruhari became a Jnani (Self-Realized) - Narrated by Sri Siddheshwar Swamiji,"#Dharma #SiddeshwarSwamiji #KannadaPravachana This is an excerpt from the Pravachans held in Kodekalli, Karnataka in 2013.",13:30,public,1/4/2021,,51.56133117677777,149223,1.8K,46,0,16,-,1
ZcpzU5QoKz4,The Goal of our life is to become Universal - Both in Values and Being - By Sri Siddheshwar Swamiji.,"#SiddeshwarSwamiji #Spirituality #Aurobindo This video is an excerpt from the #NitiShastra series that was held in Jnanayogashrama, Vijayapur on 10-06-17.",12:57,public,1/3/2021,,43.189613667290864,21567,330,25,0,20,-,1
pTrAkXzdfts,What is Karma Yoga? Pujya Sri Siddheshwar Swamiji's Pravachan in Vijayapur.,#SiddeshwarSwamiji #KannadaPravachana #Spirituality #Karmayoga,41:30,public,1/3/2021,,47.18304357189537,54263,735,32,0,4,-,1
Klim70QBPMQ,"""Dear God, please ensure there is always some pain in my life"" - Sri Siddheshwar Swamiji Pravachan","#Mahabharata #KuntiStory #Spirituality #SiddeshwarSwamiji #Dharma This video is an excerpt from the series 'Angave Bhumiyagi' that was held in Arsikere, Karnataka in the year 2012.",10:45,public,1/2/2021,,53.00628108101827,208366,2.5K,62,0,25,-,1
aD09BK3njIA,"All our life, we must be engaged in an active life - Kannada Pravachana by Sri Siddheshwar Swamiji",#KannadaPravachana #KarmaYoga #SiddeshwarSwamiji #Dharma,41:34,public,1/2/2021,,49.7004365450496,97075,1K,37,0,4,-,1
KdRaEjAT8GQ,What is Dharmic path and why should we follow it? Listen to Sri Siddheswar Swamiji's Pravachan on it,"#Dharma #KannadaPravachana #SiddeshwarSwamiji #Spirituality #Adhyatma This video is an excerpt from the #NitiShastra series that was held in Jnanayogashrama, Vijayapur in the year 2017.",12:15,public,1/1/2021,,46.95147249950686,51436,779,29,0,24,-,1
vgrdCAD2h5s,ಇದ ಕಂಡು ಕೇಳಿ ನೀನೇತಕೆ ಇಚ್ಛಿಸುವೆ ಎಲೆ ಹುಚ್ಚು ಮನವೆ? by Sri Siddheshwar Swamiji 01-01-2021,#KannadaPravachana #SiddeshwarSwamiji #Adhyaatma #Vachanagalu,44:10,public,1/1/2021,,51.76760297892673,156507,1.6K,69,0,4,0,1
gv1dd_2jRoE,Kena Upanishad Pravachan - Part 1 by Pujya Sri Siddheshwar Swamiji (Kannada),,36:15,public,12/31/2020,,50.21732443358839,109389,1.2K,55,0,0,-,1
0ZuV2YOUPgg,ಮಾತೆಂಬುದು ಜ್ಯೋತಿರ್ಲಿಂಗ ಭಾಗ-2 | Kannada Pravachana by Sri Siddheshwar Swamiji in Vijayapur 31-12-2020,,42:09,public,12/31/2020,,46.998838470020786,52002,666,40,0,0,-,1
Zbtukaci_DY,How to increase your Self-confidence? Listen to this Motivational talk by Sri Siddheshwar Swamiji.,#KannadaPravachana #MotivationalSpeech #SiddeshwarSwamiji #SelfConfidence This video is an excerpt from the Paramashanti series.,19:10,public,12/30/2020,,54.90553339815799,323150,4K,84,0,13,-,1
Bn0NWmNFGiI,Is there a limit to our desires? Pujya Sri Siddheshwar Swamiji explains about the nature of desire.,"#NitiShastra #Adhyatma #Spirituality #SiddeshwarSwamiji This video is an excerpt from the #NitiShastra series that was held in Jnanayogashrama, Vijayapur in the year 2017.",14:24,public,12/29/2020,,49.30285843919222,88555,1.1K,37,0,23,-,1
hWpyzmo7FVM,How to live in this world of diversity? By Pujya Sri Siddheshwar Swamiji.,,13:48,public,12/28/2020,,41.6237915772049,15020,246,12,0,0,-,1
1boCiwTaToY,Our mind is like a bottomless pot - The story of a barber - Narrated by Sri Siddheshwar Swamiji,#Spirituality #KannadaPravachana #Adhyaatma This video is an excerpt from the Angave Bhumiyagi series that was held in Arsikere in the year 2012.,13:49,public,12/27/2020,,51.52544974850469,147991,1.7K,65,0,22,-,1
SFHtfuLBQLs,How to be happy and blissful every single day? Listen to Sri Siddheshwar Swamji's advice about it.,#Adhyatma #SiddheshwarSwamiji #KannadaPravachana #Dharma #Sharana #Vachana This video is an excerpt from the Angave Bhumiyagi series that was held in Arsikere in the year 2012.,14:28,public,12/26/2020,,58.056958064540524,669312,7.3K,238,0,25,-,1
DU6N7p-GmmI,How to lead a devotional life as per Sharana Urilingapeddi? - Narrated by Sri Siddheshwar Swamiji.,#Sharanas #Vachanas #SiddeshwarSwamiji #KannadaPravachana,06:28,public,12/25/2020,,42.84926505907201,19936,267,17,0,4,-,1
BzmMMj8KnLQ,Kena Upanishad Pravachan - Introduction by Pujya Sri Siddheshwar Swamiji (Kannada),#Upanishad #KenaUpanishad #SiddeshwarSwamiji,34:52,public,12/24/2020,,49.35542023386968,89637,1K,51,0,3,-,1
_qypamy-ODw,What is to be done with your earnings? Save it or spend it? Sri Siddheshwar Swamiji explains here.,"#SiddeshwarSwamiji #Dharma #Spirituality #KannadaPravachana This video is an excerpt from the #NitiShastra series that was held in Jnanayogashrama, Vijayapur in the year 2017.",12:33,public,12/23/2020,,54.45257376761654,291040,2.9K,101,0,23,-,1
ePdZbnaG-E4,Pujya Sri Siddheshwar Swamiji succintly explains 'What is Self-Knowledge',#Atman #Soul #SelfKnowledge #Awareness #Consciousness #Advaita #SelfRealization,07:21,public,12/22/2020,,42.429910461779706,18095,315,23,0,7,-,1
20PkdabZdt4,Pujya Sri Siddheshwar Swamiji talks on the importance of food and narrates the story of King Midas.,#SiddeshwarSwamiji #Spirituality #MidasTouch,11:52,public,12/21/2020,,49.43706704098554,91344,1.2K,38,0,3,-,1
flZ8ExdqyP8,What is Bayala Yoga? Sri Siddheshwar Swamiji talks about Allamaprabhu and explains this unique Yoga,#SiddeshwarSwamiji #Allamaprabhu #Yoga #Bayalu #Advaita,21:11,public,12/20/2020,,53.229750086735024,219407,3.1K,142,0,5,-,1
LzD7l8VuOwc,Pujya Sri Siddheshwar Swamiji talks about the greatness of Sharane Muktayakka,#Vachanas #Sharana #SiddeshwarSwamiji #muktayakka,10:32,public,12/19/2020,,48.59360815015475,75170,973,32,0,4,-,1
3xVrWpHbDqM,What is the nature of pleasure? Explained by Pujya Sri Siddheshwar Swamiji,#SiddeshwarSwamiji #Spirituality #Meditation #Yoga,12:48,public,12/18/2020,,50.28531588608114,111121,1.3K,49,0,4,-,1
kBMoSnxlmRs,Sri Siddheshwar Swamiji's Pravachan on Narada Bhakti Sutra - Kannada (Part -6),#SiddeshwarSwamiji #NaradaBhaktiSutras #KannadaPravachans,42:33,public,12/17/2020,,46.931230424465014,51196,676,29,0,3,-,1
SOhHtoAckKk,What are the limitations to Freedom? Listen to what Sri Siddheshwar Swamiji has to say on it.,#IndianSpirituality #Dharma #SiddeshwarSwamiji #KannadaPravachans,11:25,public,12/15/2020,,40.27604115429847,11001,153,11,0,4,-,1
KdOCvElTpOg,Pujya Sri Siddheshwar Swamiji's Pravachana on 'The ideals of a family life',,12:22,public,12/14/2020,,50.92499121440188,128820,1.4K,70,0,0,-,1
lD5az9JoUIU,'This world is God's festival' - Sri Siddheshwar Swamiji on Rabindranath Tagore,,14:07,public,12/13/2020,,49.494864812959705,92572,1.1K,45,0,0,-,1
AoGNpLCUetU,Sri Siddheshwar Swamiji chanting Saha navavatu ಪೂಜ್ಯ ಸಿದ್ಧೇಶ್ವರ ಸ್ವಾಮಿಜಿಯವರಿಂದ ಸಹನಾವವತು ಮಂತ್ರ ಬೋಧನೆ,,00:39,public,12/12/2020,,36.5219681224996,4621,109,5,0,0,-,2
ut5c1zveeek,Sri Siddheshwar Swamiji's Pravachan on 'what is Bhaavayoga'?,,17:54,public,12/12/2020,,49.738080411355966,97923,1.1K,54,0,0,-,1
Uj22Q_ZIil0,Pujya Sri Siddheswar Swamiji's Pravachan on 'A Mother's prayer',,08:55,public,12/11/2020,,52.69950015957468,194108,2K,66,0,0,-,1
JShTIJNVmyM,Pujya Sri Siddheshwar Swamiji on 'How to give up the attachment to material things?',,14:53,public,12/10/2020,,49.19407651577802,86357,1K,33,0,0,-,1
qNYzGYrcX9Y,What do we mean by fulfilled life? - Sri Siddheshwar Swamiji Pravachan,,13:25,public,12/9/2020,,45.531324125111084,37048,330,17,0,0,-,0
QrVIcl6l0o0,Why do we come to this world? - Sri Siddheshwar Swamiji Pravachan,#SiddeshwarSwamiji #Spirituality #Adhyatma,10:45,public,12/8/2020,,59.5519523804092,945456,8.3K,230,0,3,-,0
V7PBuCiuzW8,Two types of life - Story of a frog and a bumblebee as told by Pujya Sri Siddheshwar Swamiji,,14:03,public,12/7/2020,,46.839641786651846,50124,601,30,0,0,-,1
pQfqKBdkixo,Sri Siddheshwar Swamiji's Pravachan on Narada Bhakti Sutra - Kannada (Part -5),,47:41,public,12/6/2020,,47.87939467176541,63735,790,43,0,0,-,1
uzZehIKdaeY,Change is inevitable in this world - By Pujya Sri Siddheshwar Swamiji,,12:28,public,12/5/2020,,45.272446190260794,34897,562,35,0,0,-,1
OILSwJhsC7s,Who Am I? (Naanu Yaaru) by Sri Siddheshwar Swamiji,,12:07,public,12/4/2020,,50.020506960435,104526,1.4K,60,0,0,-,1
UYomqt0si_M,Why do we fail to become Self Realized? An excerpt from Sri Siddheshwar Swamiji's lecture (Kannada).,,09:33,public,12/3/2020,,49.832901431100304,100092,1.2K,36,0,0,-,1
PS_RtxvIEoE,Sri Siddheshwar Swamiji explains about Knowledge and its relationship with Guru. (Kannada),,07:05,public,12/2/2020,,45.32189646490339,35298,457,18,0,0,-,1
hWpPxz7_3k8,Viveka - The Power of Discrimination - Succintly explained by Sri Siddheshwar Swamiji (English),,04:47,public,12/1/2020,,36.70265603471541,4818,109,8,-,-,-,2
ov3JbssPePM,How should a person work in this world? As explained by Pujya Sri Siddheshwar Swamiji. (Kannada),,12:14,public,11/30/2020,,48.5918804865874,75140,901,35,-,-,-,1
3XLVhxYg1RY,Pujya Sri Siddheshwar Swamiji briefly explains 'What is Spirituality?' (Kannada Pravachan),,05:48,public,11/29/2020,,48.75971433027921,78111,1.1K,49,-,-,-,1
9JN3QoPe4Vo,Sri Siddheshwar Swamiji's Pravachan on Narada Bhakti Sutra - In Kannada (Part - 4),,48:11,public,11/28/2020,,50.36225392695928,113114,1K,49,-,-,-,0
OGNyZbO-reA,The story of an old lady and a businessman as narrated by Sri Siddheshwar Swamiji (Kannada),,06:58,public,11/28/2020,,54.916315058080286,323956,3.6K,104,-,-,-,1
fys3YW8fBqQ,What is 'Real' Wealth? by Sri Siddheshwar Swamiji (English Pravachan),,11:30,public,11/26/2020,,48.2231143978441,69003,1.2K,43,-,-,-,1
SFQAIYepHAA,The Nature of 'Change' by Pujya Sri Siddheshwar Swamiji (English Pravachan),What is the nature of change? What changes in our life? What changes in nature? What remains unchanged?,05:57,public,11/26/2020,,41.37409924408501,14178,296,9,-,-,-,2
W4sIBtQzeOE,Sri Siddheshwar Swamiji's Pravachan on Narada Bhakti Sutra - Kannada (Part -3),#NaradaBhaktiSutras #SiddeshwarSwamiji #KannadaPravachana,47:33,public,11/22/2020,,54.047910992495055,265062,2.3K,67,-,-,-,0
wwMF88sKVI0,Sri Siddheshwar Swamiji's Pravachan on Narada Bhakti Sutra - Kannada (Part -2),#NaradaBhaktiSutra #SiddeshwarSwamiji #KannadaPravachana,46:12,public,11/22/2020,,48.47754452828049,73181,851,49,-,-,-,1
fuYS6HTBgQ4,Sri Siddheshwar Swamiji's Pravachan on Narada Bhakti Sutra - Kannada (Part -1),#NaradaBhaktiSutra #KannadaPravachana #SiddeshwarSwamiji,43:24,public,11/22/2020,,48.56437554076662,74664,981,41,-,-,-,1
JTUHs96a2tY,Sri Siddheshwar Swamiji's Pravachan on Patanjali Yogasutra - Kannada (Part 10),,42:55,public,11/22/2020,,45.713646436341044,38642,491,22,0,0,-,1
UkNnvNdLaSE,Sri Siddheshwar Swamiji's Pravachan on Patanjali Yogasutra - Kannada (Part 9),,42:48,public,11/22/2020,,46.731578297061134,48888,575,29,0,0,-,1
yuCQXr1VNV8,Sri Siddheshwar Swamiji's Pravachan on Patanjali Yogasutra - Kannada (Part 8),,44:31,public,11/22/2020,,47.46479883771463,57913,620,21,0,0,-,1
PRbgB9eBQL8,Sri Siddheshwar Swamiji's Pravachan on Patanjali Yogasutra - Kannada (Part 7),,37:57,public,11/22/2020,,45.580460578117794,37471,491,15,0,0,-,1
F15ZQOJhS-A,ಮಾತೆಂಬುದು ಜ್ಯೊತಿರ್ಲಿಂಗ - Sri Siddheshwara Swamiji Pravachana from 'Baduku Aradhane' series.,,10:42,public,11/22/2020,,45.99086004455457,41198,554,24,0,0,-,1
fPPM-lqHswE,ಸಾಕ್ರೇಟಿಸಿನ ಬಗ್ಗೆ ಒಂದು ಸಣ್ಣ ಕಥೆ. 'Socrates on criticism' as told by Sri Siddeshwar Swamiji (Kannada),,03:57,public,11/21/2020,,48.613541497985004,75517,1.3K,43,0,0,-,1
aSXQTs44beg,ದಿನವನ್ನು ಶುರು ಮಾಡುವುದು ಹೇಗೆ? How does one start the day? (Kannada) - Sri Siddheshwara Swamiji,,08:31,public,11/20/2020,,56.67973570123827,486893,6.6K,182,0,0,-,1
o5BscKpcIps,ಸತ್ಸಂಗದ ಮಹತ್ವ- ಶ್ರೀ ಸಿದ್ಧೇಶ್ವರ ಸ್ವಾಮಿಜಿ Sri Siddheshwar Swamiji on 'Importance of Satsang' (Kannada),"A man should know how to choose the right company in his life. If he does not have a choice regarding his surrounding, he must learn from a flower as to how he should bloom into something beatiful despite questionable surroundings.  This clip has been taken Shri Siddeshwar Swamiji's lecture serier 'Baduku Aradhane' which was delivered in Bailahongal, Belagavi district in the year 2012.",13:07,public,11/19/2020,,44.046514932814475,26289,360,19,0,64,-,1
Gs8Dia7RrVQ,Pujya Shri Siddheshwar Swamiji Pravachana on Patanjali Yogasutra (Part -6) Kannada,,44:48,public,11/18/2020,,47.46038726888507,57854,710,37,0,0,-,1
_8DuewsY55c,ಪರಮ ಪೂಜ್ಯ ಶ್ರೀ ಬಸವಲಿಂಗ ಮಹಾಸ್ವಾಮಿಗಳ ಪ್ರವಚನ - Video 4,ಶ್ರಾವಣಮಾಸದ ಪ್ರವಚನಗಳು - 2020,55:14,public,8/7/2020,,34.1104274384862,2647,40,2,0,4,-,1
m0SLNNjcwK4,ಪರಮ ಪೂಜ್ಯ ಶ್ರೀ ಬಸವಲಿಂಗ ಮಹಾಸ್ವಾಮಿಗಳ ಪ್ರವಚನ - Video 3,ಶ್ರಾವಣಮಾಸದ ಪ್ರವಚನಗಳು - 2020,50:41,public,8/5/2020,,31.76051936388548,1538,36,0,-,-,-,2
IN-rGZcAZ6g,ಪರಮ ಪೂಜ್ಯ ಶ್ರೀ ಬಸವಲಿಂಗ ಮಹಾಸ್ವಾಮಿಗಳ ಪ್ರವಚನ - Video 2,ಶ್ರಾವಣ ಮಾಸದ ಪ್ರವಚನಗಳು - 2020,55:03,public,8/3/2020,,33.60637147149138,2356,37,1,-,-,-,1
pHxVorTl6FU,ಪರಮ ಪೂಜ್ಯ ಶ್ರೀ ಬಸವಲಿಂಗ ಮಹಾಸ್ವಾಮಿಗಳ ಪ್ರವಚನ - Video 1,ಶ್ರಾವಣ ಮಾಸದ ಪ್ರವಚನಗಳು - 2020,48:52,public,7/29/2020,,36.35682321817052,4448,91,7,-,-,-,2
j6qz-URidJw,Gurupornima Japayoga | Pranav mantap Pooja,,37:45,public,7/5/2020,,49.7404223173085,97976,965,55,-,-,-,1
a6D743F894g,Gurupornima Japayoga,,02:19:12,public,7/5/2020,,39.49330675819385,9181,276,9,-,-,-,2
N9kkGjFoEj0,Sri Siddheshwar Swamiji English discourse - Video 2,Sri Siddheshwar Swamiji English discourse - Video 2,49:18,public,7/4/2020,,43.39421153417425,22611,397,25,-,-,-,1
YJmrpRee5fA,ಪೂಜ್ಯ ಶ್ರೀ ಸಿದ್ಧೇಶ್ವರ ಮಹಾಸ್ವಾಮೀಜಿಯವರ ಕಠೋಪನಿಷತ್ತು ಪ್ರವಚನಗಳು - Kannada Video 3,ಪೂಜ್ಯ ಶ್ರೀ ಸಿದ್ಧೇಶ್ವರ ಮಹಾಸ್ವಾಮೀಜಿಯವರ ಕಠೋಪನಿಷತ್ತು ಪ್ರವಚನಗಳು - Kannada Video 3,41:18,public,7/3/2020,,48.70680875203986,77162,942,42,-,-,-,1
Fs8QUEP2kOE,"ಮನೆ ಮನೆಯಲ್ಲಿ ಗುರುಪೂರ್ಣಿಮೆ, ಮನೆ ಮನೆಯಲ್ಲಿ ಜಪಯೋಗ","ಮನೆ ಮನೆಯಲ್ಲಿ ಗುರುಪೂರ್ಣಿಮೆ, ಮನೆ ಮನೆಯಲ್ಲಿ ಜಪಯೋಗ ಎಲ್ಲ ಸದ್ಭಕ್ತರು ಗುರುಪೂರ್ಣಿಮೆ ಮತ್ತು ಜಪಯೋಗವನ್ನು ತಮ್ಮ ತಮ್ಮ ಮನೆಯಲ್ಲಿಯೇ ಆಚರಿಸಬೇಕಾಗಿ ವಿನಂತಿ. ಜಪಯೋಗವನ್ನು ಇದೇ YOUTUBE CHANNEL ನಲ್ಲಿ ನೇರ ಪ್ರಸಾರ ಮಾಡಲಾಗುವುದು.",01:09,public,7/2/2020,,33.504135804672266,2301,99,0,-,-,-,2
XrFjHxF_nYA,ಪೂಜ್ಯ ಶ್ರೀ ಸಿದ್ಧೇಶ್ವರ ಮಹಾಸ್ವಾಮೀಜಿಯವರ ಕಠೋಪನಿಷತ್ತು ಪ್ರವಚನಗಳು - Kannada Video 2,ಪೂಜ್ಯ ಶ್ರೀ ಸಿದ್ಧೇಶ್ವರ ಮಹಾಸ್ವಾಮೀಜಿಯವರ ಕಠೋಪನಿಷತ್ತು ಪ್ರವಚನಗಳು - Kannada Video 2,42:19,public,7/2/2020,,46.65449398032076,48025,673,25,-,-,-,1
cDHt2VUTzsk,"ಮನೆ ಮನೆಯಲ್ಲಿ ಗುರುಪೂರ್ಣಿಮೆ, ಮನೆ ಮನೆಯಲ್ಲಿ ಜಪಯೋಗ","ಮನೆ ಮನೆಯಲ್ಲಿ ಗುರುಪೂರ್ಣಿಮೆ, ಮನೆ ಮನೆಯಲ್ಲಿ ಜಪಯೋಗ LOCK DOWN ಇರುವದರಿಂದ ಎಲ್ಲ ಸದ್ಭಕ್ತರು ಗುರುಪೂರ್ಣಿಮೆ ಮತ್ತು ಜಪಯೋಗವನ್ನು ತಮ್ಮ ತಮ್ಮ ಮನೆಯಲ್ಲಿಯೇ ಆಚರಿಸಬೇಕಾಗಿ ವಿನಂತಿ. ಜಪಯೋಗವನ್ನು ಇದೇ YOUTUBE CHANNEL ನಲ್ಲಿ ನೇರ ಪ್ರಸಾರ ಮಾಡಲಾಗುವುದು.",01:41,public,7/1/2020,,34.64502086302844,2995,95,0,-,-,-,2
anqlPkOtLqI,Shri Siddheshwar Swamiji's Pravachan on Katopanishad (Part - 1) - Kannada,ಪೂಜ್ಯ ಶ್ರೀ ಸಿದ್ಧೇಶ್ವರ ಮಹಾಸ್ವಾಮೀಜಿಯವರ ಕಠೋಪನಿಷತ್ತು ಪ್ರವಚನಗಳು - Kannada Video 1,45:45,public,7/1/2020,,50.24170740939585,110007,1.1K,62,0,10,-,-
2D-wHcS9qlI,Sri Siddheshwar Swamiji English discourse -  Video 1,Sri Siddheshwar Swamiji English discourse -  Video 1,35:47,public,6/28/2020,,47.32629072379757,56089,774,21,0,8,-,-
CG1xSocPQt8,Sri Siddheshwar Swamiji's discourse on Patanjali Yoga Sutra - Kannada Video 5,Sri Siddheshwar Swamiji's discourse on Patanjali Yoga Sutra - Kannada Video 5,58:49,public,6/21/2020,,53.98652311685581,261329,1.8K,78,0,12,-,-
nFiTNC8csBU,Sri Siddheshwar Swamiji's discourse on Patanjali Yoga Sutra - Kannada Video 4,Sri Siddheshwar Swamiji's discourse on Patanjali Yoga Sutra - Kannada Video 4,51:17,public,6/20/2020,,48.251248175551126,69453,745,32,0,12,-,-
aEByrr10cTA,Sri Siddheshwar Swamiji's discourse on Patanjali Yoga Sutra - Kannada Video 3,Sri Siddheshwar Swamiji's discourse on Patanjali Yoga Sutra - Kannada Video 3,43:37,public,6/18/2020,,47.41889362050207,57302,649,23,0,12,-,-
M5ILBsM2d2U,Sri Siddheshwar Swamiji's discourse on Patanjali Yoga Sutra - Kannada Video 2,Sri Siddheshwar Swamiji's discourse on Patanjali Yoga Sutra - Kannada Video 2,47:08,public,6/18/2020,,49.34836493745775,89491,966,35,0,12,-,-
o9b4KhKbd7M,Sri Siddheshwar Swamiji's discourse on Patanjali Yoga Sutra - Kannada Video1,Sri Siddheshwar Swamiji's discourse on Patanjali Yoga Sutra - Kannada Video 1,50:45,public,6/16/2020,,51.81906459235972,158379,1.7K,70,0,12,-,-